id,dc_name,date_added
RYKZ4w,bj15,2025-12-27
GneyaR,yizhuang-data-center,2025-12-27
wOvxrG,simon-house-(mcr2),2025-12-27
wODmoB,watkins-center-south,2025-12-27
RxZnZw,strasbourg,2025-12-27
bGzOMw,lunar-digital-1-and-2,2025-12-27
RpOxAB,chachoengsao-keppel,2025-12-27
B1Xz8w,atman-warsaw-3,2025-12-27
Gyk1EB,seeweb-frosinone-1,2025-12-27
BEW46G,lok-yang-campus,2025-12-27
RjPPnw,phoenix-data-center,2025-12-27
Ga7AXB,xai-colossus-2,2025-12-27
GDrjpB,ber2,2025-12-27
wo1JbR,qts-datacenters-cedar-rapids,2025-12-27
RYMV4R,ockelbo,2025-12-27
BqWY1G,atlanta-alpharetta,2025-12-27
BgJQKw,logix-austin,2025-12-27
GneAaR,bj18,2025-12-27
Rj0mEw,victor-hugo-dc-magyar-telekom,2025-12-27
RxZWow,romacineca,2025-12-27
BJgeeR,mad4,2025-12-27
wo1OlR,navalmoral-de-la-mata,2025-12-27
G6En4R,qts-datacenters-san-antonio-data-center,2025-12-27
GrXzoB,hcmc02-(creative-space),2025-12-27
RKlY4G,atecsys-data-center,2025-12-27
R0aK5G,val-de-reuil-2,2025-12-27
BEWpdG,milan-1-and-2,2025-12-27
GdJW7B,lf9,2025-12-27
B1pJ8w,nkg1,2025-12-27
wV6n7w,prime-data-centers-dfw01-01,2025-12-27
R4kJgB,ashburn-va7,2025-12-27
yGl7gR,digital-realty-dfw17,2025-12-27
GmXMvR,dc1-and-dc2---katowice--gospodarcza,2025-12-27
Vw5VaB,aruba-it-it3-bergamo,2025-12-27
R0mJgG,mapletree-industrial-3300-essex-drive,2025-12-27
R8VW4w,lf10,2025-12-27
ARNK8G,africa-data-centres-cpt1,2025-12-27
lR879B,digital-realty-dfw35,2025-12-27
BA3ymG,khazna-auh6,2025-12-27
Bb000G,langfang-gu'an-data-center-(pkx2),2025-12-27
GdANNw,kajaani_xtx,2025-12-27
wVq6VG,novartis-fort-worth,2025-12-27
wVMOxG,dub55,2025-12-27
BX6kDG,microsoft-lyle-creek,2025-12-27
B1AnVB,lf5,2025-12-27
R8JaVw,1547-critical-systems-realty-chase-tower-mctx1,2025-12-27
BELOdw,lunar-digital-3,2025-12-27
GyYLOG,samx-fauquier-county,2025-12-27
RjPg8w,iad55,2025-12-27
RvYrOB,a1-leonding,2025-12-27
GZqMLR,dxb2-khazna,2025-12-27
BPLVKB,european-quantum-data-center,2025-12-27
RK8xDG,du-kizad,2025-12-27
wOQ0kR,dimension-data-johannesburg-1,2025-12-27
wV66Ow,ec51-ho-chi-minh-city,2025-12-27
B13vVG,villamayor-de-gállego,2025-12-27
G32nlR,sto01b,2025-12-27
G3pVkw,databank-den1-englewood,2025-12-27
RxnWKw,den-bosch,2025-12-27
wod41B,data-center-liguria-digitale,2025-12-27
weX2VG,cloudhq-dc-6,2025-12-27
RvXYrw,project-west,2025-12-27
Gm61Lw,lien-chieu,2025-12-27
B1prVw,viettel-hoa-lac-data-center,2025-12-27
Gl49VG,sequitor-edge-llc-kearney-tech-one-crossing,2025-12-27
G32XlR,wester-hermiston-ai-data-centre-campus,2025-12-27
RN9PYB,china-unicom-(huailai)-big-data-innovation-industrial-park,2025-12-27
Bb8YkG,duos-edge-ai-pampa-energy-center,2025-12-27
Gamx6G,os2x,2025-12-27
9RYLdB,equinix-sv3,2025-12-27
G32LYR,university-data-center-,2025-12-27
BgV7mw,lidice-2,2025-12-27
woW8lw,lahti,2025-12-27
RvXDaw,osaka-data-centre-capitaland,2025-12-27
R8LXZR,osl04-campus,2025-12-27
G32kYR,cyberjaya-dc2,2025-12-27
Gz3kVw,microsoft-plano,2025-12-27
B1pbVw,phillips,2025-12-27
Rj09zw,h5-herndon-data-center,2025-12-27
Gl44gG,hmc,2025-12-27
R8VxVw,dk1-skanderborg,2025-12-27
GLjkAB,prime-sacramento-campus-,2025-12-27
8Rv0aw,equinix-sv4,2025-12-27
Rj00Nw,beacon-ai-hub-heartland-ai-hub,2025-12-27
w9q6pw,calvano-development-wichita-falls,2025-12-27
wVqKKG,keskikylä,2025-12-27
RYq1OR,apple-phoenix-data-center,2025-12-27
Gy5pEG,emc-hostco-muc-i,2025-12-27
GrljKB,münchenstein-(basel)-2,2025-12-27
GlP4zG,data-foundry-houston-1,2025-12-27
wVnLKw,vantage-data-centers-az2,2025-12-27
B1Xm3w,crane-data-centers-portland-metro-data-center-campus,2025-12-27
B1jEQR,cielo-gaffney,2025-12-27
RNQXlB,digital-realty-cph3,2025-12-27
RKv6eB,campus-griswold-site-2,2025-12-27
R4Dg8R,jk-technology-park-2,2025-12-27
B1QvxB,coresite-la2,2025-12-27
8Rv1AB,aligned-dallas-campus,2025-12-27
BE8xow,sv11,2025-12-27
Grll7B,beacon-ai-centers-saunders-lake-ai-hub,2025-12-27
Gy4kVR,chandragiri,2025-12-27
we833G,athens-campus-serverfarm,2025-12-27
gB7xPR,equinix-sv8,2025-12-27
RxPV4R,bilbao--,2025-12-27
B7VKbw,hoa-lac-data-centre-2,2025-12-27
Gy4YLR,dulles-design-center,2025-12-27
Gz75Mw,sao-paulo-1-1,2025-12-27
GDLloG,mulberry-place-town-hall-and-lighterman-house,2025-12-27
B1XxMw,dreammark-incheon-idc,2025-12-27
woWnKw,mwh03-1,2025-12-27
R88KWR,salalah,2025-12-27
RKv22B,khazna-auh4,2025-12-27
8Rv3NG,ebrc-rcs-kayl,2025-12-27
R8Q7ZG,liepkalnis-data-center-baltneta,2025-12-27
RKaA4w,coresite-la1,2025-12-27
Gm4NJR,sydney-,2025-12-27
BPdAbB,milan-ntt,2025-12-27
RpZlqw,muc1,2025-12-27
kGakYB,digital-realty-dfw36,2025-12-27
RpY5mG,data-logistics-center-dc-j13,2025-12-27
4RKKzR,equinix-ma3,2025-12-27
GL2nNB,markley-group-one-summer-street,2025-12-27
R0WbjB,bcn01,2025-12-27
YBg4OR,400-holger-way,2025-12-27
jBE36G,equinix-da3,2025-12-27
RpO7DB,lwsa,2025-12-27
wOD1QB,ne-edge-gouldsboro-data-center,2025-12-27
EG6EbR,pulsant-sheffield,2025-12-27
w5VA8B,hickman-property,2025-12-27
R4DYoR,kajaani_google,2025-12-27
GDKJDR,mountain-road-technology-park,2025-12-27
GdroNB,venice,2025-12-27
BPJMdG,netdoor-jxn,2025-12-27
Bg510G,undisclosed-van-wert,2025-12-27
B7V5bw,augsburg-1-data-center,2025-12-27
BgV64w,alcala-dc2,2025-12-27
wVnmxw,opendc-pe2,2025-12-27
Grl91B,lendaidc,2025-12-27
RjWJMG,banesco-dc,2025-12-27
BXZqNG,plessis-robinson,2025-12-27
G6nl3G,idaho-national-laboratory-collaborative-computing-center,2025-12-27
DR403R,dub-20,2025-12-27
RKlqDG,trento,2025-12-27
BXJ7MG,advanced-computing-centre,2025-12-27
R2JLDR,richmond-data-center-campus,2025-12-27
BPJV4G,paterna,2025-12-27
wOLvAB,centro-tecnológico-caracas,2025-12-27
woWbxw,cyrusone-wood-dale-(chi6),2025-12-27
R889WR,dcii-h1-campus,2025-12-27
3RxQ4G,stt-hyderabad-dc1,2025-12-27
GdY18w,bridge-data-centres-my02,2025-12-27
GneNOR,bolzano,2025-12-27
Gl4rPG,yangju-data-centre,2025-12-27
RQ63pG,bessemer,2025-12-27
RKaEew,amsterdam-1-and-2,2025-12-27
w5Aeaw,vint-hill-corners,2025-12-27
gB7vQw,mid-west-data-depot-south-bend---monroe,2025-12-27
BqvJ7R,vantage-new-albany,2025-12-27
GzZdjG,bahnhof-pionen,2025-12-27
pGDgoR,interxion-a-digital-realty-company-par4,2025-12-27
B7Vaew,waw1-switch,2025-12-27
GD9Obw,t-systems-t-center,2025-12-27
wMrYnB,almaty-2,2025-12-27
GdJabB,valencia,2025-12-27
Rj0lJw,macquarie-park-campus-2,2025-12-27
bBX6JG,edgeconnex-edcsli01,2025-12-27
RxnYdw,lf20-21,2025-12-27
RjxLMw,jakarta-3-data-center,2025-12-27
w9qMKw,dcx-usa-gyr1,2025-12-27
BAgA6G,crusoe-laramie-county-data-center,2025-12-27
GmXAmR,bahnhof-thule,2025-12-27
R8mz4G,damac-cyberjaya,2025-12-27
Bg02xR,scb-new-data-center,2025-12-27
w9LeQG,bt-global-services-milano,2025-12-27
dGWAEB,lee02,2025-12-27
wM2AnB,cs3andcs4,2025-12-27
wo16XR,nostrum-evergreen,2025-12-27
GLv54B,qts-new-albany-1,2025-12-27
RNQ3ZB,apcc2,2025-12-27
R0mKDG,expedient-north-mountain,2025-12-27
GlJNnB,rackspace-nyc2,2025-12-27
G3MgyB,iad73,2025-12-27
R88OPR,brooklyn-campus-(bk3-5),2025-12-27
GaZl9w,ntt-global-data-centers-cyberjaya-4-annex,2025-12-27
R88L4R,adatpark-gyor-magyar-telekom,2025-12-27
BPbVVG,jk5,2025-12-27
wM2P4B,ams-campus,2025-12-27
RKv5DB,google-new-albany,2025-12-27
w5VE0B,teesworks-data-centre,2025-12-27
RYMb4R,damac-johor,2025-12-27
GnXmKB,qts-datacenters-jersey-city-data-center,2025-12-27
wo1deR,salasala-data-center,2025-12-27
R2ZEeR,changhua-data-center-campus,2025-12-27
w5WV8R,murcia,2025-12-27
wVnNVw,cologix-van6,2025-12-27
GdYyqw,equinix-sy5,2025-12-27
RNanYB,compass-meridian,2025-12-27
Gdd8DG,strateq-dc-1-(pj),2025-12-27
wVA0QG,lumen-technologies-hamburg-suederstrasse,2025-12-27
GWnP3R,atlas-agro-richland-campus,2025-12-27
we8ZNG,ntt-mesa-data-campus,2025-12-27
R8883R,beacon-ai-centers-chestermere-enterprise-ai-hub,2025-12-27
Gdd24G,lhr19-(cloud-house),2025-12-27
Rv43Yw,amazon-warrenton,2025-12-27
BgJk4w,mel81---kinloch-ct,2025-12-27
GlWygR,lf16,2025-12-27
wOL3gB,fra-03-,2025-12-27
GrZJXG,iad13,2025-12-27
dGZWow,aligned-phoenix-01and02and03and05,2025-12-27
Grj5oG,estruxture-van-3,2025-12-27
GrvM1G,syd1-greensquaredc,2025-12-27
G6noNG,atlas-project-sassy,2025-12-27
GDKenR,oakland-university-253-pioneer-dr,2025-12-27
woQgxR,sl2x,2025-12-27
RKL3zG,dc-01,2025-12-27
GkYM5B,bj12,2025-12-27
RKllZG,athena,2025-12-27
RKv85B,dci-sel01,2025-12-27
GLPyzG,equinix-ld11x,2025-12-27
BJPbWG,project-timbuktu,2025-12-27
R4DaoR,stack-jhb01,2025-12-27
dGWavB,mb1,2025-12-27
w9D42G,hexatoff-data-centre,2025-12-27
pGDz5B,h5-data-centers-chandler,2025-12-27
GrXo1B,swe01,2025-12-27
BPdZVB,mel1-greensquaredc,2025-12-27
R8VWMw,bj13,2025-12-27
GDKKzR,beacon-ai-centers-harry-smith-ai-hub,2025-12-27
dGZ2nG,nva4,2025-12-27
wVn6Qw,dar-es-salaam-data-center,2025-12-27
RYNJNG,port-dickson,2025-12-27
B1XK8w,nashville-franklin,2025-12-27
GneMaR,bj2,2025-12-27
RKv3qB,microsoft-ginger-west,2025-12-27
GmKbJB,inap-phoenix-data-center,2025-12-27
R0lZnR,western-hospitality-partners-project-lincoln:-oc-data-center,2025-12-27
BJLmZG,aws-vasteras,2025-12-27
BALXmw,basildon,2025-12-27
we8N9G,jib-1,2025-12-27
G3MNXB,nttsv1,2025-12-27
R2JZgR,gossau,2025-12-27
R4k0gB,microsoft-hebronandunion-township,2025-12-27
GrvW7G,berlin-3,2025-12-27
G33zXG,databank-atl1,2025-12-27
R8JxMw,bellingham,2025-12-27
B1XDew,ashburn-va6,2025-12-27
R8JeDw,flexential-nashville-brentwood,2025-12-27
w9DxEG,milan1-virtus,2025-12-27
RKlnVG,kobe-dc,2025-12-27
GZNrdG,interxion-a-digital-realty-company-par1,2025-12-27
RjPxnw,mba2,2025-12-27
RNQmoB,par01,2025-12-27
RKvj2B,tan-binh,2025-12-27
BAggOG,craigieburn,2025-12-27
R8myVG,edged-new-albany,2025-12-27
GDoneR,flexential-nashville-cool-springs,2025-12-27
G3VLWR,rj1takoda,2025-12-27
GWnp0R,nebius-data-center,2025-12-27
GdzzqB,project-spalding,2025-12-27
BPdJ4B,national-data-center-,2025-12-27
Gk4PWw,bonvillars-data-centre,2025-12-27
w5XD7G,interxion-a-digital-realty-company-zur2,2025-12-27
Gama2G,shinsaibashi-data-center-iij,2025-12-27
BXpnNB,syd3,2025-12-27
qB1q6B,t5-charlotte,2025-12-27
GnKKyw,new-albany-4-(miller),2025-12-27
BA3WPG,paypal-data-center-,2025-12-27
Gm6Dgw,microsoft-la-porte,2025-12-27
R0lXQR,mel2,2025-12-27
GamdLG,databanksv1,2025-12-27
BbnKjB,sao-paulo-2,2025-12-27
wVn2xw,bakki-data-center,2025-12-27
GrV4rG,sbch-data-centre,2025-12-27
GLDLbG,blueprint-data-centers-georgetown,2025-12-27
Gk4xWw,federal-government-data-centre-kano-,2025-12-27
RQZ0pG,omiya-center,2025-12-27
ARN7oG,iron-mountain-azs-1,2025-12-27
RjxZNw,datahaven,2025-12-27
mGr8XB,interxion-a-digital-realty-company-par2,2025-12-27
B1AY6B,2045-and-2055-lafayette-street,2025-12-27
BAgpxG,tract-peru-ridge,2025-12-27
G6bVxG,interxion-a-digital-realty-company-zur3,2025-12-27
we8ODG,sgk-ankara,2025-12-27
Bg0dQR,toyosaki-building,2025-12-27
wMm45w,osaka-(kix1),2025-12-27
RYNyNG,isando-campus---jb7,2025-12-27
GD9bpw,st3-amunategui-data-center,2025-12-27
BE1ojB,sarihyun-dong-data-centre,2025-12-27
B7Q1QG,st-leonards,2025-12-27
GlXMxG,dc-infra-2-glenmarie,2025-12-27
BAyvPB,coresite-sv2,2025-12-27
BPL9yB,sp02,2025-12-27
Gz4zdB,shinmachi-no--1-building,2025-12-27
R0aLKG,amazon-web-services-dub53,2025-12-27
wo1kXR,sgbl-beirut,2025-12-27
RQ6n9G,luzern,2025-12-27
BAylOB,lumen-technologies-atlanta-6,2025-12-27
wM2qqB,elsham-wolds,2025-12-27
mGrbgG,ascendas-the-chess-building,2025-12-27
Rpqk3G,hopone-dca2,2025-12-27
Vw55gw,iron-mountain-nje-1,2025-12-27
RNa8lB,cole-valley-data-centre,2025-12-27
BqgY0G,blueprint-data-centers-taylor,2025-12-27
nR2nWR,edgeconnex-edcslc01,2025-12-27
RK8DeG,west-yorkshire,2025-12-27
Gmxk5R,conapto-stockholm-4-south,2025-12-27
DGn0KB,equinix-bg1,2025-12-27
yGlDrG,sv1,2025-12-27
GnK0Qw,beyon-data-oasis,2025-12-27
Gnolaw,redcentric-data-centres-gatwick,2025-12-27
Gno9Vw,bt-global-services-dublin-citywest-(site-1),2025-12-27
BE8LXw,horndal,2025-12-27
Bqv7lR,iron-mountain-richmond--virginia,2025-12-27
BPbbbG,sp4-sgrutb04,2025-12-27
Rv44Mw,airoli-campus-(nav2),2025-12-27
B72Vvw,nva05,2025-12-27
R8VmMw,staffanstorp,2025-12-27
RxP4oR,seax-global-data-centre-campus,2025-12-27
BXZnjG,meta-stanton-springs-campus-2,2025-12-27
GlJgrB,qts-atlanta-dc1,2025-12-27
G3MJPB,yizhuang-kexin-cloud-computing-center,2025-12-27
BJV3oB,85-10th-avenue,2025-12-27
GWMyvB,queretaro2,2025-12-27
Rp7xqB,flexential-salt-lake-city-fair-park,2025-12-27
GyYryG,microsoft-grand-rapids,2025-12-27
R8JQvw,kajaani,2025-12-27
RpOnmB,tract-south-valley,2025-12-27
GWnNZR,røyrvik,2025-12-27
GaZYmw,scbd-jakarta,2025-12-27
w9D3QG,capital-region-readiness-center,2025-12-27
woQ6kR,neidc-khurais-riyadh,2025-12-27
wMrknB,spartanburg,2025-12-27
GLDPQG,t-systems-switzerland,2025-12-27
mGroXw,equinix-sv15,2025-12-27
GWn1bR,kenwick-road-campus,2025-12-27
R0l2MR,idaho-national-laboratory-cybercore-integration-center,2025-12-27
wVMAKG,pa|1,2025-12-27
B1pY4w,london-west,2025-12-27
BXJ4VG,data-centre-germany-south,2025-12-27
WRQMaR,iron-mountain-wpa-1,2025-12-27
R4oKXB,nusadatacenter-nusanet,2025-12-27
BA7lyG,sna1,2025-12-27
w5Aq8w,hawk,2025-12-27
BPdNdB,vélizy-villacoublay,2025-12-27
we8vDG,hellandsbygd-data-center,2025-12-27
w5VWqB,arlandastad,2025-12-27
RvX2qw,elite-uk-reit-peel-park,2025-12-27
R8VYDw,iwasaki-computer-center,2025-12-27
GkY35B,neucentrix-medan,2025-12-27
GlXx7G,claro-triara-bogota,2025-12-27
GZZvvG,edged-energy-slc01-1,2025-12-27
BPbOkG,sfr-netcenter-strasbourg,2025-12-27
pGD54w,digital-realty-2805-lafayette-street,2025-12-27
GmXQgR,ags-saitama-idc,2025-12-27
8Rv9qB,equinix-sk2,2025-12-27
Rv4Pgw,neucentrix-pekanbaru,2025-12-27
BJPeeG,tract-virginia-highlands,2025-12-27
G6aK4R,bucharest-1-portland-trust,2025-12-27
weXv4G,data-center-ikeja,2025-12-27
jBEzLR,scaleway-dc4,2025-12-27
BE9xyB,bordeaux-netcenter,2025-12-27
GDK7DR,vsc-4-and-vsc-5,2025-12-27
RjxMzw,chennai-campus-,2025-12-27
qB17MG,digital-realty-365-main-street,2025-12-27
Gkx10w,colocation-northwest-redmond,2025-12-27
Rxn9aw,datavita-dv2,2025-12-27
GyYYbG,brightray-my01,2025-12-27
RNn4dR,ascenty-hortolândia-3,2025-12-27
GLPjQG,databank-atl2-atlanta-west-end,2025-12-27
RQLQ6B,1401-main-st,2025-12-27
zwO5rR,digital-realty-3105-alfred-street,2025-12-27
GaAJ9G,claro-triara-ortezal,2025-12-27
BAgE6G,musica,2025-12-27
GL2YZB,santiago-1,2025-12-27
BXpZWB,neucentrix-batuampar,2025-12-27
RjJkzR,databank-atl3-atlanta-west-end,2025-12-27
RjPoEw,information-technology-operation-center,2025-12-27
Bb8L6G,dc-it,2025-12-27
GDr55B,china-unicom-southwest-data-center,2025-12-27
BbA3kw,claro-triara-alkarawi,2025-12-27
wM2LzB,mougins,2025-12-27
RpOOpB,munbong-data-centre,2025-12-27
RK804G,cornelius-house,2025-12-27
GnK9Qw,st-marx,2025-12-27
RpOODB,eems-dc2,2025-12-27
B7EmPG,kix14,2025-12-27
Rx9boG,talktalk-milton-keynes-data-centre,2025-12-27
GDLZbG,sota-f25-datacentre,2025-12-27
BPLZKB,neucentrix-surabaya-jawa-timur,2025-12-27
RQnO5G,china-telecom-lujiazui-idc-room,2025-12-27
RpOg5B,alfanar-spark,2025-12-27
B13kQG,sp11-sgrutb11,2025-12-27
GZZ79G,mapletree-1001-windward-concourse,2025-12-27
RKLaDG,alfanar-modon-dammam,2025-12-27
w9DjeG,bell-hillside-ai-centre,2025-12-27
GyZPyw,neucentrix-kotabaru,2025-12-27
R4ZmXw,tsys-knaresborough,2025-12-27
RjJ6zR,datacenter-ijsselstein,2025-12-27
BJPPoG,siksa-dong,2025-12-27
Gm4VjR,amazon-quantum-frederick,2025-12-27
BA3LmG,tampere,2025-12-27
BgqXzG,idc-dogok-1-centre,2025-12-27
BJr4NB,centra-701-east-trade-st,2025-12-27
woQKxR,data-center-victoria-island,2025-12-27
RKlX4G,yinghai-cloud-data-center,2025-12-27
RKLL5G,neucentrix-cirebon,2025-12-27
rGkj5R,equinix-am2,2025-12-27
B1jbVR,neuchâtel,2025-12-27
GLj2eB,new-taipei-banqiao-idc,2025-12-27
GWMaDB,ikeja-campus,2025-12-27
G3226R,kix15,2025-12-27
B1jQeR,remal-district,2025-12-27
GnXgaB,kt-gangnam-idc,2025-12-27
Gk4qqw,vienna-south-,2025-12-27
BqgX6G,gi-partners-22262-cloud-plaza,2025-12-27
B1jjyR,neucentrix-pugeran-jogjakarta,2025-12-27
wOLykB,ccic-kunshan-data-centre,2025-12-27
BgqyKG,equinix-ld7-29,2025-12-27
wODpoB,alfanar-al-fauzan-industrial-city,2025-12-27
GDLXDG,guadalajara-triara,2025-12-27
R0WV5B,saitama-shintoshin-urban-center,2025-12-27
wo11xR,project-gravity,2025-12-27
Gz7gdw,oppidan-investment-company-albuquerque,2025-12-27
GWnabR,alinma-bank-data-center,2025-12-27
RYN13G,bell-canada-merritt,2025-12-27
Rv4law,carlstadt-data-center,2025-12-27
R2ryDR,fayetteville,2025-12-27
BXp5VB,cn11-a-and-chinanorth-h05-headquarters-base-phase-i,2025-12-27
weJj6B,parque-tecnologico-de-asturias,2025-12-27
GW6A5R,sfr-netcenter-val-de-reuil,2025-12-27
mG3VAR,iomart-dc5-maidenhead,2025-12-27
GdzOOB,tierpoint-seattle-data-center,2025-12-27
weXozG,osaka-7,2025-12-27
B7EoLG,university-data-center,2025-12-27
Rpg83B,piscataway-data-center,2025-12-27
BPdpyB,utajärvi,2025-12-27
wOLogB,8730-green-ridge-dr,2025-12-27
GD9oow,clayton,2025-12-27
Gm4XvR,vantage-nv1-campus,2025-12-27
QwVPbR,equinix-me4,2025-12-27
wVnnow,syd01-stack,2025-12-27
RYyM3R,data-zone,2025-12-27
gweDDG,saint-etienne,2025-12-27
RKL95G,open-origin-presidio-data-center,2025-12-27
BE143B,vizag-ai-data-centre,2025-12-27
woQEXR,guangqumen-engineering-bureau-data-center,2025-12-27
RKl32G,vihaan-idc,2025-12-27
RKL8DG,copt-iowa,2025-12-27
GnXgvB,lg-cns-incheon-centre,2025-12-27
BE11oB,kimley-horn-project-bunkhouse,2025-12-27
BA3xeG,a1,2025-12-27
PBPMdR,hetzner-online-datacenter-park-nuremberg,2025-12-27
lR8DDR,zurich,2025-12-27
G6nrdG,brake,2025-12-27
Gz4EoB,data4-warsaw-campus,2025-12-27
w9LXgG,globalconnectandip-only-satra,2025-12-27
GaAa3G,cologix-col-6,2025-12-27
BXJJNG,gregory-road-data-center,2025-12-27
RN9pLB,shonan-center,2025-12-27
Bg0lQR,yongin-global-cloud-centre,2025-12-27
GZZpdG,stockholm-5-north-conapto,2025-12-27
R4Zlgw,digital-realty-ams16,2025-12-27
Gl4XxG,sailfish-investors-comanche-circle,2025-12-27
G3pPAw,noida-2-delhi,2025-12-27
Bgq0xG,p2,2025-12-27
wOpokB,lg-cns-gasan-centre,2025-12-27
GamN2G,bredband2-marinen,2025-12-27
RpO0LB,cato,2025-12-27
GWnnDR,conway,2025-12-27
wMmJ5w,china-mobile-west-china-cloud-computing-center,2025-12-27
wOD9ZB,datapark,2025-12-27
Bb8n6G,melbourne-1-south-morang,2025-12-27
BXJydG,kitee,2025-12-27
Rx9yaG,iron-mountain-lon-2,2025-12-27
B1pe4w,noida-dc1,2025-12-27
BJrgWB,tieto-evry-espoo,2025-12-27
bBX2jG,iad2---22860-international-drive,2025-12-27
w5zAYB,digital-realty-va4,2025-12-27
GZ1mnR,opti9-ny1,2025-12-27
RYMP4R,athens-campus-drt,2025-12-27
R2naLR,makuhari-data-center,2025-12-27
yGlVnB,charlotte-data-center,2025-12-27
GrvOoG,glomfjord,2025-12-27
GnKNgw,monarch-ai-data-center-system,2025-12-27
RvP5gw,rdc,2025-12-27
R0W0gB,lumen-santa-clara,2025-12-27
w5A9Yw,mil05-stack,2025-12-27
wV6zOw,cyrus-one-col1,2025-12-27
dGW05w,estruxture-mtl-2,2025-12-27
B7QXPG,switch-datacenters-ams4,2025-12-27
RjxAEw,gds-jsc-thang-long-data-center,2025-12-27
R4DJAR,mbuya-data-center,2025-12-27
R4DOPR,lkq-nashville-headquarters,2025-12-27
qBJyzw,-bangalore-1---electronic-city,2025-12-27
BPJ4yG,112-n-myers-st,2025-12-27
RpOdLB,canal-side-ai-data-centre,2025-12-27
XRjvER,equinix-db3,2025-12-27
GmXrDR,kao-slough,2025-12-27
w5VYEB,ams-1-goodman,2025-12-27
B1ja6R,esbjerg-thylander,2025-12-27
wVnDpw,western-hospitality-partners-pekin,2025-12-27
B1jx8R,rufus,2025-12-27
RKlbDG,middletown-data-centre,2025-12-27
w9DO2G,alcala-dc3,2025-12-27
BPd2yB,aventus-data-centers-aventus-715,2025-12-27
R8JDMw,bengaluru-,2025-12-27
GlPkPG,125-n-myers-street,2025-12-27
RKL72G,aurelius,2025-12-27
G3VZxR,charlotte-south,2025-12-27
R4DD8R,athens-2-edgnex,2025-12-27
RvXAqw,datacenter-berlin,2025-12-27
w9DA7G,red-wolf-dcd-properties-llc-project-red-wolf,2025-12-27
GnqxoR,okuma-container-data-centre,2025-12-27
RQ3Nnw,technology-center,2025-12-27
BPvEbG,akademickie-centrum-komputerowe,2025-12-27
wMAdVw,alphacloud,2025-12-27
R8m4WG,microsoft-cherry-valley,2025-12-27
B1QryB,stellium-1,2025-12-27
RxZOdw,kawasaki,2025-12-27
BgqXmG,lg-cns-sangam-it-centre,2025-12-27
BqWXdG,nancy,2025-12-27
GrVgKG,project-eisenhower,2025-12-27
wMLdqG,waigaoqiao-data-centre,2025-12-27
GneVVR,365-data-herndon-data-center,2025-12-27
wML6qG,k2-data-centres-dub-2-5,2025-12-27
wo1KbR,westfield-data-center-campus,2025-12-27
R2L6Ww,a1-antonigasse,2025-12-27
RjPznw,data-center-ii,2025-12-27
G6aebR,amazon-web-services-luck-stone-quarry,2025-12-27
GWnqZR,murex-hq-and-data-center,2025-12-27
GZqn8R,55-marietta-st--,2025-12-27
R2Lobw,mil09-stack,2025-12-27
BJPa5G,va-10,2025-12-27
R4DM3R,aventus-data-centers-aventus-lakes,2025-12-27
bGzMVR,stt-chennai-dc2,2025-12-27
wOQxZR,oni-luton,2025-12-27
RxYvZG,hbs-data-center,2025-12-27
w5X9YG,sk-broadband-ilsan-centre,2025-12-27
GD9anw,mum2,2025-12-27
R4ZkAw,epz-tan-thuan-data-center,2025-12-27
BXNxVG,tm-bfdc,2025-12-27
Gk4dXw,waterloo-road-,2025-12-27
G3V76R,stt-gdc-qc2,2025-12-27
RYN7bG,little-rock-port,2025-12-27
Ga7rYB,cross-mill-center,2025-12-27
GyYaVG,chungbuk-cloud-data-centre,2025-12-27
BALdOw,samsung-sds-chuncheon-data-centre,2025-12-27
BqZMlR,kitaikebukuro-center,2025-12-27
wODbAB,business-park-falster,2025-12-27
GkpZXw,san-fernando,2025-12-27
Gl4xeG,talavera-de-la-reina,2025-12-27
GyY6yG,hanam-data-centre-1,2025-12-27
B1XAOw,chandivali-campus---mumbai-9,2025-12-27
B7oYbB,ovh-lon1,2025-12-27
RQ3Eew,macquarie-park-goodman,2025-12-27
RKax5w,bulk-infrastructure-dk01,2025-12-27
GzZDdG,pyeongchon-mega-centre,2025-12-27
w9DDQG,trammell-crow-company-white-oak-technology-park,2025-12-27
w5zeqB,dammam-1,2025-12-27
2Rp4rR,h5-data-centers-h5-san-luis-obispo,2025-12-27
BgVb0w,kepco-naju-integrated-ict-centre,2025-12-27
GLPV4G,chandivali-campus---mumbai-6-,2025-12-27
wOmkQR,porirua,2025-12-27
wo19gR,vienna-,2025-12-27
JGmqvG,equinix-sv10,2025-12-27
R8QpPG,phicomm-shanghai-songjiang-data-center,2025-12-27
G6bDgG,posco-chungju-cloud-data-centre,2025-12-27
G33A3G,rry10,2025-12-27
Gk44Nw,metrobloks-mia-mb01,2025-12-27
wOQjPR,bern-wankdorf,2025-12-27
RjPAnw,tama-idc,2025-12-27
RxZQow,ōtemachi,2025-12-27
w5AxYw,hanam-data-centre-2,2025-12-27
w9DE0G,mutundwe-data-center,2025-12-27
Gk4DXw,digital-edge2-annex,2025-12-27
dGWd0w,equinix-la2,2025-12-27
RvPEgw,equinix-tr6,2025-12-27
w9Emew,mig-data-center,2025-12-27
RN8gdw,berlin2,2025-12-27
BAQ56B,tres-cantos--,2025-12-27
R4Zg8w,ic2-macquarie-data-centres,2025-12-27
Rp7KqB,infobunker,2025-12-27
B1jAeR,magnolia-green,2025-12-27
B7EjvG,tm-kjdc,2025-12-27
BAyKPB,kt-gimhae-idc,2025-12-27
wOmAgR,international-information-port-data-center,2025-12-27
GykqZB,microsoft-grange-castle-ii,2025-12-27
B7E1nG,menlo-equities-portland-data-center,2025-12-27
GkYdNB,tokyo-(hnd1),2025-12-27
wV65ow,stt-gdc-fairview,2025-12-27
BAgrxG,wroclaw-1911-data-centers,2025-12-27
RYNgAG,digital-edge3,2025-12-27
B1pAew,kul11-(cj1),2025-12-27
RjPnmw,taiwan-dc-campus,2025-12-27
G3VoWR,google-hargelsberg,2025-12-27
BXZ3aG,leuk-data-centre,2025-12-27
BE9yyB,nrt20-(mfip-inzai),2025-12-27
GagAmB,sh18,2025-12-27
RjJeQR,mis-dammam-1,2025-12-27
weJ99B,ham002,2025-12-27
R8VLZw,guofu-guangqi-waigang-iot-data-intelligence-industrial-park-project,2025-12-27
BAyDQB,qts-datacenters-richmond-data-center,2025-12-27
Gl4oxG,tk8,2025-12-27
Bb86LG,bursa,2025-12-27
RN8y8w,fws-data-center,2025-12-27
Gk43Mw,jinja-data-centre,2025-12-27
RYNaAG,amazon-web-services-douglas-county,2025-12-27
GrlelB,mel61-leakes-road,2025-12-27
GW6KvR,colt-dcs-inzai-3,2025-12-27
BqWPMG,dc-tuas,2025-12-27
R8mlWG,bsc-cns,2025-12-27
Rj0Pmw,euraix-evolution,2025-12-27
JGmL5R,datacube-biel,2025-12-27
GDor5R,mb3-,2025-12-27
BPdldB,beale-infrastructure-project-blue,2025-12-27
BgJ3mw,mis-dammam-2,2025-12-27
BgVaQw,icbc-icbc-shanghai-dc,2025-12-27
Gm5x5G,nexeren-dc1,2025-12-27
RYNqmG,wildcat-ridge-ai-data-center-campus,2025-12-27
R0ZnDw,hlt-data-center,2025-12-27
GrlZXB,mainz-data-center,2025-12-27
Gz38Zw,600-friberg-parkway,2025-12-27
GDrbbB,ucloud-qingpu-data-center,2025-12-27
GdA57w,estruxture-cal-3,2025-12-27
w5Abvw,hyderabad-chandan-valley-campus,2025-12-27
wVq49G,cldc-mum01-navi-mumbai,2025-12-27
BXNgaG,dimension-data-bryanston-data-centre,2025-12-27
GWZzZR,airtrunk-jhb2,2025-12-27
qGLbQB,equinix-pe2,2025-12-27
Gz4N7B,madrid-1----,2025-12-27
woX9bB,fastweb-milan-data-centre,2025-12-27
Ga7gXB,dkr-1,2025-12-27
BXNNVG,ntt-global-data-centers-tokyo-mitaka-east,2025-12-27
Bb80rG,dla01,2025-12-27
RYKb3w,china-unicom-tianfu-information-center,2025-12-27
wOmQDR,tencent-yangtze-river-delta-ai-supercomputing-center-and-data-center-complex-,2025-12-27
B7mbvG,axis-a,2025-12-27
RjP8Nw,molde,2025-12-27
2GdODR,equinix-pe1,2025-12-27
Ga70vB,amazon-web-services-covington,2025-12-27
BELa3w,qts-cambois,2025-12-27
R8JxDw,cn1-,2025-12-27
GyYAEG,newhall-data-centre-campus,2025-12-27
BJvMrB,palava-,2025-12-27
RvXPrw,abj-1,2025-12-27
BXpa1B,cs3,2025-12-27
wod3kB,art-data-centers-ennis,2025-12-27
Rj0xmw,archer-data-centers-minnesota,2025-12-27
wOQoPR,hh2andr2,2025-12-27
RjJqQR,hochdorf,2025-12-27
GlPNYG,adelaide-01-adl01,2025-12-27
R88VVR,green-it-cube,2025-12-27
BXZlWG,beacon-ai-centers-langdon-ai-hub,2025-12-27
GZo8nw,bridge-data-centres-my03,2025-12-27
BqlZ0w,b2,2025-12-27
BgVxxw,gds-holdings-cs1,2025-12-27
R4o6oB,hønefoss,2025-12-27
GZ6qnG,google-puncak-alam-2,2025-12-27
GLDb5G,mad-01,2025-12-27
RYNNbG,iren-canal-flats,2025-12-27
BJPyeG,yexio-bad-lippspringe,2025-12-27
RQ6vJG,kokura-1-and-2,2025-12-27
BEWvyG,classic-house,2025-12-27
wOmOZR,nxs-dc-site,2025-12-27
RY6geG,google-the-dalles-data-center,2025-12-27
qGLD5G,kddi-telehouse-paris-voltaire,2025-12-27
GLvaNB,core-scientific-port-muskogee,2025-12-27
GlJdVB,datacenter-nuremberg,2025-12-27
BPvKpG,databank-plano-campus,2025-12-27
RN838w,rome-tim,2025-12-27
BqXpaw,va3-campus,2025-12-27
G32gXR,google-project-flo,2025-12-27
RvX8Ow,twiggs-county,2025-12-27
BAg7QG,amazon-web-services-sunbury,2025-12-27
Bb87aG,alc-hassayampa-ranch-data-center,2025-12-27
Gm605w,8-centennial-drive,2025-12-27
Ga7q2B,gorsingeberget,2025-12-27
Gkp30w,(ord4)-oak-brook,2025-12-27
yGlDxG,equinix-sv14,2025-12-27
BqvpER,beacon-ai-centers-foothills-ai-center,2025-12-27
Bg534G,sp01,2025-12-27
GkY2WB,ccs-settimo-torinese,2025-12-27
Gy4PLR,tp-data-center,2025-12-27
YBqy7B,cologix-min2,2025-12-27
GdJ04B,hl1,2025-12-27
yGlPVG,ntt-global-data-centers-munich-2,2025-12-27
G6Q53R,meguro-techno-building,2025-12-27
RxnkKw,nagoya-seznam,2025-12-27
RKv1ZB,stt-jaipur,2025-12-27
R0a4gG,kkb-kredi-kayıt-bürosu-anadolu,2025-12-27
w5WM7R,porjus_gda,2025-12-27
GZ6JoG,edged-phx01-1-2,2025-12-27
6w9N0B,equinix-la3,2025-12-27
wVnpOw,preston-farm,2025-12-27
R88E4R,rsc-investment-management-stonewall-tell,2025-12-27
RNaQVB,grenoble-,2025-12-27
GZ67oG,forssa,2025-12-27
G6aYnR,kemi,2025-12-27
qB1JMR,limonest,2025-12-27
w5V38B,kings-tower-data-center,2025-12-27
wM2V4B,kokura-3,2025-12-27
wVV7Kw,marunouchi-data-center,2025-12-27
BE88dw,kul12,2025-12-27
GDKbYR,powerhouse-irving,2025-12-27
B13e3G,stt-navi-mumbai-dc3,2025-12-27
B1XvMw,air-trunk-jhb1,2025-12-27
B1jKyR,9-griffin-road,2025-12-27
Gm6g9w,sharon-ai-permian-basin,2025-12-27
BPvokG,gismarvik,2025-12-27
RNQpnB,university-of-groningen-zernike-campus,2025-12-27
wVM97G,ecodatacenter-stockholm-campus,2025-12-27
GLor4R,chicago-(chi),2025-12-27
GnKeKw,meta-lebanon,2025-12-27
BJvAzB,datamena-dxa-data-center,2025-12-27
BXp2VB,ogr-tech,2025-12-27
wo1DKR,yexio-heiligenhaus,2025-12-27
RQLMaB,myrtle-beach-cable-landing-station,2025-12-27
2RpDDR,cyrusone-chi2,2025-12-27
BALbPw,ñuñoa,2025-12-27
GW6LNR,piteå-f2and3,2025-12-27
G6Q44R,ath04-microsoft,2025-12-27
GnK1Ow,powerhouse-data-centers-ph-grand-prairie,2025-12-27
R0WDQB,ndc-jakarta,2025-12-27
RKv93B,östersund,2025-12-27
w53mqR,pittsburgh-data-center,2025-12-27
R2ZjWR,hyderabad-dc1,2025-12-27
RvXqNw,honkaluoto,2025-12-27
R0laAR,mihama-data-centre,2025-12-27
QwVE7G,atman-ktw-1,2025-12-27
RpOe5B,melbourne-1-,2025-12-27
G332XG,tonstad-datapark,2025-12-27
woWl5w,scandidc-i,2025-12-27
GyZeOw,gds-ndp,2025-12-27
BJPLqG,rcjm1-data-centre,2025-12-27
RpZ5dw,citibank-south-west-data-center,2025-12-27
GW633R,hyderabad-dc3-,2025-12-27
RNeEdB,pit2,2025-12-27
wOvjDG,data-center-perg,2025-12-27
wODOrB,bristol--ct,2025-12-27
GaAl2G,convergent-technology-park,2025-12-27
RKvk4B,richland-parish,2025-12-27
Bb8zLG,iren-mackenzie,2025-12-27
BXNPPG,sh06,2025-12-27
G32MkR,valence,2025-12-27
Gdr27B,cologix-tor4-s,2025-12-27
wVqkXG,vantage-va4,2025-12-27
Gk4kqw,google-botetourt-county,2025-12-27
B13JxG,milan-aws,2025-12-27
Gdrx4B,hut-8-kelowna-data-center,2025-12-27
GZo9gw,sh04,2025-12-27
w5Ajaw,national-data-centre-(pdn-1)-,2025-12-27
GrXvgB,compass-datacenters-toronto-campus,2025-12-27
wo1QkR,cambrai,2025-12-27
BqggvG,augsburg,2025-12-27
G6oK3w,nxdata-nxdata-1,2025-12-27
wM2mzB,kokemäki,2025-12-27
R8QzWG,borealis-reykjavik-dc,2025-12-27
BgJ2zw,nierstein-campus,2025-12-27
Gy4nER,shenandoah-computing-llc-project-kestrel,2025-12-27
GZ6OLG,olive-urban-,2025-12-27
w9D1kG,genworth-financial,2025-12-27
GWn61R,tract-rosemount-(emerald-greens-golf-course),2025-12-27
BqXraw,bengaluru-2,2025-12-27
GrVV1G,zonafranca-colombia,2025-12-27
BJPZ8G,rosenheim,2025-12-27
RvXVAw,iren-prince-george,2025-12-27
GZ6N3G,rbr-hub,2025-12-27
BqgVaG,mesh-capital-llc,2025-12-27
wVnVbw,loudoun-county---arcola,2025-12-27
9RYoNw,equinix-sk1,2025-12-27
R2JrDR,luanda-01,2025-12-27
woQO1R,cyber-1-building,2025-12-27
GdzdDB,bt-blanchardstown-,2025-12-27
BPdbpB,oppidan-eagan,2025-12-27
GD9A1w,google-quilicura,2025-12-27
qR0yKG,centersquare-atl1,2025-12-27
we876G,ta-realty-ellenwood-data-center,2025-12-27
wVVz9w,osl1-enebakk-(multi-tenant),2025-12-27
GDopnR,vantage-ashburn-(va2)-data-center-campus,2025-12-27
QwV6Ow,iomart-dc1--glasgow,2025-12-27
2Rp7LB,lgw15-(north-building---crawley-campus),2025-12-27
bGz3jw,brightsolid-aberdeen-36,2025-12-27
GZ1M6R,sy9x,2025-12-27
dGZo9w,equinix-ld5,2025-12-27
dGZ19R,pulsant-edinburgh-newbridge,2025-12-27
R8J14w,quantum-frederick-project,2025-12-27
DGn4QB,ark-data-centres-cody-park,2025-12-27
BPdjVB,gt|2,2025-12-27
GDoqbR,tecno-park-codisa,2025-12-27
BPvJKG,telkomsigma-sumatraandbatam-center,2025-12-27
yGlNYB,tpa,2025-12-27
G6axnR,copley-data-centre,2025-12-27
PBPk4w,equinix-mi6,2025-12-27
JGmPLR,edgeconnex-edcmia02,2025-12-27
Gy45JR,mucherla,2025-12-27
wMAQVw,bddc-jbt3,2025-12-27
JGmr5w,colt-dcs-london-city,2025-12-27
GLDNAG,jerusalem-data-center,2025-12-27
jBEprw,centersquare-iad2---22810-international-drive-,2025-12-27
4RKyZw,colt-dcs-london-west,2025-12-27
GWnA5R,innsbruck-data-center,2025-12-27
dGZ7dw,bhx1,2025-12-27
4RKy4w,colt-dcs-inzai-2,2025-12-27
XRjgQG,dc-1-2,2025-12-27
mGrJ5G,colt-dcs-rotterdam,2025-12-27
RN9a8B,tls00,2025-12-27
wMrK9B,idc-guatuso,2025-12-27
zwO1kR,cellnex-telecom-datacenter-ittervoort,2025-12-27
qGLNNB,cellnex-telecom-datacenter-eys,2025-12-27
BXNVaG,ibm-izmir,2025-12-27
WRQgnw,guilab-datacenter,2025-12-27
yGljYB,cdg001,2025-12-27
wMrQxB,e1-data-center-campus,2025-12-27
PGyxyR,equinix-am8,2025-12-27
dGZVvG,equinix-am7,2025-12-27
RxY1vG,mapletree-industrial-trust-n15w24250-riverwood-drive--pewaukee,2025-12-27
BAyWmB,telia-helsinki,2025-12-27
Vw52YB,equinix-en1,2025-12-27
DBApPw,previder-haansbergseweg-122,2025-12-27
QBbaxw,equinix-am5,2025-12-27
pGDepw,dataplace-brabant,2025-12-27
BE196B,nuuk,2025-12-27
qB14Vw,previder-pdc2,2025-12-27
VwMarw,interxion-a-digital-realty-company-ams5,2025-12-27
mGrNKG,nl2,2025-12-27
yGlA7w,data-center-groningen12,2025-12-27
ARNZ8R,interxion-a-digital-realty-company-ams6,2025-12-27
lR8X4R,smartdc-b-v--heerlen,2025-12-27
Bg5zQG,colchester--ct,2025-12-27
2Gd17w,maincubes-ams01,2025-12-27
w5V1gB,hortolandia-1,2025-12-27
R4DXPR,m5,2025-12-27
bGzNpG,itb2-datacenters-deventer,2025-12-27
BgJD6w,nautilus-cryptomine,2025-12-27
DR4poR,gpx-global-cairo-2,2025-12-27
DGnpOB,switch-datacenters-ams2,2025-12-27
BPbrVG,aws-chandanvelly-,2025-12-27
qBJb8B,systemec-data-centers-dc-25,2025-12-27
lR814G,equinix-md1,2025-12-27
R0ZvDw,colobrig-data-center,2025-12-27
nR2A4B,buenos-aires-fatima,2025-12-27
qBJj8B,equinix-he5,2025-12-27
2RpE5G,systemec-data-centers-dc-19,2025-12-27
BgJ6mw,12899-moores-chapel-road,2025-12-27
B7mMvG,jakarta-sudirman-midplaza,2025-12-27
YBq5yB,equinix-ma1,2025-12-27
GDrJ1B,hyd-1--3-,2025-12-27
rGkZWR,equinix-pa4,2025-12-27
dGZY3R,equinix-pa5,2025-12-27
BPvlpG,nnit-bygning-1p,2025-12-27
dGWJvR,equinix-md2,2025-12-27
EG62NG,equinix-pa7,2025-12-27
G6bkbG,bogor-technovillage,2025-12-27
bGzb7G,digital-realty-3825-nw-aloclek-street,2025-12-27
zwOloB,equinix-sh2,2025-12-27
bBXyDR,centron-bamberg-data-center,2025-12-27
4RKKDR,equinix-sh1,2025-12-27
w9D8kG,mad5,2025-12-27
yGlnxB,equinix-sh3,2025-12-27
wenWzB,interxion-a-digital-realty-company-sto4,2025-12-27
R2JMxR,hortolandia-2,2025-12-27
jBE46w,equinix-dc10,2025-12-27
mGr6XG,equinix-sh5,2025-12-27
EG6z1G,equinix-da1,2025-12-27
bGz0oB,equinix-cu2,2025-12-27
RNa9VB,cloudburst-data-centers-texas-data-center,2025-12-27
mG3xkw,equinix-ny2,2025-12-27
QwV0pR,taicang-data-centre-campus,2025-12-27
PBPYpR,maincubes-fra01,2025-12-27
R0Zggw,penta_infra_cph02,2025-12-27
RjJLQR,ta-realty-atl03,2025-12-27
BXJNDG,sarthe,2025-12-27
Gl40zG,bali-jimbaran-2,2025-12-27
weXr6G,inap-santa-clara,2025-12-27
WRQapR,osaka-2,2025-12-27
wVnbpw,nordik-data-centers-ndc-campus,2025-12-27
Gz3Vpw,ecogrid-energy-park-raisio,2025-12-27
YBgmKG,nym10,2025-12-27
zwOboG,datacenter-hamburg-mitte,2025-12-27
qB1NMR,equinix-sv17,2025-12-27
GLoMzR,village-place-technology-park,2025-12-27
mG3nPR,equinix-he6,2025-12-27
PBPJVG,iomart-dc3-nottingham,2025-12-27
VwMpnG,digital-realty-sovereign-house-north,2025-12-27
RQ6maG,green-it-aragon-,2025-12-27
3RxedG,2260-e-el-segundo-blvd-(lax12)-,2025-12-27
dGWL0w,databank-westway-park-campus,2025-12-27
qBJDNG,cyrusone-dfw-i,2025-12-27
qR0QnG,lhr20-(sovereign-house),2025-12-27
GL2N5B,pori-dc,2025-12-27
Rj0eMw,semarang-technocenter,2025-12-27
mG376G,digital-realty-mia10,2025-12-27
zwO7Dw,centersquare-yyz2,2025-12-27
mGrb7G,digital-realty-dfw28,2025-12-27
DBA0Aw,digital-realty-dfw18,2025-12-27
RjmkzB,datacenter-munich,2025-12-27
XRjXNw,digital-realty-3205-alfred-street,2025-12-27
GzZPDG,datalahti-helsinki,2025-12-27
rGkWxG,iomart-dc8-st-asaph,2025-12-27
qB17yG,digital-realty-unit-b-prologis-park,2025-12-27
GloLxR,sumare-3,2025-12-27
BJPrNG,mdcil-1-modiin,2025-12-27
RK8k2G,ntt-jkt2,2025-12-27
9RYkbw,digital-realty-dfw11,2025-12-27
GrVjlG,meta-gallatin,2025-12-27
dGWkDG,digital-realty-dfw16,2025-12-27
Vw5y3w,digital-realty-2-peekay-drive,2025-12-27
gweL4G,digital-realty-128-first-avenue,2025-12-27
we80gG,t5-data-centers-chi-v,2025-12-27
PGyaZG,digital-realty-60-hudson-st,2025-12-27
Gy4OZR,frankfurt-4-and-5,2025-12-27
jBEjVR,digital-realty-atl13,2025-12-27
NwoaxR,digital-realty-iad36,2025-12-27
BA7OPG,kobe-data-center,2025-12-27
RjmqnB,digital-edge-sel1,2025-12-27
GWnM1R,plochocin-microsoft,2025-12-27
R8mZMG,mäntsälä-verne,2025-12-27
GrlE8B,surabaya-technocenter,2025-12-27
qBJnoB,digital-realty-va3,2025-12-27
RYNL6G,netaş-soc-noc,2025-12-27
DBAoMG,ntt-global-data-centers-frankfurt-4,2025-12-27
R0W6QB,jiuxianqiao-m8-data-center,2025-12-27
R4oEAB,mbr-solar-park-data-centre,2025-12-27
qGLgbR,3015-winona-avenue,2025-12-27
woXm1B,london-west-2,2025-12-27
DGnVyG,cyrusone-dublin,2025-12-27
VwMlqG,grass-merkur-hannover-data-center,2025-12-27
Grv34G,o'leary-ventures-wonder-valley,2025-12-27
YBgDxR,colt-dcs-mumbai,2025-12-27
BJg38R,ntt-global-data-centers-yokohama-no--1,2025-12-27
Bqgm7G,ben-gurion-university,2025-12-27
GDPgeG,sejong-telecom-bundang-idc,2025-12-27
Vw5r0B,cologix-mtl1,2025-12-27
mG3QYB,datacenter-one-grp10,2025-12-27
jBEVXR,interconnect-services-bv-eindhoven,2025-12-27
mGrZoG,london-east,2025-12-27
qBJEZw,datacenter-one-nb8,2025-12-27
GnqKkR,stc---stafford,2025-12-27
w5Vl3B,berlin-1-and-2,2025-12-27
nR2JMR,aruba-it-it1-arezzo,2025-12-27
Nwo7Kw,tianjin-data-centre-campus,2025-12-27
GDL8pG,sailfish-investors-social-circle,2025-12-27
nR25xB,iron-mountain-ohs-1,2025-12-27
QBbWaR,ebrc-rcw-windhof,2025-12-27
w5zP7B,shibuya-2,2025-12-27
XRjlQw,eurofiber-groningen,2025-12-27
GlXqgG,cogent-communications-bordeaux,2025-12-27
GLDZ4G,basildon-data-centre,2025-12-27
6w9n7B,unix-solutions-zaventem,2025-12-27
GlooYR,marseille-,2025-12-27
BAQ1PB,stream-data-centers-atlanta-west,2025-12-27
w5AOqw,rowan-quantum-frederick,2025-12-27
VwMEWw,cologix-mtl5,2025-12-27
G3V1kR,avaio-pittsburgh,2025-12-27
rGkQNB,60-and-80-merritt-blvd,2025-12-27
R2J2LR,bunkerberget,2025-12-27
EG6MnR,interxion-a-digital-realty-company-ams7,2025-12-27
RY6L6G,rabobank-best,2025-12-27
nR2geG,cologix-mtl2,2025-12-27
dGZ0gB,cologix-dal1,2025-12-27
3Rx24w,cologix-mtl4,2025-12-27
EG68dB,cologix-mtl7,2025-12-27
ARN06w,cologix-mtl6,2025-12-27
2Gdb7B,datacenter-alphen-aan-den-rijn,2025-12-27
w5VJZB,berkeley-springs--west-virginia,2025-12-27
RQ6q6G,gullan,2025-12-27
qGL0AG,cologix-min1,2025-12-27
zwOPQB,cologix-nnj4,2025-12-27
R0a3QG,mumbai-vikhroli,2025-12-27
R2Jb4R,project-hazelnut-lerta,2025-12-27
bGzKVw,cologix-min3,2025-12-27
Gz7xVw,apatura-coldstream-data-centre,2025-12-27
GzZVjG,bengaluru-3,2025-12-27
RKvkzB,swe04,2025-12-27
RQ6LpG,luanda-02,2025-12-27
2RpWAB,stackit-dc-10,2025-12-27
GZNV6G,comarch-warsaw,2025-12-27
Gag13B,arasur,2025-12-27
qBJNoB,digital-realty-55-middlesex-turnpike,2025-12-27
XRj4Jw,cologix-van3,2025-12-27
2Rpvmw,dc-ghent,2025-12-27
GWn25R,idc-jakarta,2025-12-27
yGlkPR,cologix-van2,2025-12-27
RvDENw,gtt-international-exchange-building,2025-12-27
PBPmyR,lille--3,2025-12-27
DGn3Vw,gds-holdings-sh3,2025-12-27
qB1r4R,globalconnect-gc-albertslund,2025-12-27
BAyQMB,northern-data-boden,2025-12-27
B1QqMB,qts-datacenters-hillsboro,2025-12-27
dGWxbw,lille--2,2025-12-27
RxnPdw,datacenter-matola,2025-12-27
R4ZAow,mumbai-internet-data-centre-5,2025-12-27
RjPgmw,iad12,2025-12-27
kGanLw,tdf-proxicenter-rennes-cesson,2025-12-27
GmXxvR,westin-building-exchange-westin-building-exchange,2025-12-27
nR28Ww,dub3,2025-12-27
QBb1ew,sure-guernsey-jersey-data-centre,2025-12-27
9RYxAB,luxembourg,2025-12-27
kGaKvB,sure-guernsey-guernsey-data-centre,2025-12-27
Gl4qgG,bhopal-it-park,2025-12-27
w5WK8R,boras-elnat-boras,2025-12-27
qR00WR,scaleway-dc2,2025-12-27
Vw5nZB,mlh1,2025-12-27
Ga712B,sdk2,2025-12-27
pGDApw,keppel-data-centres-singapore-1,2025-12-27
G3p0kw,mumbai-internet-data-centre-1,2025-12-27
ARNznR,lys1,2025-12-27
G328PR,valdecaballeros,2025-12-27
GmXbLR,data-logistics-center-data-inn,2025-12-27
Bb8OaG,mlk1,2025-12-27
GDL0eG,haßfurt,2025-12-27
mGrkow,h5-data-centers-h5-cleveland,2025-12-27
RNaqLB,mevo-carmel-science-and-industry-park,2025-12-27
woXPkB,mumbai-internet-data-centre-2,2025-12-27
bBXzJG,scaleway-dc5,2025-12-27
RvX0Yw,isojoki,2025-12-27
2Gd8rG,scaleway-dc3,2025-12-27
PBPzyG,san-vendemiano,2025-12-27
zwOXPB,zurich-north,2025-12-27
Rp76LB,cloudhq-clp-campus,2025-12-27
Rj0VNw,başkent,2025-12-27
lR8YWG,adeo-datacenter-adeodc,2025-12-27
BJL5NG,estruxture-mtl-4,2025-12-27
GLvOZB,kouvola,2025-12-27
8RvvOR,noris-network-nbg5,2025-12-27
Gm4pmR,chandivali,2025-12-27
gweM6w,envia-tel-datacenter-leipzig,2025-12-27
yGl3ZR,global-switch-singapore-woodlands,2025-12-27
lR8YvG,penta-infra-cph01,2025-12-27
Gm48gR,menlo-digital-sunnyvale,2025-12-27
RQ6l6G,hyderabad-1-ntt,2025-12-27
w9DL8G,marsa,2025-12-27
RKLW3G,oppidan-investment-company-carol-stream,2025-12-27
qBJOmR,brussels-west,2025-12-27
Grlx7B,powerhouse-data-centers-1600-digital-drive,2025-12-27
WRQEDR,reading-south,2025-12-27
Bb8D0G,rowan-green-data-cinco,2025-12-27
nR2xgw,equinix-ny11,2025-12-27
JGmy5G,redcentric-reading,2025-12-27
EG664G,pfalzkom-dcrn-ii,2025-12-27
DBAlxw,dc-brussels,2025-12-27
Vw5pYG,colobern-south,2025-12-27
RQnNjG,digital-realty-iad39,2025-12-27
3RxdKR,hawthorne-data-center,2025-12-27
bBXmVR,pune-2,2025-12-27
jBEbjR,san-francisco-bay-area,2025-12-27
dGZr3G,bos4,2025-12-27
wVM2xG,green-datacenter-ag-metro-campus-zurich,2025-12-27
EG6mnR,colozueri-ch,2025-12-27
qB1lVw,sea3,2025-12-27
6w9VpB,london-8-stockley-park,2025-12-27
RvXNOw,cayuga-data-center,2025-12-27
B1j4QR,mel02-stack,2025-12-27
yGlKeR,portus-munich,2025-12-27
Gk4p0w,keystone-be'er-tuvia,2025-12-27
2Rpj3w,mrs1,2025-12-27
RNaLoB,grupo-acs-aragon,2025-12-27
JGmOvB,teraco-db1,2025-12-27
GWZybR,johor-data-centre-6,2025-12-27
DGngKw,interxion-a-digital-realty-company-mrs2,2025-12-27
XRjqmB,goonhilly-earth-station-goonhilly-data-centre,2025-12-27
zwO6ZG,ewr5,2025-12-27
lR8NVw,interxion-a-digital-realty-company-par3,2025-12-27
RYN6dG,amyntaio-eunice,2025-12-27
GL2jbB,b1,2025-12-27
BX47PB,newtelco-newtelco-georgia,2025-12-27
Rj05Ew,810-datacentre,2025-12-27
wOpmdB,p1,2025-12-27
Rxn11w,us-air-force-davis-monthan-air-force-data-center,2025-12-27
wODpZB,ecogrid-energy-park-pori,2025-12-27
R0lJKR,rj04,2025-12-27
wOpLdB,stream-dfw-vii-garland,2025-12-27
RN99dB,grenoble,2025-12-27
VwMknR,kddi-telehouse-telehouse-singapore,2025-12-27
Gdz7bB,rio-ai-city,2025-12-27
3RxNZw,interxion-a-digital-realty-company-ams3,2025-12-27
RpgxmB,mivitec-munich-city,2025-12-27
RjmneB,rackspace-lon3,2025-12-27
weJADB,johor-data-centre-2,2025-12-27
R2JAWR,birmingham-1,2025-12-27
wOpgPB,regensburg-1,2025-12-27
B1QM4B,rackspace-mci1,2025-12-27
GnXDQB,santa-clara-i-(ca1),2025-12-27
pGDmnw,dc-antwerp,2025-12-27
B1pP6w,meta-singapore,2025-12-27
RjmlzB,rostelecom-data-centers-m9,2025-12-27
Grje1G,rostelecom-data-centers-moscow-i,2025-12-27
R8LOWR,rostelecom-data-centers-moscow-ii,2025-12-27
GDPeDG,rostelecom-data-centers-moscow-iii,2025-12-27
RQ6JeG,phoenix-michigan-city-industrial-investors-llc-project-maize,2025-12-27
RKL4PG,johor-data-centre-4,2025-12-27
wM2KqB,powerhouse-data-centers-hobart,2025-12-27
wMPD9G,edgeconnex-edcams02,2025-12-27
RNa1LB,sc2,2025-12-27
B1Q48B,pyrmont-data-centre,2025-12-27
BbnJKB,mad01,2025-12-27
R88P3R,dc-moeskroen,2025-12-27
GZNLdG,echelon-lcy10,2025-12-27
GDrNoB,team-blue-zitcom-skanderborg,2025-12-27
Grje8G,vantage-quebec-city-(qc2)-data-center-campus,2025-12-27
RxWAoB,estruxture-cal-1,2025-12-27
B1j2OR,johor-data-centre-5,2025-12-27
B7oKeB,sdc-manhattan,2025-12-27
R2b96R,ashburn--va,2025-12-27
G3Y9xB,gloucester,2025-12-27
wOpnAB,raging-wire-ashburn-va5,2025-12-27
GnX9vB,orbit,2025-12-27
RxnAvw,southgate,2025-12-27
GLvpNB,bkk-cloudhq,2025-12-27
RpgddB,kapua,2025-12-27
G6njPG,da-nang-data-center,2025-12-27
R88KZR,corporate-data-center,2025-12-27
Bg5l0G,on3-campus,2025-12-27
BgqYKG,qts-datacenters-dfw1-campus,2025-12-27
R2bK6R,sumare-1,2025-12-27
GZN58G,campinas-1,2025-12-27
G6olmw,vinhedo-1,2025-12-27
GDKn1R,data-hills,2025-12-27
Gy569G,jundiaí-1,2025-12-27
w5XgvG,jundiaí-2,2025-12-27
GrZ2XG,1111-comstock-,2025-12-27
wMP4xG,ascenty-hortolândia-2,2025-12-27
BPdQkB,idc-makassar,2025-12-27
B7ojbB,fortaleza-1,2025-12-27
w9xNpG,ewr1,2025-12-27
BEo4dG,ascenty-rio-de-janeiro-1,2025-12-27
BPdOkB,rzw,2025-12-27
we8XVG,red-admiral-campus,2025-12-27
BX4yaB,ascenty-rio-de-janeiro-2,2025-12-27
Gkx85w,ewr2,2025-12-27
GdYONw,paulínia-1,2025-12-27
GlJD7B,knox,2025-12-27
GrXO7B,fort-data-centre,2025-12-27
yGl0xG,equinix-dc13,2025-12-27
GlXNZG,apple-viborg,2025-12-27
Gy471R,vdr-group-,2025-12-27
wVMDpG,netcenter-venissieux,2025-12-27
2GdLqG,digital-realty-2055-east-technology-circle,2025-12-27
Gz9PpR,coresite-de1,2025-12-27
bGzJZG,ham001,2025-12-27
BX49WB,coresite-bo1,2025-12-27
DBA36G,mil01data4,2025-12-27
GDPOpG,coresite-sv1,2025-12-27
G6o7Nw,los-angeles-data-center,2025-12-27
R4DoXR,kelly-house,2025-12-27
R0lDKR,stt-jakarta-3,2025-12-27
B72Eew,amazon-web-services-5945-wellington,2025-12-27
Bqlbyw,datagryd-60-hudson-street,2025-12-27
R4knlB,edgecloudlink,2025-12-27
Rxnp1w,pure-data-centres-premier-park,2025-12-27
RKa5zw,sea1-,2025-12-27
wMP54G,inap-dallas-data-center,2025-12-27
GD9jow,mumbai-dc1,2025-12-27
Grjn4G,coresite-dc2,2025-12-27
R4a5XG,colocation-northwest-tacoma,2025-12-27
GdzpbB,stt-jakarta-4,2025-12-27
BPPebB,bhumishq-edge,2025-12-27
GDPpoG,qts-datacenters-manassas-data-center,2025-12-27
RNQbZB,orange-zaventem,2025-12-27
Gz9aMR,germantown,2025-12-27
wOpYgB,qts-fort-worth-dallas,2025-12-27
R2nZ6R,stt-gdc-makati,2025-12-27
RYyQdR,centeris-data-centers-south-hill-sh1,2025-12-27
BJLNWG,liangjiang-tenglong-data-center,2025-12-27
Gl4APG,vizag,2025-12-27
R8Lq9R,qts-datacenters-overland-park---kansas-city-data-center,2025-12-27
RN8K0w,tm-nxera--johor,2025-12-27
R8QW9G,true-idc-east-bangna,2025-12-27
Rjm18B,qts-suwanee-dc1,2025-12-27
B7mNvG,videnca,2025-12-27
GddP4G,mumbai-campus,2025-12-27
GDPp4G,qts-datacenters-miami-data-center,2025-12-27
GnKNyw,rayong-trueidc,2025-12-27
R0lbQR,reef-group-didcot-data-centre,2025-12-27
GL20oB,equinix-he7,2025-12-27
GrjygG,carriercolo-data-center-location-k,2025-12-27
GZ6l9G,vantage-data-centers-stargate--frontier-campus,2025-12-27
BJV0NB,lumen-technologies-berlin-gradestrasse,2025-12-27
Rjx9ew,avalon-1-(campus),2025-12-27
RjmN8B,carriercolo-data-center-location-b,2025-12-27
w9DZ8G,järvenpää,2025-12-27
BJvd5B,cn33,2025-12-27
wov7eG,lumen-technologies-frankfurt-ruesselsheimer,2025-12-27
Gz9M7R,lumen-technologies-data-center-curitiba-brazil,2025-12-27
woWekw,bruyères-le-châtel,2025-12-27
Gy4NER,vantage-data-centers-lighthouse,2025-12-27
BgqeKG,lumen-technologies-data-center-caracas-venezuela,2025-12-27
Gkx6Mw,london-east-stellanor,2025-12-27
RKaoqw,buenos-aires,2025-12-27
B1QoMB,peru-surco,2025-12-27
w9Dg7G,brightray-th01,2025-12-27
wOpxrB,boxhagener-strassse,2025-12-27
BbnMaB,akquinet-hamburg-data-center,2025-12-27
GZNyLG,akquinet-itzehoe-data-center,2025-12-27
GnX3yB,nawork-grevenweg,2025-12-27
BgV2rw,greater-noida-dc-park-,2025-12-27
GrjW7G,nawork-wendenstrasse,2025-12-27
Gy52bG,datasix-vienna-data-centre,2025-12-27
Rjm4NB,san-antonio,2025-12-27
R4a3LG,first-colo-data-center-werkhaus,2025-12-27
GZqkoR,bcn1,2025-12-27
GneOnR,centro-tecnologico-mogi-mirim-dc1,2025-12-27
R0a2WG,tiscali-italia-milan,2025-12-27
rGkbxR,gen02,2025-12-27
BgqxrG,hiho-wzh2,2025-12-27
wM2OVB,sabah-data-centre,2025-12-27
GdYmrw,morbio-data-center,2025-12-27
Rj08Jw,45-maylands-avenue,2025-12-27
BE12VB,mel3-airtrunk,2025-12-27
wOpAAB,interxion-a-digital-realty-company-fra3,2025-12-27
GdYDPw,data-center-north,2025-12-27
BEoErG,lon3,2025-12-27
GL2reB,mad3,2025-12-27
RxWDvB,rrz,2025-12-27
RpZXdw,baden-rz,2025-12-27
GrvWrG,meta-mesa-campus,2025-12-27
B7oaeB,mad2,2025-12-27
GmK1LB,digital-realty-bru1,2025-12-27
R8LbZR,interxion-a-digital-realty-company-fra7,2025-12-27
GaDNKR,sao-paulo-1,2025-12-27
Gm4KJR,baku-main-data-center-pasha,2025-12-27
RKLbVG,nscale-loughton-data-centre,2025-12-27
JGm6mw,brightsolid-dundee,2025-12-27
RNagnB,yonghyeon-cloud-data-centre,2025-12-27
RpY9DG,tyo1,2025-12-27
BE1vjB,lake-mariner,2025-12-27
BE186B,spata-apto,2025-12-27
G33dAG,cn34,2025-12-27
G3Yr3B,interxion-a-digital-realty-company-sto1,2025-12-27
RKLazG,absheron-aztelecom,2025-12-27
GDPabG,interxion-a-digital-realty-company-fra8,2025-12-27
BbY16w,kddi-telehouse-tokyo-iidabashi-data-centre,2025-12-27
BAy9yB,interxion-a-digital-realty-company-fra9,2025-12-27
BJV2rB,interxion-a-digital-realty-company-fra11,2025-12-27
G32VyR,mdcil-3-matam-haifa,2025-12-27
Rpg5qB,interxion-a-digital-realty-company-fra10,2025-12-27
RxW6LB,hortolândia-1,2025-12-27
R2ZgbR,pulsant-manchester-2,2025-12-27
XRj9EB,equinix-zh5,2025-12-27
w9xJgG,interxion-a-digital-realty-company-fra14,2025-12-27
wOpJDB,ams8,2025-12-27
GlJzYB,interxion-a-digital-realty-company-ams9,2025-12-27
GrvX7G,aligned-phx-06,2025-12-27
GrlNlB,logistix-hamilton-innovation-center,2025-12-27
GlJbzB,vivo-rio-de-janeiro,2025-12-27
Gz9XDR,alcala-dc1,2025-12-27
B1jQVR,hajigabul-azintelecom,2025-12-27
zwOlZB,equinix-ma4,2025-12-27
G6n2bG,icbc-shanghai-jiading,2025-12-27
GmKvLB,key-center,2025-12-27
RKaQ2w,nabiax-julian-camarillo,2025-12-27
Grjz5G,interxion-a-digital-realty-company-ams10,2025-12-27
GkxN6w,man1,2025-12-27
Gy5r9G,gravelines-campus,2025-12-27
GdAeNw,project-mercury,2025-12-27
wovEpG,dc-sp02,2025-12-27
bGz6oG,equinix-ty4,2025-12-27
wenyLB,turkcell-gebze,2025-12-27
GaDaKR,lpl1,2025-12-27
RQyo1R,mn3,2025-12-27
Grv08G,sme16,2025-12-27
GDKybR,hämeenlinna,2025-12-27
RYMedR,fra-04-,2025-12-27
R88XPR,sharjah,2025-12-27
R0XVgR,turk-telekom-gayrettepe,2025-12-27
GzZlAG,ce01-,2025-12-27
Gm5vjG,osaka-1-data-center,2025-12-27
RQnp5G,kddi-telehouse-tokyo-network-center-no-3,2025-12-27
RNnldR,lim1,2025-12-27
R0lMWR,hunting-hawk-tech-park,2025-12-27
RKanZw,ovh-rbx2,2025-12-27
B1QZ3B,ovh-rbx1,2025-12-27
weJ8gB,cloud-europe-mediterra,2025-12-27
Bb0qkG,365-data-centers-smyrna,2025-12-27
GmKg9B,zona-franca-bogota,2025-12-27
B1QJxB,ams2,2025-12-27
B1A03B,netxdc-osaka-center-1-(so1),2025-12-27
R8QnpG,china-telecom-bei-ai-dc,2025-12-27
GnXjaB,desarrolladora-de-zonas-francas-zf-towers-dc16a,2025-12-27
RpgAVB,gtt-london-citi,2025-12-27
wov85G,colombia1,2025-12-27
wOp2kB,berlin-data-centre,2025-12-27
w5V2ZB,mdcil-2-masmia,2025-12-27
B1pbxw,av--holanda,2025-12-27
RjmLQB,madrid-lezama,2025-12-27
G6bXnG,el-poblado,2025-12-27
BqXoEw,puerto-montt,2025-12-27
w9EdKw,microsoft-osmium,2025-12-27
Gk4j7w,earthdatasafe,2025-12-27
Rjx5Ew,s-and-a-consultores-asociados-data-center-s-and-a-chile,2025-12-27
BgV7Ow,tivit-|-synapsis-tivit-cos,2025-12-27
Bg0rzR,comspace-west,2025-12-27
GlXxeG,tivit-|-synapsis-tivit-santa-rosa,2025-12-27
GrXPKB,quilicura,2025-12-27
GlXbPG,china-unicom-pujiang-cloud-data-center-15,2025-12-27
Rjx5Qw,la-molina-2,2025-12-27
BXJqVG,green-data-center-park-(stp),2025-12-27
Rx9WKG,mad,2025-12-27
B1Ap3B,china-economic-cloud-shanghai-jinshan-smart-technology-park,2025-12-27
RpYg5G,idc-clayton-telecarrier,2025-12-27
GlXJeG,c-and-w-business-idc-panama-balboa,2025-12-27
R8QE4G,kudos,2025-12-27
BX6bWG,msa-hub1,2025-12-27
GykkJB,slough-2,2025-12-27
RY6yNG,hn-datacenter,2025-12-27
B1pQVw,ab-network-primary-data-center,2025-12-27
GddYLG,cemex,2025-12-27
R4orAB,sandyktau,2025-12-27
B1jP6R,stratus-technology-rayong-data-center,2025-12-27
RNQd6B,bdx-sin1,2025-12-27
BALLaw,epc-rosario,2025-12-27
jBEgoG,cyrusone-phoenix-campus,2025-12-27
BqXXyw,tokyo-no--6,2025-12-27
B7mQPG,technology-drive,2025-12-27
RK88DG,telstra-london-hosting-centre,2025-12-27
GaZm9w,atos-arlington,2025-12-27
w5zmgB,huailai-dongyuan-cloud-data-center,2025-12-27
GD9row,cpd-mitre,2025-12-27
GD9Low,pacheco,2025-12-27
RK8vqG,cnbv,2025-12-27
QBb7jR,sfo2,2025-12-27
BPbL4G,duy-tan-(hn01),2025-12-27
GW6Z0R,internexa,2025-12-27
GddrDG,aims-menara-data-centre,2025-12-27
RYNpeG,bangkok--2,2025-12-27
GdzarB,msb-kota-tinggi,2025-12-27
weNyVB,winhong-data-centre,2025-12-27
weaJ9w,centro-de-procesamiento-principal-(cpp),2025-12-27
BgV5Kw,data-center-zollikofen,2025-12-27
RQn3pG,t-systems-data-center-magdeburg,2025-12-27
wOQDgR,san-isidro,2025-12-27
R2J4WR,mehedeby,2025-12-27
G6nOgG,core-data-centres-markham-data-centre,2025-12-27
R0aZnG,dc-blox-dc-blox-birmingham,2025-12-27
wMLAnG,t-systems-datacenter-2020,2025-12-27
GlX4rG,t-systems-bamberg-data-center,2025-12-27
Rjx08w,cloud-and-data-center,2025-12-27
BELkXw,shirahama-data-centre,2025-12-27
wML2nG,do|1,2025-12-27
BXN7NG,mex|3,2025-12-27
GddpqG,mex|2,2025-12-27
B1pKMw,qro|-1,2025-12-27
B7mrQG,mex|4,2025-12-27
wea89w,lyon-data-centre,2025-12-27
RNQalB,gt|1,2025-12-27
wVMnQG,lyon-,2025-12-27
RjxV8w,cogent-communications-strasbourg,2025-12-27
BE1XYB,san-marcos-data-center,2025-12-27
R8QP9G,mty|1,2025-12-27
wOQOrR,cogent-communications-rouen,2025-12-27
R4axVG,sng-1,2025-12-27
gwe9Nw,data-centres-salzburg-maxglan-(4-and-5),2025-12-27
R0aJKG,jaguar-network-alionis-dc1-paris,2025-12-27
Gdd7bG,alphalink-telco-center,2025-12-27
BAgkyG,twin-creeks-assemblage,2025-12-27
BXN2MG,clayes-sous-bois,2025-12-27
GDrreB,alencon,2025-12-27
BgVzQw,cogent-communications-nice,2025-12-27
B1payw,mediacloud-barcelona,2025-12-27
wenq9B,muc-east,2025-12-27
w5W13R,facebook-clonee-ireland,2025-12-27
B7mWZG,dc-1and2-trélazé,2025-12-27
wOvokG,winterthur,2025-12-27
R2ZMLR,microsoft-grange-castle-i,2025-12-27
BgVZQw,la-caixa-i,2025-12-27
GnoNyw,tata-communications-seixal,2025-12-27
weaz4w,acilia,2025-12-27
B7EpLG,subic-data-center,2025-12-27
GW6eDR,oriolo-romano,2025-12-27
Rjx2Nw,se03,2025-12-27
Gk40xw,qts_datacenters_colorado-springs,2025-12-27
wMLQqG,amazon-web-services-dub54,2025-12-27
GlXNgG,datum-datacentres-frn1-2,2025-12-27
BXNKMG,technology-campus,2025-12-27
RvPQOw,ty15,2025-12-27
wOQYkR,dc-luzice-cra,2025-12-27
GzZqdG,equinix-am11,2025-12-27
G6bOPG,dub10,2025-12-27
BE9XVB,dub4,2025-12-27
GmX3jR,ark-data-centres-spring-park,2025-12-27
B1pMyw,ark-data-centres-meridian-park,2025-12-27
JGmn9w,data-center-aalsmeer,2025-12-27
GD9Ezw,fujitsu-sdc01-london-east,2025-12-27
BALxOw,fujitsu-london-north,2025-12-27
Gno2yw,china-mobile-international-cmi-slough,2025-12-27
G6nExG,national-data-centre-3,2025-12-27
RvDQqw,ntt-global-data-centers-ōtemachi,2025-12-27
woXkXB,copenhagen-(ejby),2025-12-27
BbYOaw,ibm-ballerup,2025-12-27
B1pM6w,mk-frankfurt-campus,2025-12-27
lR894G,equinix-sg3,2025-12-27
Gz777w,landesbank-kärnten,2025-12-27
R2ZXxR,cyrusone-london-ii-54,2025-12-27
B13JVG,data-journey-spartanburg,2025-12-27
woXDXB,edgeconnex-edcsvc01,2025-12-27
BqXqMw,meta-eagle-mountain-data-center,2025-12-27
Gyk71B,foliateam-nation-data-centre,2025-12-27
RNQOoB,iron-mountain-va-2,2025-12-27
wML15G,iron-mountain-fra-1,2025-12-27
RjxnNw,global-switch-frankfurt-north,2025-12-27
R4DlLR,idc-batam,2025-12-27
rGkYXB,pulsant-maidenhead,2025-12-27
YBglmR,data-center-eindhoven-1,2025-12-27
GZobLw,cyrusone-frankfurt-iv,2025-12-27
R0X2gR,vinhedo-2,2025-12-27
wVAjQG,eems-dc1,2025-12-27
R2ZOxR,mbda-plessis-robinson,2025-12-27
BE9nYB,la-vela,2025-12-27
GykJ1B,collégien-i,2025-12-27
w5WjgR,ville-de-paris-chapelle-international,2025-12-27
GDKQnR,worldvuer-ibyond-quantum-ai-data-centre,2025-12-27
BPJvVG,3375-koapaka-st,2025-12-27
wovreG,qts-groningen,2025-12-27
BXNb1G,tres-cantos-,2025-12-27
RK8yVG,barclays-gloucester,2025-12-27
BAy0aB,data-centre-hallein-(6-and-7),2025-12-27
EG6l1B,equinix-ty7,2025-12-27
BgVKxw,redhill-data-centre-building-2,2025-12-27
B7m8JG,agriport-(middenmeer),2025-12-27
R2nLbR,digital-realty-broderick-drive,2025-12-27
bGzYER,pulsant-milton-keynes,2025-12-27
Rjxgyw,hutchinson-3-hall-road-dc,2025-12-27
wODWQB,stargate-norway,2025-12-27
BbYaWw,digitalpark-hattersheim,2025-12-27
GrXelB,ip-core-madrid,2025-12-27
RY6peG,interxion-a-digital-realty-company-fra16,2025-12-27
Gz7Zow,colovore-rn01,2025-12-27
GlXjZG,google-st-ghislain,2025-12-27
BgV10w,zur01,2025-12-27
w9Lg7G,equinix-mc1,2025-12-27
R4ZELw,tdf-proxicenter-marseille,2025-12-27
GrXJrB,hutchinson-3-boundary-park,2025-12-27
R8QDpG,hutchinson-3-trafford-park-dc,2025-12-27
wOQ1QR,aimes-kilby-house,2025-12-27
G6bKdG,data-center-nieuwegein,2025-12-27
GddbPG,data-center-amsterdam,2025-12-27
RYN5eG,bari-adriaticdc,2025-12-27
RNQK6B,data-center-rotterdam-zestienhoven,2025-12-27
GrXNlB,dataplace-nedzone,2025-12-27
Rx9x4G,interxion-a-digital-realty-company-sto6,2025-12-27
R8QXPG,dataplace-amsterdam,2025-12-27
RQZ19G,premier-place-building,2025-12-27
BXNnPG,bordeaux,2025-12-27
R0aEpG,data-center-delft,2025-12-27
BJgbeR,antel-pocitos,2025-12-27
Gm44VR,higashiosaka,2025-12-27
RNaelB,national-data-centre-2,2025-12-27
PBPQKR,redwire-dc-west-ealing,2025-12-27
weaOgw,data-center-groningen,2025-12-27
GrXmgB,inet-idc3,2025-12-27
GW615R,berkeley-county,2025-12-27
G3pXXw,banco-republica-cpd-casa-central,2025-12-27
RvA60B,interxion-a-digital-realty-company-vie2,2025-12-27
Ga72LB,brindisi-adriaticdc,2025-12-27
GlX6nG,xn1-,2025-12-27
RKLLqG,isfahan-data-center,2025-12-27
woQ55R,ccic-cloud-network-cloud-computing-center,2025-12-27
Bgq50G,airtrunk-sgp1,2025-12-27
BPb2kG,cheops-technology-data-space-campus-aquitaine,2025-12-27
GykNbB,douglas-county-(google),2025-12-27
w9L47G,google-council-bluffs--iowa-(2),2025-12-27
YBg6Kw,datacenter-rock,2025-12-27
w5VLgB,edgecore-louisa,2025-12-27
RvDNyw,teraco-ct2,2025-12-27
BAg2OG,genoa-sparkle,2025-12-27
RN9y6B,shahebao-data-center,2025-12-27
w5W20R,google-tahoe-reno-industrial-center,2025-12-27
Rx9N4G,linxdatacenter-moscow,2025-12-27
G6bMdG,linxdatacenter-st--petersburg,2025-12-27
B1jjMR,mil2-cyrusone,2025-12-27
Gdd1PG,rostelecom-data-centers-nord,2025-12-27
BE9VyB,rostelecom-data-centers-ost,2025-12-27
Ga7bLB,crissier,2025-12-27
R0lP5R,fermi-america-hypergrid-advanced-energy-and-intelligence-campus,2025-12-27
zwONkG,t5-data-centers-t5@colorado,2025-12-27
Bb82WG,adriatic-dc-hub,2025-12-27
GzZNVG,croc-volochaevskaya-2,2025-12-27
w5WJZR,swisscom-zurich-enge,2025-12-27
RK8reG,paris--1,2025-12-27
B1pDQw,google-mayes-county,2025-12-27
dGZMLR,brainserve-crissier,2025-12-27
Rx9AvG,plus-mobile-switching-center-and-data-center,2025-12-27
Gnovkw,latechco-wtc-tower,2025-12-27
R8Q1PG,montevideo-comm-montevideo,2025-12-27
B1jpeR,tract-peru-shelf-technology-park,2025-12-27
GlXQnG,datawire-zg02,2025-12-27
GW6abR,ovh-rbx4,2025-12-27
GrlPKB,american-tower-raleigh-ra1,2025-12-27
GyknEB,swisscom-zurich-herdern,2025-12-27
BXN3JG,fibernet-tres-cantos,2025-12-27
pGD84G,la-ciotat,2025-12-27
wODvgB,haoyang-data-center-1,2025-12-27
GmX9rR,k2-data-centres-dub-1,2025-12-27
RQ6jaG,rayong-gpdc,2025-12-27
GWnJ3R,pioneer-broadband-data-center,2025-12-27
wODDgB,homer-energy-campus,2025-12-27
G6b2bG,lim-data-center-lim-dc,2025-12-27
GddarG,espacio-rack-madrid,2025-12-27
GzZOEG,cdlan-caldera21,2025-12-27
GlWVZR,birikirkara,2025-12-27
BAggAG,qh101-,2025-12-27
BALEmw,greenhouse-ghdc2,2025-12-27
RvX5yw,ferrera-erbognone-kazna,2025-12-27
QwV5oG,digital-realty-dfw12,2025-12-27
wOQlnR,fra-1,2025-12-27
DGn7yw,digital-realty-2299-busse-road,2025-12-27
G3p9lw,retelit-milan,2025-12-27
RxnEew,galaxy-data-center-rayong,2025-12-27
GrX9oB,globalconnect-gc-taastrup-ii,2025-12-27
GlX9nG,lumen-technologies-frankfurt-kleyerstrasse,2025-12-27
GZqg9R,kannapolis,2025-12-27
RjWq8G,2436-penny-rd,2025-12-27
RY6oAG,gtt-via-caldera-21,2025-12-27
GzZ6EG,calle-de-basauri,2025-12-27
wVV5xw,golden-digital-gateway-data-centre,2025-12-27
BXNyJG,verizon-frankfurt,2025-12-27
RpYNmG,sentinel-ny-1,2025-12-27
BgVOKw,itech-data-center-towers-itech-tower-2,2025-12-27
GLPbqG,centro-tecnologico-cantabria,2025-12-27
Bg55KG,mars-road-,2025-12-27
RjxDew,amazon-web-services-dub56,2025-12-27
RpYorG,visual-online-contern,2025-12-27
RpZNqw,ch1,2025-12-27
BqX10w,airtrunk-tok1,2025-12-27
wOQanR,villanueva-de-gallego,2025-12-27
BgVjWw,el-burgo-de-ebro,2025-12-27
BALVmw,london-south,2025-12-27
R8QrvG,stockholm-ericsson,2025-12-27
GlXnnG,waw03-edgeconnex,2025-12-27
RjxDzw,wynyard,2025-12-27
G6bY3G,iad41,2025-12-27
R4ZOPw,rentelecom-riba-de-ave,2025-12-27
RKlLzG,chennai-dc-2,2025-12-27
RpYoLG,dxc-technology-mitcheldean,2025-12-27
wVMPOG,se06,2025-12-27
BALV6w,luxembourg-space-agency-lsa-data-center,2025-12-27
Gl44rG,sgp3,2025-12-27
Bb8aWG,logistix-logix-i-campus,2025-12-27
GD94Dw,nte-doxford,2025-12-27
wOQaPR,par9--digital-park,2025-12-27
woX3gB,sungard-availability-services-munsbach---workplace-recovery-center,2025-12-27
BPbZVG,tdf-bouveret,2025-12-27
RYM86R,powerhouse-data-centers-quantum-connect,2025-12-27
GdzAqB,lusaka-data-center,2025-12-27
R0XYjR,bridge-data-centres-my01,2025-12-27
BELM3w,jørpeland,2025-12-27
Rj008w,amaroo-business-park,2025-12-27
RY6jAG,chennai-01---tidal-park,2025-12-27
RvD0Yw,crédit-agricole-fontaine-la-guyon,2025-12-27
GZoK6w,credit-agricole-mainvilliers,2025-12-27
qGLMzw,dc-sp01,2025-12-27
GaZ8mw,ar-telecom-lisbon-80,2025-12-27
GLD24G,powerhouse-datacenters-louisville,2025-12-27
R8LqVR,ashburn-moran-data-center,2025-12-27
R2ZxMR,las-rozas,2025-12-27
BXpJWB,yerushalaim-shel-zahav,2025-12-27
GrXE1B,altice-portugal-carnide,2025-12-27
GmXqmR,rabobank-boxtel,2025-12-27
woX0gB,lumen-technologies-london-leman-st,2025-12-27
GnKYyw,powerhouse-carlisle,2025-12-27
w5WxaR,masmovil-ibercom-san-sebastian,2025-12-27
RQnYjG,data-center-fortis-haren,2025-12-27
RpY0LG,ip-telecom-porto,2025-12-27
R8QKWG,altice-portugal-porto,2025-12-27
RKLq5G,tarentum-data-center,2025-12-27
BJgY5R,ip-telecom-viseu,2025-12-27
BE933B,eni-green-data-center,2025-12-27
weap6w,rentelecom-ermesinde,2025-12-27
R0mgQG,datachambers-raleigh,2025-12-27
GLPk5G,ibm-kista,2025-12-27
RQZV5G,inzai-campus,2025-12-27
RK8mPG,bahnhof-st-erik,2025-12-27
B7m9LG,chandivali-campus---mumbai-7,2025-12-27
R0aNMG,orange-evere-2,2025-12-27
GW653R,rentelecom-sacavem,2025-12-27
wMLkZG,dc-machelen,2025-12-27
qB1ZeR,kalaam-bahrain-data-centre,2025-12-27
BXNddG,orange-hoboken,2025-12-27
GddKOG,dc-flanders,2025-12-27
Rjm1mB,ashburn-1,2025-12-27
RjxrMw,verne-global-iceland,2025-12-27
B1pN8w,etix-everywhere-borealis-fitjar,2025-12-27
Gnorow,atos-vienna-south,2025-12-27
B1jayR,rungis,2025-12-27
R4Z5Vw,welwyn-garden-city,2025-12-27
RY69aG,stockholm-2-south,2025-12-27
GkpgDw,hammarby,2025-12-27
w5W9aR,huailai-big-data-technology-park,2025-12-27
wOQkAR,etix-everywhere-borealis-blonduos,2025-12-27
RK8m2G,high-sec-hosting-stockholm,2025-12-27
GzZMMG,navi-mumbai---panvel-dc-park-,2025-12-27
BqXA1w,lu-mii-sigmanet-data-centre,2025-12-27
Gl4JeG,budaors-dc-magyar-telekom,2025-12-27
GZo2dw,stockholm-3-north,2025-12-27
RvDo0w,digita-data-center-1,2025-12-27
BE9grB,tet-keldisa,2025-12-27
RN96YB,head-office-data-center,2025-12-27
w9L5kG,indore-data-center,2025-12-27
wOQbPR,swisscom-lausanne-savoie,2025-12-27
Rx9eoG,eu-north-riga-lv-dc3,2025-12-27
RK8A2G,telia-riga,2025-12-27
wOQ3AR,cygrids-eslov,2025-12-27
wVM57G,telia-tallinn-3,2025-12-27
BAL0yw,excellent-hosting-malmö-sverige,2025-12-27
BbY7Lw,celeste-marilyn,2025-12-27
R8Jy3w,qscale-q01-campus,2025-12-27
RQ62eG,google-project-mica,2025-12-27
Gnobow,lefdal-mine-data-center,2025-12-27
w9L7gG,dna-helsinki,2025-12-27
R8QvZG,optinet-data-centre,2025-12-27
BAgexG,forest-lane-data-center,2025-12-27
QwVqOG,oman-data-park-watayyah,2025-12-27
RNa2YB,london-colney-data-centre,2025-12-27
BAQKPB,par1and2-,2025-12-27
GykvWB,elisa-saterinportti,2025-12-27
RQnQDG,marsh-apple-lane-data-centre,2025-12-27
w5W77R,elisa-tapiola,2025-12-27
GrllgB,grupo-acs-fort-worth-campus,2025-12-27
RY6kaG,csc-kajaani,2025-12-27
bGzVoG,teraco-ct1,2025-12-27
BXNLjG,rbs-e4-data-centre,2025-12-27
GzZbDG,rbs-melville-gate,2025-12-27
Bg0QrR,md3x,2025-12-27
Gm5VJG,al-sultan-qaboos-st,2025-12-27
R8889R,edgeconnex-new-albany-north,2025-12-27
RpYxpG,lx1,2025-12-27
Ga7m9B,fyresdal,2025-12-27
BE95rB,atos-andover,2025-12-27
R2Jm4R,greystoke-land-abbots-langley,2025-12-27
wODqrB,fra4,2025-12-27
GD9lbw,rostelecom-data-centers-udomlya,2025-12-27
B1py3w,rostelecom-data-centers-m10,2025-12-27
Gno7vw,retn-obvodny-dc,2025-12-27
G3pyxw,selectel-data-center-tsvetochnaya-1,2025-12-27
woXapB,selectel-data-center-tsvetochnaya-2,2025-12-27
BPbe8G,selectel-data-center-dubrovka-3,2025-12-27
GDKK4R,edgeconnex-new-albany-south,2025-12-27
G6bLmG,jnb1,2025-12-27
w5WyvR,stack-telecom-hth,2025-12-27
R0aygG,xelent-st-petersburg,2025-12-27
RY6lOG,halkbank-tomurcuk,2025-12-27
BXJK1G,websahibi,2025-12-27
w9LyKG,ing-türkiye-istanbul,2025-12-27
Bb8lkG,julius-avenue,2025-12-27
Gkp76w,akbank-data-and-life-center,2025-12-27
wML3xG,ibm-istanbul,2025-12-27
BE9jdB,dimension-data-randview-data-centre,2025-12-27
Bg5ZQG,syd03-dci,2025-12-27
RNaAnB,compass-datacenters-statesville,2025-12-27
GLjbzB,svy01a,2025-12-27
BqXPlw,obit-moskovsky-prospekt,2025-12-27
GzZjZG,mts-lytkarino-avantazh,2025-12-27
RK8OZG,ipserver-fiord-data-center,2025-12-27
GmXo5R,turknet-gayrettepe,2025-12-27
8Rvr0R,wallonia-one,2025-12-27
BJLDeG,shoham,2025-12-27
RvX4aw,jeollanam-data-centre-campus,2025-12-27
6w9qkw,dc9-and-10-gosport,2025-12-27
BgVDzw,veesp-fnc-data-center,2025-12-27
Rjxpnw,miran-miran-1,2025-12-27
R8QjDG,main-geophysical-observatory-a-i--voeikova-world-radiation-data-centre,2025-12-27
GD9Wew,istanbul-(cizgi-telecom),2025-12-27
GZ61WG,gangwon-data-centre-campus,2025-12-27
B7EgJG,paris-ai-campus,2025-12-27
GD9enw,madrid,2025-12-27
PBPElR,zywiec-infomex,2025-12-27
GnoVvw,3data-m137,2025-12-27
RpYWdG,3data-a35,2025-12-27
wOQ5AR,goldman-sachs-east-grinstead-data-centre,2025-12-27
BJg1mR,3data-p6,2025-12-27
BgVoQw,ark-data-centres-union-park,2025-12-27
G3pKxw,3data-ba81,2025-12-27
woXepB,3data-bp54,2025-12-27
wVM39G,3data-k7,2025-12-27
GneOyR,estruxture-tor-2,2025-12-27
BPb88G,3data-e2,2025-12-27
woX1eB,the-center,2025-12-27
GDKqzR,dc-mechelen,2025-12-27
R4Z15w,3data-u8,2025-12-27
RY6eOG,3data-sk19,2025-12-27
GkpJ6w,data-park,2025-12-27
BqglyG,tpa-social-circle-technology-park,2025-12-27
R8mNMG,sursee,2025-12-27
Gz3zZw,bl2,2025-12-27
B13ZxG,swe02,2025-12-27
RvDqAw,ntt-global-data-centers-berlin-2,2025-12-27
XRjWzG,vienna-1,2025-12-27
R4Dp3R,algete-data-hub,2025-12-27
GaZOKw,3data-mr4,2025-12-27
Gykl9B,datahouse-ru-st--petersburg,2025-12-27
w5WOvR,datahouse-ru-yekaterinburg,2025-12-27
RQnD1G,yandex-vladimir-dpc,2025-12-27
wMLlxG,yandex-sasovo-dcp,2025-12-27
Rx9gLG,samrand-datacentre,2025-12-27
GdJoDB,wexham,2025-12-27
Gz76jw,recovery-point-data-center,2025-12-27
R2Zk6R,datema-bilisim-datacasa,2025-12-27
RKLlDG,hampton,2025-12-27
RNeAYB,microsoft-east-point,2025-12-27
GddjNG,yandex-ivanteevka-dcp,2025-12-27
GDL0pG,reutlingen,2025-12-27
GLPMZG,russian-railways-kalanchevskaya,2025-12-27
BqgdMG,iver-data-centre,2025-12-27
w5z5aB,sines,2025-12-27
YBgQxG,edgecore-reno-campus,2025-12-27
RpO3pB,mel4-,2025-12-27
wOvzdG,lis001-and-lis002,2025-12-27
BALqew,turkcell-izmir,2025-12-27
w9xqeG,switch-datacenters-the-keep-campus,2025-12-27
GzZeZG,russian-space-research-institute-data-centre,2025-12-27
RK8MZG,neoserver-lotos-business-center,2025-12-27
BgVQzw,web-data-center-khimki,2025-12-27
RjxKnw,electronic-moscow-dpc-nagornaya,2025-12-27
RK8M4G,radius-host-kolpachny-lane,2025-12-27
wOQMkR,business-system-telecom-moscow,2025-12-27
GlXO7G,vtb-bank-vorontsovskaya,2025-12-27
RjxKQw,vtb-bank-ulitsa-plyushchikha,2025-12-27
BJP9oG,mel5,2025-12-27
BE1NLB,tract-altoona,2025-12-27
RNaOoB,avaio--appomattox-county,2025-12-27
GZ6bgG,meta-beaver-dam,2025-12-27
RQ6Z9G,stc-al-qurain,2025-12-27
GrXD4B,vtb-bank-perovo,2025-12-27
G6n3bG,kuwait-data-center-campus,2025-12-27
RpYrVG,sberbank-mega-data-center,2025-12-27
BJgEzR,sberbank-skolkovo-innovation-center,2025-12-27
GD9Mpw,garanti-bbva-istanbul,2025-12-27
G32O6R,melbourne-1-dayone,2025-12-27
BgAvOG,stack-infrastructure-lithia-springs-campus,2025-12-27
GDL8YG,dc-blox-montgomery,2025-12-27
Gddq7G,ber1,2025-12-27
G6nPgG,ravenscraig-data-centre,2025-12-27
w9LpeG,japan-agency-trading-ichikawa,2025-12-27
Ga77YB,serverfarm-atlanta-2,2025-12-27
RKv5zB,cyrusone-mesa-campus,2025-12-27
woXj5B,goznak-moscow-dpc,2025-12-27
R0aYpG,google-lenoir--north-carolina,2025-12-27
wVMQXG,goznak-st-petersburg-dpc,2025-12-27
Gk4l7w,starwoodcapitalgroup-project-washington,2025-12-27
Gkp15w,bouygues-telecom-saclay,2025-12-27
BAQ1aB,dc-blox-huntsville-2,2025-12-27
R8mdWG,estacion-4-0,2025-12-27
wo1VxR,raipur-ai-dc-park,2025-12-27
qB1oQG,cologix-nnj3,2025-12-27
BqXDEw,khazna-dxb5,2025-12-27
GzZWpG,al-kifaf-data-center,2025-12-27
GaZL3w,bouygues-telecom-bievres,2025-12-27
Bb8ArG,project-splice,2025-12-27
BXN8WG,khazna-dxb8,2025-12-27
GnKKnw,holden,2025-12-27
RNQk8B,master-internet-masterdc-brno,2025-12-27
RxnNvw,dc17,2025-12-27
RvDJgw,khazna-auh1,2025-12-27
Rx9VZG,ehosting-datafort-internet-city,2025-12-27
GmXl9R,khazna-aan2,2025-12-27
R8QqMG,o2-czech-data-center-chodov,2025-12-27
Rjx1Qw,o2-czech-data-center-nagano,2025-12-27
B1pqxw,khazna-auh3,2025-12-27
Gdzl4B,yexio-dorfen,2025-12-27
RK8P4G,t-systems-pragonet-telehouse-prague,2025-12-27
GkpO5w,casablanca-int-telehouse-data-center,2025-12-27
G3pqWw,du-business-bay-data-center,2025-12-27
wea9Aw,dubai-health-authority-smart-data-center,2025-12-27
Gz32pw,rumble-technology-campus-,2025-12-27
woXr5B,brno-malomerice-data-center,2025-12-27
Gnomaw,itself-th-brno,2025-12-27
BJgWzR,itself-th-ostrava,2025-12-27
wVMjXG,synot-ict-services-monaco-data-center,2025-12-27
BPbaKG,cra-dc-tower,2025-12-27
GmxzvR,runze-(huizhou)-international-information-port,2025-12-27
w5WrYR,pulsant-manchester-1,2025-12-27
GZoAvw,ans-manoc-5--6-and-7ns,2025-12-27
BX6pJG,opendc-pe1,2025-12-27
Bb8K0G,resilient-technology-park,2025-12-27
RY6D4G,ce-colo-dc7,2025-12-27
BbYWxw,dc-1-prague,2025-12-27
GzZKpG,leeds-dc1-dc2-dc3,2025-12-27
RpZ9rw,caborana,2025-12-27
BE9YXB,datacentreplus-uk-manchester,2025-12-27
RjxNQw,data-center-leipzig-west-,2025-12-27
BXN0WG,nasstar-manchester,2025-12-27
GLP0NG,iomart-dc6-turing-house,2025-12-27
B1pOxw,parseq-rotherham,2025-12-27
R8QAMG,mtn-business-gallo-manor-data-center,2025-12-27
BqXyEw,iomart-dc7-lovell-house,2025-12-27
RjxNEw,foreshore-datacenter,2025-12-27
Gno6aw,kddi-telehouse-leon-frot,2025-12-27
RK80zG,mts-greenbushdc,2025-12-27
wODDrB,neucentrix-malang,2025-12-27
BgVyOw,citibank-riverdale-data-centre,2025-12-27
R0l8WR,dc18,2025-12-27
R2JngR,arrasate,2025-12-27
GlXyeG,vodafone-matrix-park,2025-12-27
BJPQrG,edgeconnex-austin--texas,2025-12-27
RY6ONG,piraeus-bank-athens,2025-12-27
BE9moB,osa2-kobe-computer-center-(kcc),2025-12-27
BbYp6w,africa-data-centres-los1,2025-12-27
RjW6nG,ott-data-center,2025-12-27
R8QA4G,veriteknik-ankara,2025-12-27
Gdrj4B,cologix-van4,2025-12-27
GdzvrB,project-turbo,2025-12-27
Gdd3LG,cloudrock-cr1,2025-12-27
RNQWYB,friktoria-volos,2025-12-27
w5WPER,metamorphosis-ii,2025-12-27
RN8jVw,tloop-dec001,2025-12-27
BE9DjB,mumbai-bse-,2025-12-27
GDol1R,shared-services-canada-edc-borden,2025-12-27
BPbmbG,mdxi-lekki-data-centre,2025-12-27
GW6xvR,medallion-communications-medallion-abuja,2025-12-27
GrX7KB,ntt-global-data-centers-tokyo-no--3,2025-12-27
Rjx4Ew,ntt-global-data-centers-tokyo-no--2,2025-12-27
wOQPZR,ntt-global-data-centers-tokyo-no--9,2025-12-27
DR4jLw,estruxture-van-1,2025-12-27
GkpnWw,kddi-telehouse-tama-campus,2025-12-27
R2Z84R,tyo3-comspace-2,2025-12-27
G6nQ1G,navi-mumbai-1,2025-12-27
RQ6b5G,decennial-group-hammond,2025-12-27
GdYaNw,helsinki-dc,2025-12-27
w5WnER,tyo2-comspace-1,2025-12-27
RY6xNG,kddi-telehouse-tokyo-fuchu-data-centre,2025-12-27
RvX7Yw,new-hill-digital-campus,2025-12-27
Rx9aKG,arteria-comspace-iii,2025-12-27
BALoew,jhb2-samrand-data-centre,2025-12-27
wMLN4G,arteria-comspace-toranomon,2025-12-27
BJv48B,kerava,2025-12-27
B1poVw,esds-mumbai-data-center,2025-12-27
R0lWAR,loviisa,2025-12-27
G33ePG,data-center-nuhcmc,2025-12-27
RNQ9VB,beyondpl-data-center-2,2025-12-27
R8Qg9G,globalconnect-ip-only-hisings-karra-goteborg,2025-12-27
GkYn6B,taipei-neihu-cloud-idc,2025-12-27
w5Va3B,core-scientific-dalton-4,2025-12-27
wOvNAG,design-district,2025-12-27
BgVr6w,cyberjaya-2-(cbj2),2025-12-27
G6oM4w,bridge-data-centres-bby1,2025-12-27
GdzJDB,lacchiarella-apto,2025-12-27
BALzQw,ntt-global-data-centers-cyberjaya-5-(cbj5),2025-12-27
BJgzqR,mumbai-internet-data-centre-3,2025-12-27
RpY43G,mumbai-internet-data-centre-4,2025-12-27
w5Vj0B,d01,2025-12-27
RNQzVB,bytemark-yo26,2025-12-27
BbYjkw,ip-house-london-docklands,2025-12-27
RY6zdG,cyberjaya-1-(cbj1),2025-12-27
wVMzbG,paix-nairobi-1,2025-12-27
wVMepG,pccw-global-icx,2025-12-27
GW6z1R,safaricom-kisumu-data-centre,2025-12-27
weaDVw,safaricom-thika-data-centre,2025-12-27
RpY63G,at-tokyo-kc1,2025-12-27
Gz7ydw,databank-centennial-campus-(den2-and-den5),2025-12-27
GnKXOw,md4x,2025-12-27
BqX96w,pune-,2025-12-27
Bg55QG,neucentrix-banjarmasin,2025-12-27
B7m0PG,finexus-campus,2025-12-27
GLPzQG,finexus-towers,2025-12-27
BALOQw,mumbai-dc2,2025-12-27
BE17YB,bkk1-digitaledge,2025-12-27
BE9r6B,coig-katowice,2025-12-27
B7mkPG,evolink-data-center-sofia-1,2025-12-27
G6aymR,gdc-cordoba,2025-12-27
BbYMkw,neterra-stolnik,2025-12-27
RvDMaw,neterra-ruse,2025-12-27
GLD9zG,datacenter-of-antalya,2025-12-27
GykKVB,data-techno-park-itq-data-center,2025-12-27
RQnP9G,orange-wroclaw-ii,2025-12-27
GkpM0w,korbank-wroclaw,2025-12-27
RNQVVB,t-mobile-piekna,2025-12-27
GD96zw,bank-of-east-asia-(bea)-hong-kong-dc,2025-12-27
4RK4DG,equinix-ty3,2025-12-27
nR2QLB,digital-realty-tor1,2025-12-27
RK8JDG,dc10,2025-12-27
R8QgVG,victor-hugo-data-center-(bix-building)-,2025-12-27
GrX1XB,netia-heart,2025-12-27
B1pVew,dc3---katowice--ligocka,2025-12-27
BqXM6w,servergarden-doclernet-data-center,2025-12-27
GD9D4w,bdx-hkg1,2025-12-27
YBgj6w,equinix-ty6,2025-12-27
GnoyKw,orange-katowice,2025-12-27
Gnoynw,telekom-romania-hosting-data-center-brasov,2025-12-27
Rjxa8w,telepoint-montana,2025-12-27
R4kkLB,aws-pdx178,2025-12-27
GW6l0R,goteborg-energi-gothnet-backa,2025-12-27
GlXerG,itech-data-center-towers-itech-tower-1,2025-12-27
dGWP1w,equinix-ty10,2025-12-27
gweogR,bulk-infrastructure-os-ix-(oslo-internet-exchange),2025-12-27
woX7lB,pdx4-aws-boardman,2025-12-27
Gz7qAw,espoo_hyperco,2025-12-27
GykDLB,oderland-goteborg-1,2025-12-27
RN8Lnw,drt-bersama-cgk11,2025-12-27
G6QAPR,estruxture-tor-4,2025-12-27
VwM4zG,equinix-ty8,2025-12-27
RQn5pG,bt-global-services-ireland-site-2,2025-12-27
Rx98dG,clydesdale-bank-hillington-park,2025-12-27
R2ZzDR,bt-global-services-ireland-site-3,2025-12-27
wMLbnG,edgeit-frolunda,2025-12-27
qB11xB,colt-dcs-otemachi,2025-12-27
R0WgKB,shinsenri-nishimachi,2025-12-27
Gm43DR,port-talbot-data-centre,2025-12-27
RNQvlB,nats-swanwick,2025-12-27
RpYv5G,ntt-global-data-centers-tokyo-no--11,2025-12-27
Gl4YgG,sp03,2025-12-27
R4o98B,telehouse-canada-151-front-street,2025-12-27
Rjxj8w,inet-idc2,2025-12-27
GdAmOw,jakarta---smx01,2025-12-27
Rj02Nw,dutch-cloud-campus-,2025-12-27
GD9Dzw,scsk-netxdc-tokyo-center-1-(st1),2025-12-27
RK8XqG,fo-tan-(hkg2)-data-centre,2025-12-27
GmXDVR,china-unicom-global-centre,2025-12-27
BX4pMB,sunevision-iadvantage-one,2025-12-27
R2JOeR,vantage-data-centers-millersport,2025-12-27
B1pnMw,canmer-data-molndal,2025-12-27
w5Wo8R,nuremberg-rz1,2025-12-27
GkprMw,broadband-tower-chibuya-data-center,2025-12-27
B1j3MR,gsa-next02,2025-12-27
w9LP0G,broadband-tower-meguro-data-center,2025-12-27
RpOEmB,fairview-township-data-center,2025-12-27
G3pJyw,true-idc-midtown-ratchada,2025-12-27
Grlp7B,ankara-data-hub,2025-12-27
RY6XmG,data-center-i,2025-12-27
RpYpDG,evoque-data-centre-solutions-tokyo-3-ahl1,2025-12-27
GZoXnw,berlin-east-data-center,2025-12-27
woXneB,true-idc-midtown-pattanakarn,2025-12-27
B7EXJG,gyeongbuk-ai-cloud-data-centre,2025-12-27
RQnXpG,stuttgart-2,2025-12-27
BJP7ZG,marviken,2025-12-27
zwOykR,colt-dcs-shiohama,2025-12-27
BE1LoB,pathum-thani-damac,2025-12-27
RKLWeG,amazon-web-services-jefferson-township,2025-12-27
GZ6K6G,roper-st--francis-data-center,2025-12-27
Rx9l4G,mumbai-dc3,2025-12-27
B7myQG,interxion-a-digital-realty-company-mrs4,2025-12-27
BqXkvw,moscow-south-campus-,2025-12-27
R88e3R,mxp2-hscale,2025-12-27
Bg5AKG,safaricom-national-data-center,2025-12-27
GrXY7B,itochu-techno-solutions-shibuya-data-center-(sdc),2025-12-27
GrXYgB,par1-cyrusone,2025-12-27
B1pkyw,bhx2,2025-12-27
Gy4pZR,thorney-business-park-(western-plot),2025-12-27
BALjOw,scsk-netxdc-tokyo-center-2-(st2),2025-12-27
Gy40OR,gen03-,2025-12-27
weaA4w,google-hanau,2025-12-27
RYNP6G,softbank-group-stargate-lordstown,2025-12-27
BJgooR,scsk-netxdc-chiba-center-2-(si2),2025-12-27
BPb9nG,smals-brussels,2025-12-27
RY62bG,cec-tokyo-no-2-data-center,2025-12-27
wVMZoG,sakura-internet-nishi-shinjuku-data-center,2025-12-27
G3pa6w,ntt-global-data-centers-tsukiji,2025-12-27
RpY9pG,scsk-netxdc-chiba-center-1-(si1),2025-12-27
woX4xB,ntt-global-data-centers-minato,2025-12-27
BXJZNG,bangkok,2025-12-27
w9L2QG,dc-evere,2025-12-27
RvDrAw,zayo-group-zcolo-brussels,2025-12-27
GddEbG,verixi-louise-data-center-5,2025-12-27
G6b6PG,north-data-centre,2025-12-27
wOv2kG,tritax-manor-farm,2025-12-27
BE9qVB,s6,2025-12-27
BE96VB,kc2,2025-12-27
Gy4JbR,bit-digital-madison,2025-12-27
RNQ6LB,ntt-communications-corporation-apt-datamatrix-dc,2025-12-27
GzZndG,epsilon-singapore,2025-12-27
GmXEjR,nomura-research-institute-yokohama-data-center-1,2025-12-27
Ga7NmB,project-accelerate,2025-12-27
RK865G,pdg-sg1,2025-12-27
B1p6yw,dodid-data-centre,2025-12-27
R8Q63G,united-overseas-bank-data-center,2025-12-27
BJg6oR,ntt-communications-corporation-shanghai-pudong-data-center,2025-12-27
mG30lw,echelon-dub-10,2025-12-27
BAL6Ow,nomura-research-institute-yokohama-data-center-2,2025-12-27
woXqxB,kc1,2025-12-27
G6b4NG,mumbai-vikhroli-iv,2025-12-27
GzY8oR,lumen-minnetonka-premier-select,2025-12-27
B7EQPG,data-center-ghbank,2025-12-27
RNQELB,ic3-east,2025-12-27
Gdd9bG,china-telecom-guiqiao-dc,2025-12-27
RvDlAw,dr-peng-telecom-shanghai-dc,2025-12-27
G6bdPG,china-telecom-baozhiyun-idc,2025-12-27
GmX2jR,glebe-data-centre,2025-12-27
B1j44R,isc-tower-building,2025-12-27
Rx9r1G,singtel-tuas-cls,2025-12-27
BPbEnG,china-construction-bank-ccb-center,2025-12-27
wOQdrR,china-unicom-zhoupu-data-center,2025-12-27
GnoQgw,shanghai-cloud-computing-center,2025-12-27
Bg5q6G,site-4-(pulai-2),2025-12-27
wOQddR,yongsan-idc,2025-12-27
wVMoVG,china-telecom-zhenru-data-center,2025-12-27
BAQ9eB,dc-bavaria,2025-12-27
RjxZyw,hkbn-enterprise-solutions-wtt-data-center,2025-12-27
GD9X1w,naver-gak-chuncheon,2025-12-27
jBEL3w,sin10-(jurong-east),2025-12-27
weay6w,hyderabad-dc2,2025-12-27
w5WegR,lg-uplus-jeonju-centre,2025-12-27
GkpLqw,china-telecom-caobao-computer-room,2025-12-27
GykL1B,lg-uplus-gwangju-centre,2025-12-27
GZoPLw,lg-uplus-daejeon-centre,2025-12-27
R2rYQR,igis-samsong-data-centre,2025-12-27
BAL9xw,amazon-web-services-katrineholm,2025-12-27
BqgZ6G,namsskogan,2025-12-27
RY6mmG,pccw-solutions-cyberport-(mcx-6),2025-12-27
B7mPJG,gds-holdings-sh12,2025-12-27
GmXLDR,gds-holdings-sh8,2025-12-27
woX2XB,optus-ultimo,2025-12-27
w5W8gR,jbd-data-centre,2025-12-27
R4Zrgw,japan-agency-trading-tachikawa,2025-12-27
RK8gVG,gds-holdings-sh7,2025-12-27
B1pm6w,gds-holdings-sh6,2025-12-27
GD9x1w,gds-holdings-sh16,2025-12-27
wea4Nw,hana-financial-group-integrated-data-centre,2025-12-27
GnoLgw,shinhan-data-centre,2025-12-27
B7mp8G,vantage-data-centers-zurich-campus,2025-12-27
RvDKNw,nj1,2025-12-27
w9qggw,k-square-data-centre,2025-12-27
lR80vR,h5-denver,2025-12-27
GLDKzG,hq-data-center-,2025-12-27
B1pg6w,ntt-global-data-centers-taito,2025-12-27
GLPQzG,shibuya-1,2025-12-27
RNQMoB,ntt-global-data-centers-nerima,2025-12-27
Rx9OeG,db-insurance-integrated-data-centre,2025-12-27
wVn7ow,albaraka-turk-headquarters-data-center,2025-12-27
BE9aYB,pus05,2025-12-27
RQn0aG,hanhwa-jukjeon-data-centre,2025-12-27
BAL4Mw,china-telecom-yokohama-data-center,2025-12-27
GlXZZG,china-telecom-city-north-dc,2025-12-27
Rjxbyw,china-unicom-golden-bridge-dc-(jinqiao),2025-12-27
RpYQAG,hyderabad-idc,2025-12-27
GrXMrB,china-unicom-national-data-center-(shanghai-caohejing-idc-computer-room),2025-12-27
wOQNdR,tokyo-gas-arakawa,2025-12-27
BJgMeR,tcc1-pangyo,2025-12-27
RjJZzR,mae1-and-mae2,2025-12-27
GZog3w,nb1,2025-12-27
woXMKB,sk-broadband-gasan-centre,2025-12-27
GW6D5R,national-university-of-singapore-(nus)-computer-center,2025-12-27
GrvkrG,sant-cugat-green-building,2025-12-27
GlX2PG,bnk-it-centre,2025-12-27
GaZPLw,china-telecom-jian'an-data-center,2025-12-27
BbY4Ww,china-telecom-south-bund-dual-line-data-center,2025-12-27
RY6neG,china-telecom-shanghai-telecom-fuhua-computer-room,2025-12-27
w9ZEpB,bt-paris,2025-12-27
BgVeOw,mtn-business-nairobi-datacenter,2025-12-27
BXJ3JG,hydravault-2538-south-wabash-avenue,2025-12-27
GD9dnw,fujitsu-kanagawa,2025-12-27
BgVN0w,china-telecom-wusheng-road-computer-room,2025-12-27
R8QbPG,beokame-data-centre,2025-12-27
R0arpG,canon-it-solutions-nishi-tokyo-data-centers,2025-12-27
B1pWQw,idc-frontier-shinkawa,2025-12-27
GrVAlG,sky-bintan-data-center,2025-12-27
RK8j3G,idc-frontier-shinjuku,2025-12-27
GddkPG,hitachi-yokohama-campus,2025-12-27
GLP6AG,tokyo-teleport-center-telecom-center-building,2025-12-27
B7m3nG,ntt-global-data-centers-tokyo-no--7,2025-12-27
GZ643G,humber-tech-park-south-killingholme,2025-12-27
weaxgw,dnp-kashiwa-data-center,2025-12-27
G3p4Xw,china-telecom-telecom-information-park,2025-12-27
GnoOkw,yokohama-data-center,2025-12-27
w9Lv7G,cat-telecom-cat-data-center-bangrak,2025-12-27
GW6W5R,pacific-internet-pith-data-center,2025-12-27
Gm45vR,bermuda-hundred-road,2025-12-27
Gz7EAw,firq,2025-12-27
Gm4PjR,zur03,2025-12-27
BbY5Ww,equinix-ty12x,2025-12-27
R2JKMR,yorizon-vienna,2025-12-27
BPbMKG,hsbc-wakefield-gdc,2025-12-27
RvDnyw,tot-chaengwattana-idc,2025-12-27
GaZyLw,cat-telecom-cat-data-center-sriracha,2025-12-27
weaLzw,wavecom-data-center,2025-12-27
GLPa5G,va2,2025-12-27
B7mAJG,sankei-data-centre,2025-12-27
Gyk3bB,tot-krungkasem-idc,2025-12-27
BJgXNR,true-idc-north-muangthong,2025-12-27
RK8Q3G,songjiang-big-data-computing-center,2025-12-27
G6bmdG,shanghai-athub-xiaoshan,2025-12-27
Rx9J4G,bkk1-stt-gdc,2025-12-27
GLD1qG,camden,2025-12-27
B1plQw,shanghai-science-and-technology-network-communication-baoshan,2025-12-27
GnoZkw,equinix-bx1-6,2025-12-27
RjxYJw,anxiaoyun-data-center,2025-12-27
R8QpvG,m-vault-2,2025-12-27
wM2yWB,manama-hq-data-center,2025-12-27
w5VxaB,google-puncak-alam-1,2025-12-27
R8JO4w,stack-infrastructure-tor01,2025-12-27
weaWDw,clonshaugh-,2025-12-27
GZor9w,chennai-2-,2025-12-27
Rx9dvG,akashiq-dc-1-,2025-12-27
RQndeG,bangalore-dc-1,2025-12-27
GrvJ1G,5-central-street,2025-12-27
Gdz2PB,university-of-michigan-ypsilanti,2025-12-27
G3prlw,cherry-servers-data-center,2025-12-27
w5WDZR,chennai,2025-12-27
BXNkJG,florencetim,2025-12-27
Gm4kDR,culpeper-campus-data-center-(iad6),2025-12-27
GddNrG,padova,2025-12-27
Gz74ow,microsoft-yto14,2025-12-27
R0akWG,bologna,2025-12-27
GdYkOw,interxion-a-digital-realty-company-mrs3,2025-12-27
w5A6Zw,cica,2025-12-27
GmXzrR,crawley,2025-12-27
GLPAqG,viatel-technology-group-vdc2-park-west,2025-12-27
GlXznG,365-data-centers-richardson,2025-12-27
RpZLLw,xai-colossus-1,2025-12-27
R8Q2vG,chennai-data-center,2025-12-27
GkYKqB,cawley-road,2025-12-27
GD915w,gigacenter-data-center,2025-12-27
GW69bR,central-,2025-12-27
wea6Dw,edatacenter,2025-12-27
Gl4PxG,iron-mountain-mia-1,2025-12-27
wODWnB,blix-data-center,2025-12-27
GZoa9w,balkan-gate-i,2025-12-27
GkpmXw,be-mobile-data-center,2025-12-27
BbYxew,parkovy,2025-12-27
R4Zv3w,idc-tan-thuan,2025-12-27
RNQlnB,novosibirsk,2025-12-27
Bqg5dG,alcalá-de-henares-msft,2025-12-27
BE9dLB,dc21,2025-12-27
RK8V5G,tyo4-5-6,2025-12-27
GykzEB,wa0-main,2025-12-27
B7EWZG,data-foundry-data-ranch-2,2025-12-27
BbYoew,chennai-dc-1-,2025-12-27
RpYXrG,digital-realty-iad14,2025-12-27
GzZ8EG,aws-meerkhanpet,2025-12-27
GddXqG,iskandar-puteri-core-data-centre-(nusajaya-tech-park),2025-12-27
GD905w,sb1,2025-12-27
RjxMew,fs1,2025-12-27
R8mZ4G,undisclosed-apollo,2025-12-27
Gz7OEw,innovation-campus-uptownbasel,2025-12-27
w9L6kG,dc6---kraków--królewska,2025-12-27
BbYN0w,st--petersburg,2025-12-27
GnodQw,pi-amaravati,2025-12-27
RpYXLG,zhuanqiao-01,2025-12-27
BJgK5R,kolkata-dc-,2025-12-27
wVMJOG,stt-noida-dc1-(tower-1),2025-12-27
RvDpYw,hyderabad-1,2025-12-27
BqZ0MR,mel01-stack,2025-12-27
wMLJZG,db5x,2025-12-27
wM2rnB,switch-the-citadel-campus,2025-12-27
BXNadG,netxdc-chiba-center-3-(si3),2025-12-27
RK8nPG,bangalore-1-,2025-12-27
BqX8lw,ntt-global-data-centers-madrid-1,2025-12-27
Rx93XG,village-2,2025-12-27
GD9gDw,itncr,2025-12-27
BqgqMG,lille--4,2025-12-27
G3p5Aw,datacenter-cellnex-maastricht,2025-12-27
GrX81B,media-gateaway,2025-12-27
BgVXrw,hh3andr1,2025-12-27
Rjxqzw,thg1,2025-12-27
wVMkOG,nl3,2025-12-27
GDKnzR,guam-exchange,2025-12-27
G6nb1G,crusoe-stargate-site-1-(abilene-clean-campus),2025-12-27
BJgA5R,global-e-europalaan-5,2025-12-27
wead6w,wdf51-1,2025-12-27
RxnZaw,prosperity-parc,2025-12-27
Rj0nyw,gölbaşı-data-center,2025-12-27
R0anMG,building-1,2025-12-27
wMLvZG,qualcomm-building-6-,2025-12-27
BA7yyG,worcester,2025-12-27
R8mk3G,damac-bangkok,2025-12-27
RNQyZB,qualcomm-building-2b,2025-12-27
GZoD6w,iti-data-center,2025-12-27
Rx9zvG,h-q--building,2025-12-27
GLD8qG,eldoret-data-center,2025-12-27
GzZ2jG,hyderabad-idc-1,2025-12-27
BE9OLB,cesano-maderno,2025-12-27
GrX31B,idc,2025-12-27
B1pJOw,chennai-idc,2025-12-27
RpYALG,ashburn-3,2025-12-27
BAL16w,netcracker-idc,2025-12-27
wOQ2PR,mumbai-idc,2025-12-27
RK8kPG,mumbai,2025-12-27
GlX1VG,data-processing-center-,2025-12-27
Rj0Wmw,data-center-el-alto,2025-12-27
BAg8OG,chachoengsao-damac,2025-12-27
RjPl8w,via-giovanni-bensi,2025-12-27
wVVL7w,ohp,2025-12-27
weX3zG,datasfera-data-centre,2025-12-27
GWM4NB,hostingua-data-centre,2025-12-27
BPvAlG,turhienievskaya,2025-12-27
Gne1oR,zaragoza,2025-12-27
Bg5lWG,blix-nr5,2025-12-27
RpqgqG,hexaware-idc,2025-12-27
BXpqjB,dc,2025-12-27
R4oYlB,colocall-bunker,2025-12-27
w9ZkgB,g50-data-center,2025-12-27
BblLKG,omega-telecom-data-center,2025-12-27
R2nmQR,kiev-line-data-center,2025-12-27
RxZkow,aligned-iad-02,2025-12-27
G3MY3B,gmhost-khmelnytsky,2025-12-27
GWMvNB,adamant-data-center,2025-12-27
Rv420w,internet-data-center-,2025-12-27
RQZvDG,ibm-1-,2025-12-27
B7QpeG,pune-dc,2025-12-27
GneXoR,hsbc-idc,2025-12-27
GrZegG,via-anna-kuliscioff,2025-12-27
RpOxpB,k2-jhr2,2025-12-27
R2nbQR,bangalore-internet-data-centre-2,2025-12-27
GyZ5Ww,via-carlo-perrier,2025-12-27
GkYxDB,leibniz-datacenter-,2025-12-27
BqgOdG,nairobi-data-centre,2025-12-27
GZolgw,google-taylor-lake-data-center,2025-12-27
BJLZrG,menara-boustead-data-centre,2025-12-27
Rv4A0w,via-piero-calamandrei,2025-12-27
RYKyaw,rome,2025-12-27
GZ1NdR,via-giulio-vincenzo-bona,2025-12-27
RKLEVG,rusayl-data-center-2,2025-12-27
RKLKeG,pennes-mirabeau,2025-12-27
GdJY8B,h-d--building,2025-12-27
R2nveR,cibicom-ballerup,2025-12-27
RQZyDG,hyderabad-internet-data-center,2025-12-27
BgA1mG,equinix-wa4x,2025-12-27
BE8orw,chief-telecom-t-f--building,2025-12-27
G3pgYw,edgeconnex-por02,2025-12-27
wOQeoR,3s-data-center-dc5-warszawa--annopol,2025-12-27
R4DZXR,puy-en-velay,2025-12-27
RKla2G,tainan-zhongshan-idc,2025-12-27
Gz49DB,telecom-taichung-taiping-idc,2025-12-27
BA7LyG,shanghai-unicom-waigaoqiao-cloud-base-guangxun-data-center-project,2025-12-27
RjPmMw,ancona,2025-12-27
RNam6B,digital-realty-atl15and16,2025-12-27
R0moMG,kasi-cloud-data-centre,2025-12-27
R4oZ5B,vitro-makati-1,2025-12-27
GamZKG,vitro-paranaque,2025-12-27
w9ZLKB,vitro-cebu-2,2025-12-27
BblYjG,vitro-pasig,2025-12-27
GDr9eB,telephone-house---mombasa-,2025-12-27
Rv4DMw,vitro-subic,2025-12-27
GdzYLB,chun-ui-dong-data-centre,2025-12-27
R8VQDw,telephone-house---nairobi-,2025-12-27
Rj08ew,montereau-vallée-de-la-seine,2025-12-27
woQXpR,3ds-paris-campus,2025-12-27
B7QmbG,jerusalem,2025-12-27
RxZ9Lw,shirakawa-data-center,2025-12-27
GdJdNB,carini,2025-12-27
mGrO8w,asseco-data-systems-lodz,2025-12-27
BXpNaB,vernole,2025-12-27
Gz44ZB,vitro-cebu-1,2025-12-27
GLjjZB,innovation-center,2025-12-27
we854G,albaraka-turk-mecidiyekoy-new-data-center,2025-12-27
R0WagB,tiscali-palermo,2025-12-27
BE89dw,via-coschi,2025-12-27
RN9QdB,smarthub-kalba-data-center,2025-12-27
GneevR,sagamu-data-centre,2025-12-27
GrZZ5G,avenue-de-la-bauxite,2025-12-27
weXXLG,villeneuve-d'ascq,2025-12-27
BblljG,loos,2025-12-27
R0lKpR,fl-fort-meade,2025-12-27
woQQpR,carnot,2025-12-27
RpqqdG,stt-gdc-dv1,2025-12-27
wODqdB,sucy-bonneuil,2025-12-27
GZ118R,seclin,2025-12-27
wMLmzG,beyondpl-data-center-1,2025-12-27
wMmmxw,dijon,2025-12-27
G6QQmR,le-mans,2025-12-27
GyZZ9w,antibes,2025-12-27
RxZZLw,chateaubourg,2025-12-27
R8VJDw,bezeq-international-tlv-yated,2025-12-27
BJrYNB,bangunan-kwsp-changkat-raja-chulan,2025-12-27
wOmLDR,petah-tikva,2025-12-27
Bg0AzR,toulouse--1,2025-12-27
Gne4vR,shacham,2025-12-27
Gz4YZB,lasotel-lyon,2025-12-27
RjPWnw,tel-aviv,2025-12-27
weXNAG,med1-tel-aviv,2025-12-27
R4oJVB,vendée-1,2025-12-27
RYKq4w,ikdc01-reims,2025-12-27
RN9qYB,kaust-campus,2025-12-27
B1AXxB,afek,2025-12-27
wVV6Xw,med1-petah-tikva,2025-12-27
Rj02yw,mil07-stack,2025-12-27
G3MVWB,tirat-carmel-campus,2025-12-27
RjPWQw,ness-ziona,2025-12-27
wMmArw,neucentrix-gubeng,2025-12-27
GneqaR,cgk1-jakarta-city-center,2025-12-27
RKlv4G,cairo-data-center-,2025-12-27
RQZ3nG,neucentrix-lembong,2025-12-27
GdJA7B,neucentrix-meruya,2025-12-27
BA7QPG,bozouls,2025-12-27
BqZvER,makassar,2025-12-27
RxZYZw,netcenter-rennes,2025-12-27
GZ1qvR,ikdc02-eppes,2025-12-27
GrlprB,mil10-stack,2025-12-27
Gm569G,manado,2025-12-27
Gkp0xw,iliad-dc1,2025-12-27
R4okVB,ndc-medan,2025-12-27
Gl4YZG,pa16,2025-12-27
G3M3WB,dc1---rouen,2025-12-27
GWMZEB,tdc02,2025-12-27
BJLvzG,cgk4-jatiluhur,2025-12-27
BPvLKG,ndc-surabaya,2025-12-27
woQW5R,ndc-batam-techno-park,2025-12-27
RpqZVG,cgk2-technopark-bsd,2025-12-27
wVVqXw,ndc-palembang,2025-12-27
BE81Xw,dc4---bytom,2025-12-27
R2nJbR,pdg-pe1,2025-12-27
BblAxG,balitower-sentra-data-center,2025-12-27
G6QnnR,tours,2025-12-27
R0WlDB,dc1-,2025-12-27
GdJz7B,fil-dariane,2025-12-27
wMm2rw,hotel-telecom,2025-12-27
GlW17R,hertfordshire-campus,2025-12-27
Glo47R,bri-primary-satellite-control-facility-(pscf),2025-12-27
Gz47pB,bourges,2025-12-27
R8V84w,applico-data-center,2025-12-27
GrZl4G,leeds,2025-12-27
wOmDkR,data-center-gti,2025-12-27
R88epR,milan-ovhcloud,2025-12-27
B1AjVB,brunello,2025-12-27
RpqO5G,ascoli-piceno,2025-12-27
Bg05mR,00gate-green-data-center,2025-12-27
B1pd6w,digital-realty-digital-seoul-1-(icn10),2025-12-27
GrlVXB,fredericksburg,2025-12-27
RQZlJG,tecnopolo-di-bologna,2025-12-27
R4ogoB,cae-parma,2025-12-27
G3M2PB,glp's-suzhou-changshu-big-data,2025-12-27
RxZ1Kw,catania,2025-12-27
RK8KeG,aws-mulhuddart,2025-12-27
Bblz6G,genoa,2025-12-27
GamrrG,rogoredo,2025-12-27
RN91YB,milan-exa,2025-12-27
BqZYyR,business-data-center,2025-12-27
GLjL4B,hannover-tz,2025-12-27
BE82jw,bre01,2025-12-27
GnKDkw,edged-project-lola,2025-12-27
BA72aG,comarch-data-center,2025-12-27
BXp7VB,bre04,2025-12-27
woQVlR,data-center-ol2a,2025-12-27
weaK9w,cs-loxinfo-cw-tower,2025-12-27
GlXpeG,hn01-(cmc-tower),2025-12-27
w9LmpG,equinix-ma5,2025-12-27
R88JVR,puerto-venecia,2025-12-27
Gy4xbR,mv6,2025-12-27
RYKvNw,naquadria-data-center,2025-12-27
BE1nyB,aurum-capital-ventures-bismarck,2025-12-27
w9ZeEB,itgate-data-centre,2025-12-27
R4oeoB,turin-data-center-csi,2025-12-27
BPvqbG,corso-svizzera-dc01,2025-12-27
qB104w,h5-ashburn-data-center,2025-12-27
GDKooR,korea-digital-valley,2025-12-27
R0WJQB,turin,2025-12-27
Bbl66G,ferrera,2025-12-27
B7EVQG,east-data-centre,2025-12-27
BgJ90w,meta-toledo,2025-12-27
Rv4xqw,kiel-2,2025-12-27
GZ1J3R,lepida-bologna,2025-12-27
GZ6ZnG,keystone-trade-center,2025-12-27
GW6Y3R,jk2,2025-12-27
BAg8MG,varkaus,2025-12-27
GLjq4B,talavera-de-la-reina-,2025-12-27
GDrnYB,brindisi,2025-12-27
B1A1MB,iad32,2025-12-27
RKlqzG,riyad-bank-data-centre,2025-12-27
Gm5PJG,databank-iad2,2025-12-27
RjP2Ew,biohub-taiwan-data-center,2025-12-27
GLDvoG,fontaine-research-park-data-center,2025-12-27
RYK1dw,ati-solutions-dc-1,2025-12-27
BA7xQG,itcc-data-centre-riyadh,2025-12-27
GloNxR,pnt,2025-12-27
Gne2KR,birza-sankt-peterburg-data-center,2025-12-27
B1ADyB,amazon-interconnection-plaza,2025-12-27
weXZVG,neidc-abar-ali-madinah,2025-12-27
GkYq0B,infotel-richmond-voip-facility,2025-12-27
B1AaeB,pcs-security-data-centre,2025-12-27
GLj9QB,pixel-factory-data-center,2025-12-27
GrZ5XG,dayone-site-1-(ntp1and2and3),2025-12-27
Bbl7kG,530-collins-st,2025-12-27
R0WLAB,adama-data-centre,2025-12-27
RjPkmw,penta-infra-gln01,2025-12-27
BE8X6w,ec104,2025-12-27
G6QO1R,omniconnect-ocdc,2025-12-27
B7E8nG,hyperscale-dc-shtp,2025-12-27
Gz737w,empyrion-busan-data-centre,2025-12-27
GZ1OWR,28-thornton-cres,2025-12-27
weXjVG,jn-data-datacenter,2025-12-27
BJLJqG,cibicom-terracom-smorum-hove,2025-12-27
Rv4Eaw,gc-kolding,2025-12-27
GkYk0B,ibm-brondby,2025-12-27
GWMq1B,nnit-eia1,2025-12-27
w9ZW8B,i2-datacenter,2025-12-27
Gam19G,telia-copenhagen-i,2025-12-27
GnekKR,onepartner-atac,2025-12-27
BqZq6R,abn-amro-data-center,2025-12-27
wOvAAG,khazna-qaj1,2025-12-27
RKlyqG,iad24,2025-12-27
wOmgoR,iad9,2025-12-27
GDrAoB,iad15,2025-12-27
wOmygR,iad50,2025-12-27
B1APeB,iad7,2025-12-27
GyZ7Vw,gc-odense,2025-12-27
GlojxR,iad11,2025-12-27
Gne8nR,amazon-web-services-smith-switch-road-campus,2025-12-27
dGZbvG,fra-2,2025-12-27
wODgdB,lca1,2025-12-27
RQZbpG,caloocan,2025-12-27
GZ1bnR,ngdc,2025-12-27
BPvQ4G,rivoli,2025-12-27
BAg3QG,green-data-center-park-(chonburi),2025-12-27
woQDeR,iad74,2025-12-27
GLDyAG,hcm1,2025-12-27
GrZJgG,iad56,2025-12-27
wMmynw,judicary-data-centre-,2025-12-27
GnK4Kw,green-data-center-park-(eec),2025-12-27
Gz7pEw,northmark-strategies-project-moc-1,2025-12-27
GkpE7w,cat-telecom-cat-data-center-nonthaburi-i,2025-12-27
RxZXdw,bitstop-network-dagupan,2025-12-27
GdJbqB,dk2-aarhus,2025-12-27
Bqgn7G,hcm01,2025-12-27
gB7EvG,kddi-telehouse-paris-magny-les-hameaux,2025-12-27
GlorrR,ahost-data-center,2025-12-27
wM2DVB,galaxy-digital-helios-data-center-campus,2025-12-27
Grl2rB,new-generation-data-center,2025-12-27
9RYzAG,noris-network-ngb6,2025-12-27
Gm58VG,telia-copenhagen-ii,2025-12-27
GWn7DR,sabiha-gokcen-airport-sga-nit-new-data-center-,2025-12-27
DGn4VB,ntt-global-data-centers-berlin-1,2025-12-27
woQ1lR,kom4,2025-12-27
Gdd47G,serverfarm-sf-lon1,2025-12-27
BA7pAG,rostelecom-data-centers-ekaterinburg,2025-12-27
EG6PmB,aruba-it-it4-rome,2025-12-27
RpO73B,wycombe-air-park,2025-12-27
RYKpmw,amazon-bethlehem-technology-park,2025-12-27
RQ64jG,lightedge-lenexa--ks-cavern,2025-12-27
R8VO9w,fab-main-data-center,2025-12-27
wM2Q5B,repsol-aragon,2025-12-27
Gl49nG,edgeconnex-jkt04,2025-12-27
GambXG,readyidcdata-center,2025-12-27
BblarG,mts-novosibirsk,2025-12-27
w5zE8B,goznak-st--petersburg-paper-mill,2025-12-27
B7Q4QG,db6x,2025-12-27
BXJMJG,related-digital-saline-township,2025-12-27
R4DQgR,damac-jakarta-2,2025-12-27
R2nEDR,ashton-old-baths,2025-12-27
Gz7JVw,1751-bells-ferry-road,2025-12-27
GmKj9B,coresite-de2,2025-12-27
Rxnqew,tillion-aragon,2025-12-27
BXJW1G,sk-aws-ai-data-centre,2025-12-27
GaZpLw,kent,2025-12-27
Gm5nVG,tama-5-center,2025-12-27
B1A4MB,ncs-bedok-data-centre,2025-12-27
Gm4rgR,pinewood-south,2025-12-27
BPdgnB,5c-group-mem01,2025-12-27
BgVaxw,gds-holdings-hk-1,2025-12-27
GW66vR,sp2-sgrusp02,2025-12-27
RKLe3G,applied-digital-deuel,2025-12-27
wML9rG,dubai-international-financial-centre-data-centre,2025-12-27
wVM6bG,databank-(den4)-westminster,2025-12-27
GDrQ4B,colt-lyon,2025-12-27
RKLZqG,rfeth-mdc01,2025-12-27
RjxlJw,envia-tel-datacenter-leipzig-ii,2025-12-27
G6nePG,rj03,2025-12-27
GZ656G,soul01,2025-12-27
wOmWgR,cellnex-roermond-data-centre,2025-12-27
GrZNgG,cri22,2025-12-27
GkYY6B,coueron-,2025-12-27
B1jXMR,volketswil,2025-12-27
BblvLG,konza-national-data-center,2025-12-27
R8QNWG,wilgenplas,2025-12-27
RpqEDG,aubiere,2025-12-27
GZ1LoR,digital-erskine-park-3---syd14,2025-12-27
GnezgR,cta1,2025-12-27
BA7eAG,mangin-1-and-2,2025-12-27
lR8JWw,cardiff-(cwl-1),2025-12-27
GnepnR,alixan,2025-12-27
Bg5WWG,edgeconnex-jkt03,2025-12-27
RxnX4w,qts-datacenters-dane-vienna,2025-12-27
B1A4yB,annecy,2025-12-27
B7QKZG,iad14,2025-12-27
RQZJ6G,netia-soul,2025-12-27
BE8KVw,641-walsh-avenue,2025-12-27
RQ3r1w,meta-rosemount,2025-12-27
GLj8bB,amazon-web-services-amazon-w-severn-way,2025-12-27
R0aznG,keppel-data-centres-johor-1,2025-12-27
GyZnZw,pyeongchon-2,2025-12-27
Grvo4G,floating-data-centre-park,2025-12-27
R2JEeR,chonburi-2,2025-12-27
G6Q3PR,eagle-data-center,2025-12-27
RKaqew,muc8,2025-12-27
RQng5G,google-jurong-west-campus,2025-12-27
BqZO0R,amazon-web-services-amazon-charles-view-drive,2025-12-27
Gl4AnG,isc-denpasar,2025-12-27
Gz4pdB,m3,2025-12-27
BE8yow,atyrau,2025-12-27
wODLgB,addis-data-center,2025-12-27
BAyDAB,qts-datacenters-santa-clara-data-center,2025-12-27
G3pWkw,at-tokyo-cc3,2025-12-27
Gm47rR,avaio-digital-partners-taurus-data-center-hub,2025-12-27
RQ6g5G,rayong-1,2025-12-27
wMLZWG,aquitaine---canejan,2025-12-27
RjPvNw,cs2,2025-12-27
Gm57jG,amazon-web-services-iad76,2025-12-27
GloQgR,lekki-2-data-centre,2025-12-27
wOmnrR,iad46-and-iad47,2025-12-27
RKlr5G,45111-loudoun-downs-lane,2025-12-27
4RKx3G,stt-singapore-5-(tai-seng),2025-12-27
R8V13w,ojota-switch-data-center,2025-12-27
w9LxEG,hemel-hempstead-2,2025-12-27
BA7nOG,dc01,2025-12-27
GnevyR,ikoyi-data-center,2025-12-27
GDr3zB,national-shared-services-center,2025-12-27
2RpVmw,globalconnect-hamburg-ii,2025-12-27
PBP7kw,estruxture-mtl-3,2025-12-27
wM215B,johor-data-centre-3,2025-12-27
Rj0W8w,genesee-county-data-center,2025-12-27
BgVEQw,china-mobile-international-singapore,2025-12-27
R2JxMR,boden,2025-12-27
R8QQ4G,telstra-telstra-pbs-tianjin-tjcs1,2025-12-27
w9ZOQB,tama-technology-building,2025-12-27
4RKo3R,cologix-nnj2,2025-12-27
Gno6Ow,victoria-park,2025-12-27
R4op8B,kamakura-data-center,2025-12-27
9RYn4G,london-10-slough,2025-12-27
Gl4WrG,nmp-2-,2025-12-27
BX6XjG,hat-yai-2,2025-12-27
GrlVgB,addis-1,2025-12-27
gB77QB,digital-realty-1725-comstock-street,2025-12-27
wVMEoG,racks-central-rc1,2025-12-27
VwMM4w,irvine,2025-12-27
RpZAVw,linmere-island-data-centre,2025-12-27
GZqo9R,münchenstein-(basel)-1,2025-12-27
Gam0YG,san-sebastián-de-los-reyes,2025-12-27
GLPKzG,facebook-prineville,2025-12-27
Rj0J8w,blr-1-lnt,2025-12-27
yGlpPG,stt-singapore-1-(defu),2025-12-27
RQZr6G,castellón,2025-12-27
G6Q2PR,global-service-centre,2025-12-27
wMmOqw,dhaka-dc-1,2025-12-27
RN9gLB,a-laracha,2025-12-27
GrlvgB,currenc-johor,2025-12-27
B72mrw,johor-data-centre-1,2025-12-27
w5zb3B,arteixo,2025-12-27
GZ1YoR,oneas1a-bangkok,2025-12-27
Bg58xG,nicosia-data-center,2025-12-27
mGrv1G,global-switch-singapore-tai-seng,2025-12-27
GrlNoB,silver-shadow-data-center,2025-12-27
BgJdzw,ipc3,2025-12-27
B7mXJG,facebook-henrico,2025-12-27
R0WMKB,ronda,2025-12-27
R88m9R,diode-ventures-roxbury-technology-park,2025-12-27
BXNEMG,sin01,2025-12-27
RQ6YjG,digital-realty-brickyard-way,2025-12-27
R88lpR,isparta,2025-12-27
BE8NVw,parque-tecnológico-de-valencia,2025-12-27
GLj1bB,dts-vietnam,2025-12-27
RY64eG,cat-telecom-cat-data-center-nonthaburi-ii,2025-12-27
Gy4ZVR,ai-f1,2025-12-27
GDKE1R,apatura-dc-ochiltree-data-centre,2025-12-27
GrZ97G,amazon-web-services-amazon-fadeley-lane,2025-12-27
BqZ50R,cca,2025-12-27
R88J9R,cantabria-campus,2025-12-27
YBgr0w,stt-singapore-4-(mediahub),2025-12-27
BgJyQw,menlo-equities-east-thistle-data-center,2025-12-27
GlW1eR,latos-tremorfa-data-centre,2025-12-27
RpZr3w,martin-pl,2025-12-27
qR0WWB,london-4-slough,2025-12-27
RKlKVG,dhaka-data-centre,2025-12-27
BXNoJG,dc15,2025-12-27
GDKo4R,sam-digitalhub,2025-12-27
GykjbB,ntt-communications-corporation-bangkok-1,2025-12-27
R8V93w,amazon-prediction-lane-,2025-12-27
wOmldR,bern-engehalde-(rz1),2025-12-27
BA7EOG,amazon-freedom-center-blvd,2025-12-27
Gne9yR,amazon-john-marshall-hwy,2025-12-27
pGDaYw,compass-datacenters-goodyear-phoenix-campus,2025-12-27
BAg3AG,limuru-data-centre,2025-12-27
wOv5oG,reading-data-centre,2025-12-27
Bg0WxR,zofingen-(rz2),2025-12-27
3RxVew,serverfarm-la,2025-12-27
BAgxMG,northern-data-center-,2025-12-27
GnX6nB,3u-telecom-3u-berlin,2025-12-27
Rx9QKG,synapsecom-scn-1-thessaloniki,2025-12-27
bBXWaw,berlin,2025-12-27
R4oboB,yanjiao-cloud-computing-center,2025-12-27
GDoQYR,stack-infrastructure-phx01-campus,2025-12-27
w9Z8eB,albany-auckland,2025-12-27
G6QlgR,st-electronics-digital-hub,2025-12-27
w5zggB,200-paul-avenue,2025-12-27
RQZ4aG,national-data-centre,2025-12-27
GDKL4R,unterlüß,2025-12-27
RYKP3w,fsdata-helsingborg,2025-12-27
Glo9ZR,dca-pier,2025-12-27
BXpy1B,ericsson-linkoping,2025-12-27
GZ15LR,chennai-idc-,2025-12-27
GkYAqB,gotanet-trollhattan,2025-12-27
BqZVMR,chandivali-campus---mumbai-8,2025-12-27
RNQ8lB,dc-blox-chattanooga,2025-12-27
GkYL0B,aws-karawang-international-industrial-city-(kiic),2025-12-27
RjPDyw,ic5,2025-12-27
Rxnx4w,md-dc1-(herndon),2025-12-27
GnK4nw,4405-us-1,2025-12-27
GrZ6rG,tarndale-auckland,2025-12-27
BblDaG,silicon-valley-data-center-1,2025-12-27
qBJ7mR,cyxtera-msp1,2025-12-27
Rpg8DB,qts-datacenters-sacramento-data-center,2025-12-27
Gam82G,svy02a,2025-12-27
Gl4dZG,kofinou,2025-12-27
R4oxgB,tpg-data-centre,2025-12-27
woQ0XR,h2-01,2025-12-27
RYKL3w,hamilton,2025-12-27
GkY0qB,auckland-data-vault,2025-12-27
Rv40Nw,osaka-keihanna,2025-12-27
RQZYaG,chiitagong-dc,2025-12-27
GnK2gw,yoncu,2025-12-27
GrXWKB,chandivali-(mum1),2025-12-27
RpYPpG,tdc01,2025-12-27
GZ1KLR,malaga-perth-fujitsu,2025-12-27
GLjYzB,ccl-christchurch,2025-12-27
R0Wx5B,akl01,2025-12-27
w5VXEB,esbjerg,2025-12-27
G6QzgR,hobsonville-campus-one-(hv1-and-hv1a),2025-12-27
BE83Yw,northcote,2025-12-27
wM2ZWB,menlo-equities-md-dc2-(sterling),2025-12-27
RNaK6B,menlo-equities-md-dc3-(richmond),2025-12-27
GdrMOB,chester-county--pennsylvania,2025-12-27
RpZypw,polaris-technology-project-bitfrost,2025-12-27
ARNLdw,sea2,2025-12-27
Glo0ZR,bru3,2025-12-27
RpOZDB,google-stillwater,2025-12-27
Gz40AB,papakura,2025-12-27
RKl7VG,christchurch-airport,2025-12-27
Bg03xR,waikato-(hamilton),2025-12-27
GykyOB,kolkata-data-center,2025-12-27
RjPeyw,featherston,2025-12-27
R8VKpw,ca1,2025-12-27
6w97QR,digital-realty-505-north-railroad-avenue,2025-12-27
Bgqv4G,sabey-data-centers-intergate-quincy,2025-12-27
GrZErG,bay-of-plenty-(tauranga),2025-12-27
Rpq0AG,invercargill,2025-12-27
G323yR,energy-abundance-data-city,2025-12-27
we884G,atlas-development-avemore,2025-12-27
GDKQ5R,ardent-data-centers-project-cardinal,2025-12-27
GD9zow,icici-bank-icici-bank-data-center-hyderabad,2025-12-27
woQ8KR,yondr-jh1,2025-12-27
wVMLKG,centro-tecnologico-providencia,2025-12-27
w9LE8G,data-bank-(ord3)-mount-prospect,2025-12-27
GL28eB,ca3,2025-12-27
R4JmPw,troll-housing-tydal,2025-12-27
DGnWVw,h5-data-centers-h5-san-jose,2025-12-27
B1jL4R,bne3-digico,2025-12-27
BJPvNG,ipai-campus,2025-12-27
RKlm3G,greenlane,2025-12-27
R8VzPw,tokyo-nrt12-14,2025-12-27
Bg0g0R,ca2,2025-12-27
RjPrJw,tokyo-nrt10,2025-12-27
RQnoeG,pdg-bintaro,2025-12-27
RpZA5w,atlas-development-project-gracie,2025-12-27
BAgemG,cisco-real-madrid-,2025-12-27
GnoWKw,bengaluru-dc1,2025-12-27
G6nKdG,project-flare,2025-12-27
RpqJmG,courtenay-place,2025-12-27
GWMd5B,s5,2025-12-27
wVnqQw,stack-infrastructure-dfw02-campus,2025-12-27
BA7kxG,mt-eden,2025-12-27
GnenkR,avonhead,2025-12-27
R4oNLB,netic-data-center,2025-12-27
w9ZN7B,brs2,2025-12-27
GamLmG,noida-sector-62,2025-12-27
Rj0kyw,north-nicosia,2025-12-27
GrXkXB,ntt-global-data-centers-cyberjaya-4-(cbj4),2025-12-27
Rxn6Xw,expeditors-international-data-center,2025-12-27
zwOMdR,edgecore-mesa-campus,2025-12-27
GZ1dgR,digital-realty-9333-grand-avenue,2025-12-27
GD9ppw,morohub-dubai-marina,2025-12-27
R2ZyMR,irix-data-centre,2025-12-27
BbldWG,digita-data-center-2,2025-12-27
weXz3G,otemachi-data-center-ii,2025-12-27
R2nlDR,primary-data-center-hbtf,2025-12-27
wMmkWw,terrahost-dc1,2025-12-27
GnogQw,jk1,2025-12-27
R8V4Vw,amazon-web-services-amazon-avion-parkway,2025-12-27
RQZZ1G,belfort,2025-12-27
R0lEpR,aligned-coshocton,2025-12-27
R2nNeR,digital-realty-9377-grand-avenue,2025-12-27
Bb0EjG,dc3monacotelecom,2025-12-27
GdAjDw,ams6,2025-12-27
R0WNpB,bangladesh-1-,2025-12-27
GnKpVw,amazon-web-services-barnesville,2025-12-27
GdzbPB,200-and-210-bath-road,2025-12-27
GdJKPB,dhaka-1,2025-12-27
G6QNdR,storespeed-dc3-halden,2025-12-27
Gl4nVG,ddsp-johor-data-centre,2025-12-27
Rj09ew,meta-new-albany-2,2025-12-27
Gz4OdB,comvive,2025-12-27
6w918w,sv2,2025-12-27
R2bYeR,cloudia-odc21,2025-12-27
RpOErB,centra-msp1,2025-12-27
BE1xyB,132-griffin-road,2025-12-27
BPdL4B,fermaca-digital-city,2025-12-27
Grl9oB,hume-campus-two-(hu6)-,2025-12-27
Gy4XJR,greystoke-land-west-london-technology-park,2025-12-27
GaAeXG,gilroy-,2025-12-27
RQn7nG,equinix-fr8,2025-12-27
B13W8G,viettel-high-tech-research-and-development-data-center,2025-12-27
BqZ37R,prime-hayward,2025-12-27
Gm5AgG,opencolo-santa-clara,2025-12-27
wMmV9w,terrasa,2025-12-27
R4DkAR,nhr@fau,2025-12-27
w9qbpw,spotsytech-campus,2025-12-27
Bg0m0R,cyrusone-chi5,2025-12-27
BAylAB,miami,2025-12-27
BXpONB,shiroi-data-centre-campus,2025-12-27
RNnP6R,voesendorf-data-center,2025-12-27
Rj0Dzw,yudhistira-data-center,2025-12-27
Gn4LvB,jnb2,2025-12-27
B1jD4R,griffin,2025-12-27
DBAAQB,sp4,2025-12-27
GlPVnG,cisp,2025-12-27
GLPgZG,premier-dc-istanbul,2025-12-27
RjPOJw,concious-data-center-rancho-cordova,2025-12-27
w5Wp0R,ntt-communications-corporation-bangkok-2,2025-12-27
BXJnPG,campus-martinsried,2025-12-27
BE8Vow,google-kaguro-data-centre,2025-12-27
BX4PjB,mad1,2025-12-27
GrV54G,dallesport,2025-12-27
DR4K5B,titan-moses-lake,2025-12-27
BJLjoG,data-center-ikoyi-,2025-12-27
GDK75R,zaz11-14,2025-12-27
BEojjG,garfield-heights-1,2025-12-27
G6b1xG,pulsant-fareham-data-centre,2025-12-27
GW6omR,netdirekt-bornova---işıkkent,2025-12-27
GaZv2w,vocus-syd01,2025-12-27
GDLmzG,bwdigital-ndp1,2025-12-27
Grl61B,vdci-edge,2025-12-27
GWMevB,otemachi-data-center-i,2025-12-27
XRjnnR,cmh1,2025-12-27
Gm5LvG,hcmc01-(saigon-hi-tech-park),2025-12-27
GLDDoG,vie002,2025-12-27
Grvz5G,paju-data-centre-campus,2025-12-27
BA7rAG,iad59,2025-12-27
BXNDMG,dci-data-centers-syd01,2025-12-27
w9Dq0G,oppidan-memphis,2025-12-27
BPvpnG,pitt-street,2025-12-27
R88rWR,datahall-jakarta,2025-12-27
YBgW6B,equinix-ty1,2025-12-27
BX4gVB,garfield-heights-2,2025-12-27
Rx9YdG,t-systems-data-center-biere,2025-12-27
w5VgaB,project-stargate---abu-dhabi-1,2025-12-27
BAgEmG,humain-dammam,2025-12-27
GLDjQG,vie003,2025-12-27
Grl5rB,nicosia,2025-12-27
weaYgw,hoa-lac-green-data-center-i-(ecodc),2025-12-27
B1QjQB,airtrunk-syd1,2025-12-27
G3Mn6B,data-center-apapa,2025-12-27
BAyEyB,intergate-seattle-west-campus,2025-12-27
R8Vn9w,the-bunker,2025-12-27
GmXJJR,klang-valley-core-data-centre-(kvdc),2025-12-27
GnK9Vw,humain-riyadh,2025-12-27
BqWV6G,salalah-2,2025-12-27
RpqDmG,bet-shemesh,2025-12-27
GDK4DR,6895-wellington-road,2025-12-27
GnoaOw,broadband-tower-otemachi-data-center,2025-12-27
qR0EDG,lgs-1,2025-12-27
GDLabG,1and1-stuttgart,2025-12-27
BXJ2MG,google-project-pyramid,2025-12-27
GZ63LG,klm1,2025-12-27
R889vR,port-of-gibraltar,2025-12-27
RpOdrB,pego-,2025-12-27
wVV9pw,osl-campus,2025-12-27
wODnnB,balloonist-llc-menomonie-data-center-,2025-12-27
G3MvXB,tnuvot,2025-12-27
Rjx3mw,ntt-global-data-centers-cyberjaya-3-(cbj3),2025-12-27
Gag23B,vivi1,2025-12-27
RKLKPG,desper-creek-technology-campus,2025-12-27
BAgV6G,pennhurst-data-center,2025-12-27
RKvODB,tampa-bay-365,2025-12-27
B7oDQB,equinix-so2,2025-12-27
woXzbB,da-nang-dc,2025-12-27
GnKJQw,42090-reeds-farm-lane,2025-12-27
GnqOoR,sme20,2025-12-27
w5WXER,ptv,2025-12-27
weXbgG,datacate-rancho-cordova,2025-12-27
B1jLOR,va-9,2025-12-27
qR08QR,equinix-so1,2025-12-27
RjJoeR,microsoft-skelton-grange,2025-12-27
GnezyR,china-western-information-centre,2025-12-27
BPbJpG,(ord2)-canal-street,2025-12-27
lR8j3w,cyrusone-london-iii,2025-12-27
JGm5rG,cyrusone-frankfurt-iii,2025-12-27
GmXyDR,chindata-group-ce02,2025-12-27
GD9E1w,facebook-odense,2025-12-27
wODlPB,mamre-road-data-centre-campus,2025-12-27
RK8q5G,acens-barcelona,2025-12-27
wVV2ow,data-center-maryland,2025-12-27
BXNqWG,waw11,2025-12-27
R8JOMw,colosseum-online-data-center,2025-12-27
Bg5WrG,maysville,2025-12-27
Bg5vWG,ipkb-afad-data-center,2025-12-27
R88xpR,lim1-,2025-12-27
RpYKpG,sh1,2025-12-27
yGlQew,equinix-he4,2025-12-27
R4oLLB,rancho-cordova---sacramento-facility,2025-12-27
GddVNG,dimension-data-parklands-data-centre,2025-12-27
wV6bXw,cogent-mississauga,2025-12-27
RpOoLB,creative-space-hanoi,2025-12-27
Rv4oyw,quest-mcclellan-brc,2025-12-27
Gam9LG,dub069-grange-castle,2025-12-27
GZ12gR,sjc3,2025-12-27
GWpjEw,rockpointe,2025-12-27
we8n3G,osaka-north,2025-12-27
Gl4QnG,teb-data-centre,2025-12-27
w5zM0B,ec5-albury,2025-12-27
GyZWbw,avalon-3,2025-12-27
GZqjoR,open-dc-d8-1,2025-12-27
GDKN1R,cl8,2025-12-27
BJPm5G,national-data-center-no-1-,2025-12-27
GdJ6PB,søsterhøj,2025-12-27
BgV8xw,edgeconnex-edcatl02,2025-12-27
G6QvdR,bella-vista-sydney,2025-12-27
Gk4WMw,radius-dc-nashville-i,2025-12-27
wOm5QR,iig-data-centre,2025-12-27
RYNMmG,university-it-mannheim-(unit),2025-12-27
w53avR,databank-las1,2025-12-27
6w9Apw,keppel-data-centres-singapore-5,2025-12-27
B7QvnG,dubai-international-airport,2025-12-27
BqZA7R,uedc,2025-12-27
3RxxZR,sameer-data-center-,2025-12-27
BA70xG,wave-business-mountain-view,2025-12-27
Glo7PR,kuakata,2025-12-27
GDr5nB,cologix--dal2,2025-12-27
GrZblG,mischii-campus,2025-12-27
GdzqLB,atlas-development-project-sail,2025-12-27
BALdMw,telstra-sycs1,2025-12-27
dGWK5G,bulk-infrastructure-n01-campus,2025-12-27
RvDjrw,enginenode-bracetown,2025-12-27
B1A74B,quest-habc,2025-12-27
BA70mG,apple-reno-data-center,2025-12-27
GrZboG,chongqing-data-center,2025-12-27
B1AA3B,settimo-torinese,2025-12-27
GrXo8B,datason-stockholm,2025-12-27
G6QbmR,palermo,2025-12-27
GrlgoB,dauphin-county-data-center,2025-12-27
pGDNeB,estruxture-tor-5,2025-12-27
BE1KLB,calpine-data-center,2025-12-27
wo13gR,le-bourget,2025-12-27
qB14xw,data-center-almere,2025-12-27
B7EKrG,project-boson,2025-12-27
yGllrG,dur1,2025-12-27
gB7Vvw,digital-erskine-park-2---syd11,2025-12-27
weJk6B,cs01,2025-12-27
GdrX8B,national-telecom-khon-kaen,2025-12-27
Gk4Y0w,1375-harrisburg-pike,2025-12-27
GZopgw,syd52,2025-12-27
4RK7DR,equinix-cu3,2025-12-27
wMLnVG,avalon-2,2025-12-27
9RY54R,gore-hill,2025-12-27
RYNKdG,216-greenfield-road,2025-12-27
R881vR,ib10-martinsburg-data-center-campus,2025-12-27
GD9Xzw,greystanes-western-sydney,2025-12-27
ARN4Vw,equinix-dc7,2025-12-27
YBg36B,equinix-cu4,2025-12-27
BAgWMG,omega-business-center,2025-12-27
zwOyDR,atlasedge-milan,2025-12-27
nR2KgG,equinix-dc6,2025-12-27
bBXgMw,digital-realty-113-north-myers-st,2025-12-27
Rxn0Xw,assurant-data-center,2025-12-27
GaA3KG,rabale---tower-12,2025-12-27
R0ajQG,softbank-fuchu-data-center,2025-12-27
B1A6VB,santo-stefano-ticino-,2025-12-27
qB12eR,equinix-dc12,2025-12-27
GDK35R,nara-ikoma-data-centre,2025-12-27
DBAYmB,gds-holdings-sh2,2025-12-27
G3MkkB,datacenter-5-(bremen),2025-12-27
dGWzbR,santa-lucia-di-piave,2025-12-27
GyPEJR,aspen-mountain-hyperscale,2025-12-27
BAgnmG,hokkaido-tomakomai-ai-data-centre,2025-12-27
2GdnDB,equinix-cu1,2025-12-27
rGk97B,tdf-proxicenter-bordeaux-bouliac,2025-12-27
Gz3ljw,amazon-web-services-iad175,2025-12-27
GneovR,piazzale-europa,2025-12-27
YBqV6R,equinix-dc11,2025-12-27
BqZmvR,eastern-creek-campus-(ec1-6),2025-12-27
R8VD9w,amazon-web-services-iad57,2025-12-27
4RKp5G,digital-realty-iad12,2025-12-27
B7mYrG,melbourne,2025-12-27
GlXKPG,guofu-guangqi-shanghai-baoshan-yuepu-cloud-data-center,2025-12-27
Rx9MaG,szlachecka-a-and-b-t-mobile,2025-12-27
RpqbrG,bracknell,2025-12-27
GDrEoB,rz1,2025-12-27
bGzadR,digital-realty-acc3,2025-12-27
RpOkAB,qts-kc-2,2025-12-27
GnKvVw,lin10-echelon,2025-12-27
RjmPyB,nextdc-s3,2025-12-27
weXLDG,swindon-aws,2025-12-27
B1p8Qw,shanghai-qnet-networking-technology-qnet-songjiang-datacenter,2025-12-27
DBA6yR,warsaw-1,2025-12-27
qB1DVw,equinix-he3,2025-12-27
RYKkAw,fortress-sf1,2025-12-27
Rv4bOw,nxtra-pune-3,2025-12-27
w5W63R,tokyo-no--4,2025-12-27
R4o73B,data-centre-dubai,2025-12-27
GWMkbB,jnb1-campus,2025-12-27
RKlo2G,ibm-blonie,2025-12-27
GkYQXB,dc4,2025-12-27
G3p73w,data-centre-citic,2025-12-27
GamkvG,manesar-dc,2025-12-27
B1j1QR,powertransitions-kc,2025-12-27
BJL7qG,datacenter-1-(bremen),2025-12-27
mG363R,warsaw-2,2025-12-27
GW6P3R,amadeus-amadeus-data-centre,2025-12-27
PBP4kB,svg1-rennesøy,2025-12-27
GZ1k9R,jebel-ali-data-center-1,2025-12-27
6w988G,equinix-br1,2025-12-27
wOmVnR,avenida-de-los-artesanos,2025-12-27
Rx9vXG,digital-realty-iad40,2025-12-27
BXpgJB,chongqing-energy-big-data-center,2025-12-27
w5z7ZB,mahape-(mum3-and-mum4),2025-12-27
RxZbvw,smartworld,2025-12-27
R0WyWB,green-data-center-pisa,2025-12-27
R2n7WR,chennai-3,2025-12-27
PBPjbG,equinix-wa1,2025-12-27
Gz4aEB,wuildan-telecom-building,2025-12-27
Gm5arG,china-telecom-cloud-computing-(chongqing)-base,2025-12-27
B7QzrG,china-mobile-(chongqing-internet-data-center),2025-12-27
wODyQB,patmos-kc-star-building,2025-12-27
GLjJqB,china-mobile-yade-(xiyong)-data-center,2025-12-27
RpqarG,telephone-house,2025-12-27
GrjAgG,qts-datacenters-chicago-data-center,2025-12-27
R8Qk4G,ntt-global-data-centers-tokyo-no--1,2025-12-27
GloanR,disaster-recovery-data-center,2025-12-27
BA7mmG,smart-container,2025-12-27
G3MylB,gdh-icad-campus,2025-12-27
R8QZWG,hyderabad-dc,2025-12-27
wMLozG,t-mobile-piaseczno,2025-12-27
GDrl5B,chongqing-tongcheng-active-active-data-center-project,2025-12-27
GD9V4w,swe03,2025-12-27
Bbl3eG,metrabyte-data-center,2025-12-27
wOQAQR,data-center-1-itabashi,2025-12-27
weXeDG,-san-francisco--ca,2025-12-27
wVV1xw,osa1,2025-12-27
w5zyZB,bch4,2025-12-27
woQabR,gn1,2025-12-27
RpO1rB,warsan,2025-12-27
EG64dB,stt-delhi-dc1,2025-12-27
BqlAEw,coresite-ch2,2025-12-27
RQnJeG,etop-poland,2025-12-27
BALk6w,servercentralen-solna,2025-12-27
wM24ZB,discover-technology-center,2025-12-27
R2nQWR,interlink-tower-ii,2025-12-27
RQZWeG,abu-dhabi-police-ghq,2025-12-27
DGn8aB,noida-1-and-2-campus,2025-12-27
RxZmvw,data-centre-sharjah,2025-12-27
G6QgbR,oak1,2025-12-27
RQLOnB,little-rock-tierpoint,2025-12-27
GlXDVG,glesys-stockholm,2025-12-27
pGDEew,cyxtera-ord2,2025-12-27
B7mjrG,madrid-templus,2025-12-27
RjxoNw,china-mobile-international-hong-kong-global-network-center,2025-12-27
GmKdVB,equinix-wa3,2025-12-27
woQ3XR,sto1,2025-12-27
BEWW3G,huntstown,2025-12-27
YBgPQR,digital-realty-iad38,2025-12-27
JGmajG,digital-realty-acc4,2025-12-27
G6QjNR,udine,2025-12-27
BJL15G,hayes-campus,2025-12-27
wMmZnw,santa-clara-campus-sv9,2025-12-27
GrXL1B,ncr-1,2025-12-27
RjJLER,hut-8-river-bend-campus,2025-12-27
B1jM6R,frenchcreek-township--pa,2025-12-27
RKlPPG,it-energy-china-town,2025-12-27
2Rpo3B,equinix-hk1,2025-12-27
G321AR,aroostook-county-data-center,2025-12-27
gwegVR,equinix-hk3,2025-12-27
Bbna0B,comarch-krakow-sse6,2025-12-27
4RKZeB,edgeconnex-edcatl01,2025-12-27
RNa4ZB,pacv,2025-12-27
Rj0gJw,athena-3-,2025-12-27
wVnPOw,peterson-companies-project-sisson,2025-12-27
9RYEaR,polcom-alwernia,2025-12-27
RjPEEw,bangkok-1,2025-12-27
BXZedG,lf18,2025-12-27
GyPLyR,applied-digital-polaris-forge-1,2025-12-27
lR83vB,gds-bj1,2025-12-27
RNeDYB,element-critical-chicago-ii,2025-12-27
GZoN3w,inwi-marrakech,2025-12-27
GWMlEB,baidu-yizhuang-new-generation-search-data-center,2025-12-27
wM2YZB,molina-healthcare-data-center,2025-12-27
wOQqrR,evolutio-barcelona,2025-12-27
GL2pZB,ovh-vin-1,2025-12-27
GLPqbG,-barcelona,2025-12-27
wVMgQG,teletrans-teletrans-datacenter,2025-12-27
RKl4VG,hyperscale-data-center-(giic),2025-12-27
GmK7LB,raging-wire-ashburn-va3,2025-12-27
BA3pPG,powerhouse-pacific,2025-12-27
w9Ek7w,zhenghui-big-data-center,2025-12-27
RK84eG,huesca,2025-12-27
BALJAw,telekom-romania-hosting-data-center-bucharest,2025-12-27
BJLYZG,tāmaki-makaurau,2025-12-27
R2Zb4R,adam-bcn,2025-12-27
B7QlrG,amazon-santa-clara,2025-12-27
BqZPdR,fibernet-sj1,2025-12-27
Bgq14G,vantage-data-centers-az1-data-center-campus,2025-12-27
BPvkkG,data-centre-acs,2025-12-27
BE133B,kota-petra-green-technology-park,2025-12-27
GrZ4oG,chennai-smart-data-center,2025-12-27
BqgvvG,iren-childress,2025-12-27
GaA7LG,iad-04,2025-12-27
GrZolG,data-centre-caduceus,2025-12-27
R8Vjvw,hyderabad-smart-data-centre,2025-12-27
G6baxG,dc-blox-dc-blox-huntsville,2025-12-27
w9Z72B,dc2--dc3-and-dc3-2,2025-12-27
BEL9Vw,microsoft-sat14,2025-12-27
BXJYdG,frogmore-industrial-estate,2025-12-27
GmXkDR,meta-huntsville,2025-12-27
Gno0Qw,ip-telecom-lisbon,2025-12-27
DGnrnG,cyrusone-austin-iii,2025-12-27
BqX5dw,ntt-global-data-centers-hemel-hempstead-4,2025-12-27
B7ExvG,dub-50,2025-12-27
GDrW5B,datasamudra,2025-12-27
GkpXNw,airtrunk-syd2,2025-12-27
GWn4vR,muhos,2025-12-27
GaAO9G,sp10-sgrutb10,2025-12-27
YBgJrw,paris-west-,2025-12-27
we8J9G,prime-data-centers-project-snow,2025-12-27
G6naxG,pioneer-development-llc-project-cardinal,2025-12-27
GDKroR,mega-lobster,2025-12-27
yGlWVR,paris-east-,2025-12-27
w9E60w,chorrillos,2025-12-27
XRjr8R,equinix-at4,2025-12-27
B7EEQG,prologis-yorkville-(project-steel),2025-12-27
RvA4AB,sunevision-iadvantage-mega-plus,2025-12-27
rGkoXG,nessus-ndc1,2025-12-27
BEoddG,grid-telekom-istanbul,2025-12-27
BXNXNG,ntt-communications-corporation-tai-po-data-center,2025-12-27
BbnoKB,interxion-a-digital-realty-company-vie1,2025-12-27
BX6rWG,abh-data-center,2025-12-27
R4Zb8w,hsbc-hsbc-shek-mun-building,2025-12-27
RK8VqG,citic-telecom-cpc-citic-telecom-tower,2025-12-27
G6nXNG,rwe-didcot-data-centre,2025-12-27
B7meQG,ntt-communications-corporation-hong-kong-financial-dc,2025-12-27
RK87PG,nessus-ndc2,2025-12-27
RpqWrG,information-technology-data-centre,2025-12-27
BEWr3G,equinix-jh1,2025-12-27
BgVjrw,par10--digital-park,2025-12-27
BALlaw,ntt-global-data-centers-tokyo-no--8,2025-12-27
gB7zZw,digital-realty-iad24,2025-12-27
qB1LVw,equinix-zh2,2025-12-27
GkpbMw,on-lok-(hkg1)-data-centre-campus,2025-12-27
BPLqyB,pdg-jh1,2025-12-27
mGrDrB,green-datacenter-ag-datacenter-zurich-city,2025-12-27
R8Ve4w,mega-fanling,2025-12-27
VwMYzw,equinix-ny13,2025-12-27
BXNYdG,green-data-centre,2025-12-27
GaZe3w,vegacom-vega-data-center-3,2025-12-27
RvD6Ow,esr-hk-1,2025-12-27
w5WqYR,ttc-teleport-dc2,2025-12-27
B1XbQw,isf-data-centre,2025-12-27
GdYJbw,sunevision-iadvantage-mega-i-47,2025-12-27
DBArPR,keppel-data-centres-singapore-2,2025-12-27
BALDPw,o2-czech-data-center-stodulky,2025-12-27
Gy5nWG,airtrunk-hkg1,2025-12-27
PGylZR,aligned-slc-campus,2025-12-27
nR2VeR,stt-ahemdabad-dc-1,2025-12-27
GLDY5G,pahang,2025-12-27
GZoEow,digital-realty-kin-chuen-(hkg11),2025-12-27
8RvmOB,nimes,2025-12-27
GDrDYB,henderson-data-center,2025-12-27
R2Z6LR,mega-gateway-(tsuen-wan),2025-12-27
R0aO5G,afr-ix-telecom-barcelona-cable-landing-station,2025-12-27
BXNzDG,aims-cyberjaya,2025-12-27
w5zWvB,bacloud-data-center,2025-12-27
2RpymG,t5-data-centers-t5@chicago,2025-12-27
BALxMw,-silicon-valley,2025-12-27
wODlnB,amazon-web-services-richmond-county,2025-12-27
yGlEzw,asseco-data-systems-szczecin,2025-12-27
QBbgLR,aligned-aligned-iad-01,2025-12-27
PGykEB,equinix-ld6,2025-12-27
EG613R,wdc-data-center,2025-12-27
GnqAkR,palm-coast,2025-12-27
R8Q0VG,london-11-slough,2025-12-27
RKlOPG,lingang-intelligent-computing-valley,2025-12-27
Bg0DrR,zhida-shuchuang-smart-park-data-center-project,2025-12-27
GnqjOR,dc-blox-north-augusta,2025-12-27
EG6ANR,centersquare-phx1-mesa,2025-12-27
RYMQmR,digital-realty-zur4,2025-12-27
2GdlNG,ams001,2025-12-27
qBJ0eG,bit-2bcd,2025-12-27
BgVvWw,google-papillion,2025-12-27
4RKleG,global-switch-london-east,2025-12-27
mGre4R,spaanse-kubus,2025-12-27
NwojXG,bit-1,2025-12-27
VwM75R,iron-mountain-azp-2,2025-12-27
4RKq2w,edgeconnex-edcmia01,2025-12-27
Vw5zZB,edgeconnex-edcphx01,2025-12-27
XRjWeG,edgeconnex-edcjax01,2025-12-27
G6nz3G,nnsa-albuquerque-complex,2025-12-27
Bqg0aG,archbald-campus-,2025-12-27
JGm89R,datacenter-hilversum-,2025-12-27
wOp3kB,coresite-mi1,2025-12-27
Glo3VR,cloud-+-intelligent-driving-innovation-base,2025-12-27
w5zX7B,tpkc-cloud-computing-center,2025-12-27
jBEYyB,cologix-jax1,2025-12-27
YBqmEB,cellnex-telecom-datacenter-goes,2025-12-27
8RvJNR,iron-mountain-den-1,2025-12-27
4RKe4w,datacenter-hoogersmilde-,2025-12-27
Rp77LB,telko-1,2025-12-27
QBbDkG,equinix-de1,2025-12-27
NwoA5R,dataplace-arnhem,2025-12-27
BA376G,evo,2025-12-27
QwVN9w,den1,2025-12-27
QwVDXR,dataplace-utrecht,2025-12-27
wOpPgB,cotia-sao-paulo,2025-12-27
GdJq8B,unit-is-data-center,2025-12-27
RKZlPB,iti-ix-t252,2025-12-27
GmKYVB,rio1,2025-12-27
RxPAKR,datapro-uzbekistan,2025-12-27
GdJvbB,algete,2025-12-27
yGlbeB,tierpoint-dallas-allen,2025-12-27
B1AJQB,cn07-and-chinanorth-h03,2025-12-27
R2r1QR,san-sebastian-de-los-reyes,2025-12-27
8RvaAB,digital-realty-dfw10,2025-12-27
Gz70jw,project-clydesdale,2025-12-27
2Gd78R,amazon-web-services-iad1-21110-ridgetop-circle,2025-12-27
Gm4qmR,prometheus-hyperscale-casper-expansion-site,2025-12-27
lR8v9w,cyrusone-aus2,2025-12-27
DGnakR,dc-oostkampdcu,2025-12-27
GnqjaR,northern-data-maysville,2025-12-27
weNgVB,devlin-technology-park,2025-12-27
GyP3JR,aapt-adelaide,2025-12-27
ARNq0B,centersquare-iad1---45901-nokes-boulevard,2025-12-27
PGypWR,centersquare-iad1---45845-nokes-boulevard,2025-12-27
gB7WeB,iad3---22995-wilder-court,2025-12-27
3Rx9vG,ld10-and-ld13x,2025-12-27
w9DWeG,aslan-jakarta-data-centre,2025-12-27
RvXENw,btm1,2025-12-27
zwODAB,digital-realty-ams18,2025-12-27
R2n9LR,castellon,2025-12-27
RKLqVG,bdx-cgk4-ai-campus,2025-12-27
GrX61B,dxc-technology-doxford,2025-12-27
BqZl1R,taiwan-stock-exchange-data-center,2025-12-27
2RpOLB,digital-realty-ams15,2025-12-27
gweN6B,digital-realty-digital-wilhelm-fay-strasse,2025-12-27
Rp7gmB,google-tainan,2025-12-27
3RxYXG,edgeconnex-edcams01,2025-12-27
4RKAqw,nym5,2025-12-27
JGmjVw,nym2,2025-12-27
dGZEdR,datacenter-maastricht,2025-12-27
R0WXjB,l-y--building,2025-12-27
YBgnWw,h5-atlanta,2025-12-27
yGlPnG,pulsant-newcastle-central,2025-12-27
RKL7PG,stt-gdc-jakarta-5,2025-12-27
2GdvLB,stackit-dc-08,2025-12-27
XRjemB,sp1,2025-12-27
B1jxOR,stt-gdc-jakarta-6,2025-12-27
lR8KVB,sp2,2025-12-27
wODbPB,stt-gdc-jakarta-7,2025-12-27
wOQ7dR,orange-chartres,2025-12-27
RNQLLB,amazon-web-services-dub9,2025-12-27
Bg53rG,stt-gdc-jakarta-8,2025-12-27
DGnnnG,equinix-se4,2025-12-27
lR83PB,cloudcix-cix,2025-12-27
wOQ9ZR,alicanto,2025-12-27
BXJbPG,rcbi-data-centre,2025-12-27
Gl40VG,rcjm2a,2025-12-27
2RpnVw,equinix-zw1,2025-12-27
Rj0ezw,rcjm2b,2025-12-27
mG3Dlw,gds-holdings-gds-shenzhen-1,2025-12-27
w5XjaG,djibouti-data-center-ddc-colocation,2025-12-27
BJLVrG,montpellier--1,2025-12-27
bGzlZB,redcentric-harrogate,2025-12-27
RjPpzw,alibaba-cloud-east-china-intelligent-computing-center,2025-12-27
GrlE1B,the-hague,2025-12-27
GddMDG,serverfarm-ams1,2025-12-27
BJLrzG,rishon-leziyon,2025-12-27
RvD5Nw,pulsant-edinburgh-medway,2025-12-27
RjxdJw,china-telecom-ouyang-dc,2025-12-27
qB1g3G,cambridge,2025-12-27
QBbq6w,equinix-fr5,2025-12-27
BgVkxw,china-telecom-waigaoqiao-dc,2025-12-27
WRQrJG,equinix-fr6,2025-12-27
Gno1aw,pedro-de-valdivia,2025-12-27
BE9ojB,par8--digital-park,2025-12-27
4RKZPB,ntt-global-data-centers-frankfurt-2,2025-12-27
qB1XOw,ntt-global-data-centers-frankfurt-3,2025-12-27
R4ZLlw,globalconnect-ip-only-jarfalla,2025-12-27
XRjJzR,global-switch-hong-kong,2025-12-27
R8QrWG,t-systems-doxford,2025-12-27
Gyk0OB,-madrid,2025-12-27
BgVWWw,darmstadt-data-center,2025-12-27
Gk3k5G,equinix-tr5,2025-12-27
BXN5NG,decsis-evora,2025-12-27
R8Q4pG,gds-holdings-sh15,2025-12-27
B7mD8G,iomart-dc13--ldex2,2025-12-27
qBJezw,ams-1-,2025-12-27
gB748R,nikhef-housing,2025-12-27
pGDW1R,ntt-global-data-centers-amsterdam-1,2025-12-27
bGzpMB,equinix-ls1,2025-12-27
2RpEVG,previder-pdc1,2025-12-27
bGz7jw,kddi-telehouse-frankfurt,2025-12-27
R0WWgB,brive-la-gaillarde,2025-12-27
mGrJ4G,dc-1-3,2025-12-27
4RKvPB,global-switch-amsterdam-west,2025-12-27
RpYV5G,verizon-nap-of-amsterdam,2025-12-27
G6o34w,edgeconnex-edcams04,2025-12-27
DR4A3G,bce-datacenter-kirchberg,2025-12-27
6w9o2R,bce-datacenter-junglister-1,2025-12-27
R4JrVw,new-orleans,2025-12-27
BPby4G,goteborg-energi-gothnet-shg5,2025-12-27
mGrp8B,ewr3,2025-12-27
wOQXgR,hcl-technologies-goteborg-1,2025-12-27
BJgDrR,telia-stockholm,2025-12-27
gweVAB,lee01,2025-12-27
GrXvXB,asuncion-ipxon,2025-12-27
ARNoLG,digital-realty-250-williams-street-nw-(atl14),2025-12-27
kGab3w,equinix-am4,2025-12-27
8RvegB,equinix-am6,2025-12-27
GykMVB,cx1-(telcohub),2025-12-27
gB718G,cellnex-telecom-datacenter-den-haag,2025-12-27
DGneVR,digital-realty-lhr26,2025-12-27
Gz3rDw,nva5-nva7,2025-12-27
2RpqrG,lhr2,2025-12-27
BA7o6G,sjc7,2025-12-27
Gz94dR,nextdc-m1,2025-12-27
R0aVWG,nextdc-m2,2025-12-27
BbnDxB,telkomsigma-surabaya-data-centre,2025-12-27
R2ZPeR,bridge-dc-bkk01,2025-12-27
JGmbVw,digital-realty-cloud-house-west,2025-12-27
zwOvPG,madrid---,2025-12-27
WRQVpG,lhr18-(oliver's-yard),2025-12-27
qGL5ow,lhr17-(west-drayton),2025-12-27
PBPvyG,edgeconnex-por01,2025-12-27
w9xn0G,lumen-technologies-brussels,2025-12-27
RKlZZG,rue-de-la-chapelle,2025-12-27
DBAVQR,equinix-sy7,2025-12-27
DR4OXB,equinix-me5,2025-12-27
WRQ3jw,edgeconnex-edcdub01,2025-12-27
GW6qZR,edgeconnex-edcdub02,2025-12-27
B1pKyw,cogent-communications-poitiers,2025-12-27
GlXOYG,dpc-nizhegorodskiy,2025-12-27
G6blbG,telnet-via-caldera,2025-12-27
6w9OER,mos1,2025-12-27
gB7XbR,brussels,2025-12-27
YBg54G,drt-profile-park-(dub13-dub16),2025-12-27
pGD7YR,equinix-ae1,2025-12-27
YBqqlB,harlow-campus,2025-12-27
wOQ8dR,gds-holdings-sh5,2025-12-27
Rv46Aw,dabai-building-data-center,2025-12-27
Gm5jgG,brac-data-centre,2025-12-27
GrZnlG,red-crescent-borak-tower,2025-12-27
NwoPbB,saint-jacques-i,2025-12-27
BE84Yw,ec1-grafton,2025-12-27
w9ZZKB,émerainville-paris,2025-12-27
GDr41B,airedale-auckland-planb,2025-12-27
BJg5ZR,vocus-syd02,2025-12-27
yGl4zG,digital-realty-dub-10-(blanchardstown),2025-12-27
R8QavG,bd1-,2025-12-27
wOmWrR,saint-priest,2025-12-27
6w9Y7w,queen-street,2025-12-27
BEo8VG,sunevision-iadvantage-mega-two,2025-12-27
GZNooG,towngas-telecom-tgt-hong-kong-data-centre-2,2025-12-27
6w9X0G,hou2,2025-12-27
RjWxeG,kaohsiung-xinya-idc,2025-12-27
RpqWLG,calle-de-la-maraton,2025-12-27
G6EMNR,verizon-waltham,2025-12-27
R0aAnG,equinix-sg4,2025-12-27
G3MKAB,par13and14,2025-12-27
BXN1VG,chandivali-campus---mumbai-5,2025-12-27
GZNxoG,1918-wake-forest-rd,2025-12-27
RYKQ6w,datapro-moscow-iv,2025-12-27
R2n5MR,huawei-moscow,2025-12-27
GrZMgG,dpc,2025-12-27
R0W5MB,meguro-techno-building-,2025-12-27
GdJxOB,hamala,2025-12-27
BE803w,aws-alba-dc,2025-12-27
GnoYyw,mo1,2025-12-27
BXpQdB,manama,2025-12-27
RpYMAG,china-telecom-hulan-data-center-7,2025-12-27
Gm5mmG,unaizah,2025-12-27
B1A5OB,frankfurt-2---roedelheim,2025-12-27
RpYeVG,st4-longovilo,2025-12-27
R2njLR,fengtai-idc,2025-12-27
wOmbdR,revera-albany-auckland,2025-12-27
GyZ1Zw,edificio-abelias,2025-12-27
4RKMVw,edgecore-dulles,2025-12-27
R2nDDR,zambia-national-data-centre-2,2025-12-27
R8VMWw,3data-sa107,2025-12-27
GDrMDB,bm1,2025-12-27
RjmqQB,kt-busan-idc,2025-12-27
Gz42VB,la-massana,2025-12-27
R8Qm9G,lm1-olguin,2025-12-27
RxYgaG,remington-technology-park,2025-12-27
RNQ28B,grupo-asd-monserrate-data-center,2025-12-27
GLPrAG,shanghai-athub-zh13,2025-12-27
GnelQR,3data-n37,2025-12-27
BJLE5G,fursan,2025-12-27
G3MQAB,dongtan-idc,2025-12-27
B1AkVB,csc-lumi,2025-12-27
woQjgR,gastat-data-centre,2025-12-27
RvYYyB,new-zealand-2,2025-12-27
weXm6G,data-centre-iau,2025-12-27
qB1X4w,edgeconnex-tor01,2025-12-27
R4JlVw,mid-range-markham,2025-12-27
DBAnaR,equinix-fr2,2025-12-27
BbYJWw,teraco-isando-campus---jb3,2025-12-27
pGDjDB,le-noirmont,2025-12-27
R8QEMG,st1-st2-ciudad-de-los-valles-data-center,2025-12-27
GnoAnw,broadband-tower-koto-data-center,2025-12-27
GWMQ3B,dc-43-and-44,2025-12-27
GmX1gR,naver-gak-sejong,2025-12-27
Rjm48B,chile_1,2025-12-27
gwe73R,equinix-pa3,2025-12-27
weX53G,h5-data-centers-h5-san-antonio,2025-12-27
B1pjMw,la-molina-1,2025-12-27
Rjx8Jw,frankfurt-west-i,2025-12-27
w9ZKkB,c1,2025-12-27
BPvMVG,data-centre-kfu,2025-12-27
GkYOxB,data-centre-najm,2025-12-27
EG65gR,iron-mountain-va-1,2025-12-27
RYKD6w,d1,2025-12-27
YBqOyG,equinix-ml3,2025-12-27
R8Q9vG,via-bisceglie,2025-12-27
wOvkkG,unifet-panama,2025-12-27
G3pYPw,telecarrier-–-cable-onda-idc-12-10,2025-12-27
RvDDqw,panama,2025-12-27
GlJkrB,carcelen,2025-12-27
Bql21w,velez,2025-12-27
Bgq44G,lince,2025-12-27
wOp6AB,monterrico,2025-12-27
B1pkMw,citic-telecom-cpc-ap-lei-chau,2025-12-27
weaXVw,benavidez,2025-12-27
2Rp7rB,ntt-global-data-centers-frankfurt-1,2025-12-27
GamemG,stt-chennai-dc3,2025-12-27
GL2xeB,barracas,2025-12-27
RpYEmG,antel-ing--josé-luis-massera,2025-12-27
woXJKB,geocom-geocenter,2025-12-27
gB7KLB,equinix-ml2,2025-12-27
YBg0WR,greenmountain-romford-north,2025-12-27
BqlE1w,cali-#1,2025-12-27
BEoAXG,bt-global-services-bt-naos,2025-12-27
zwO3gw,cyrus-one-cin2-(7th-street),2025-12-27
wOpQrB,zag1,2025-12-27
Gz4MDB,rapidcompute-karachi,2025-12-27
BblW0G,databank-iad3,2025-12-27
w9L3QG,sp3-sgrutb03,2025-12-27
GLjaAB,auckland-,2025-12-27
Gdd5OG,building-2,2025-12-27
DBAvAR,cyrusone-cin3-(mason),2025-12-27
Gy5EWG,interxion-a-digital-realty-company-zur1,2025-12-27
BJVamB,abel,2025-12-27
GWpd0w,uttapara-dc-park-,2025-12-27
Rv47Nw,christchurch,2025-12-27
QBb4xG,stt-bengaluru-dc3,2025-12-27
BAL5Mw,gds-holdings-sh14,2025-12-27
rGkaWB,centersquare-iad4,2025-12-27
bGzxpB,cellnex-telecom-datacenter-haarlem,2025-12-27
RKaZVw,chicago-i,2025-12-27
yGlyPw,edgeconnex-edcmuc01,2025-12-27
BPvv8G,nva8,2025-12-27
BXNpDG,tres-cantos,2025-12-27
BbYD0w,orange-candina,2025-12-27
R0axMG,madrid-i,2025-12-27
R8QOPG,espanix,2025-12-27
jBE7dG,bcn001,2025-12-27
qB113B,mad001,2025-12-27
RvAeYB,comarch-data-center-dresden,2025-12-27
GlXYgG,la-caixa-ii,2025-12-27
G6bz3G,mediacloud-madrid,2025-12-27
wOmvkR,sandviken_msft,2025-12-27
XRjgnG,paris-south-west,2025-12-27
GddJDG,bezons,2025-12-27
DBAKQG,par6,2025-12-27
RY6Q4G,bouygues-telecom-montigny-le-bretonneux,2025-12-27
YBgLKR,digital-realty-3011-lafayette-street,2025-12-27
YBqgaG,kddi-telehouse-paris-jeuneurs,2025-12-27
RKak4w,par2,2025-12-27
B1p78w,american-express-brighton,2025-12-27
w9LAeG,par12,2025-12-27
BA7byG,delémont-data-center,2025-12-27
YBg26w,interxion-a-digital-realty-company-par5,2025-12-27
Gk3zMG,bussy-saint-georges,2025-12-27
GrX27B,bt-global-services-watkiss-way,2025-12-27
YBgLQR,digital-realty-cressex-business-park,2025-12-27
GL2J4B,expedient-columbus-dublin,2025-12-27
B7ozLB,expedient-columbus-upper-arlington,2025-12-27
QBbQaw,iron-mountain-bos-1,2025-12-27
QBbYew,equinix-ld3-74,2025-12-27
Gn41kB,chengdu-ai-computing-center,2025-12-27
R4ZzAw,ines-datacenter-bucharest,2025-12-27
GL2aNB,dr-balsos,2025-12-27
WRQneG,equinix-ld9,2025-12-27
BALbaw,apoquindo,2025-12-27
RQyNnR,ifx-networks-ifx-colombia-jupiter-data,2025-12-27
w5XJ7G,drt-bersama-cgk10,2025-12-27
RpqjAG,cn03,2025-12-27
GlXmVG,jk3,2025-12-27
RK834G,grupo-gtd-dc-panamericana,2025-12-27
3RxAKG,sto01a,2025-12-27
R8V7vw,cq1,2025-12-27
BPvPlG,tifa-building-1,2025-12-27
RN9kZB,hanyang-university-erica-campus-data-centre,2025-12-27
R0WqMB,tmw1-tamworth,2025-12-27
BPvNpG,faasri-utama-sakti-sanggar-kesatria-liema,2025-12-27
R0WZDB,neucentrix-karet-tengsin,2025-12-27
GrXLoB,jc1,2025-12-27
GaD83R,telkomsigma-sentul-data-centre,2025-12-27
B1pL4w,drogheda,2025-12-27
Gz4VAB,china-telecom-zongshu-data-center,2025-12-27
RY6W3G,lg-uplus-daegu-centre,2025-12-27
GmXN9R,lidice-1,2025-12-27
RjPMyw,midorimachi-building-,2025-12-27
zwOmnR,global-switch-london-north,2025-12-27
R8LvMR,va1,2025-12-27
GddnOG,docalia-alcobendas,2025-12-27
Gddy7G,computacenter-manchester,2025-12-27
kGaJYw,lev001,2025-12-27
GD9Vow,orange-warsaw-data-hub,2025-12-27
BELLyw,sterling-campus-cyrusone,2025-12-27
BqX40w,t-systems-cerdanyola,2025-12-27
mGrylR,waw01-edgeconnex,2025-12-27
mGrWlw,iomart-dc12--ldex1,2025-12-27
Gno8gw,node4-leeds,2025-12-27
DBA7mG,kddi-telehouse-london-north-two,2025-12-27
pGDr5B,london-north,2025-12-27
GrXVXB,databank-iad1,2025-12-27
GrXjKB,netwise-london-central-35,2025-12-27
YBqa0B,digital-realty-acc2,2025-12-27
2RpapG,digital-realty-acc9,2025-12-27
lR8y3G,digital-realty-acc6,2025-12-27
YBqbvR,digital-realty-1500-space-park-drive,2025-12-27
2GdjbB,the-bunker-newbury,2025-12-27
mGra7R,digital-realty-acc5,2025-12-27
qGLJbB,digital-realty-iad35,2025-12-27
dGZ5WR,equinix-dc3,2025-12-27
8Rv7aG,equinix-dc2,2025-12-27
mGrEXR,equinix-dc14,2025-12-27
Vw5gqR,equinix-dc5,2025-12-27
PGy6Vw,equinix-dc4,2025-12-27
GW6vvR,hemel-hempstead-1,2025-12-27
QBbKkR,equinix-dc1,2025-12-27
GZoo3w,slough-3,2025-12-27
B7m4nG,google-loudoun-county--arcola-center,2025-12-27
BbYY6w,hemel-hempstead-3,2025-12-27
9RYKAw,pulsant-reading-east,2025-12-27
Gn4OOB,crowfarn-dr-memphis,2025-12-27
4RK2ZB,london-city,2025-12-27
qGLoqR,edgeconnex-edcnas01,2025-12-27
WRQxeB,dub2,2025-12-27
2Gd6qB,cloud-and-heat-eurotheum,2025-12-27
qB1a8B,edgeconnex-edcnor01,2025-12-27
jBE8Lw,london-5-stockley-park,2025-12-27
Glo6ZR,osaka-nanko-building-,2025-12-27
BA7LeG,flexential-richmond,2025-12-27
wVM7oG,cogent-communications-frankfurt,2025-12-27
EG6QbR,london-3-slough,2025-12-27
w9Z3EB,ccm-moncalieri,2025-12-27
YBqnlR,colt-dcs-frankfurt-city,2025-12-27
RxZEaw,microsoft-compass-creek,2025-12-27
RN9OVB,boydton,2025-12-27
RjP5Mw,sdc-ashburn,2025-12-27
Gz9pDR,raging-wire-ashburn-va2,2025-12-27
Gm5KLG,unidata,2025-12-27
GW6rER,adnoc-hq-data-center,2025-12-27
BqlO1w,raging-wire-ashburn-va1,2025-12-27
WRQ6jG,aruba-it-it2-arezzo,2025-12-27
XRj0Mw,dc-vaults-al-dhafra,2025-12-27
jBENjR,equinix-dx1,2025-12-27
R8QxpG,nva9-,2025-12-27
GLP4NG,etisalat-zabeel-data-center,2025-12-27
GaZz9w,sdc-1-neterra,2025-12-27
qGLyZw,cph001,2025-12-27
BbYQxw,dxb1,2025-12-27
lR8kPB,data-center-pratteln,2025-12-27
G6bPgG,meta-altoona-iowa,2025-12-27
Grj7gG,centurylink-phoenix-az,2025-12-27
R8L74R,bluebird-network-bluebird-underground,2025-12-27
RK83zG,magnus-i,2025-12-27
R0aXQG,intercity-networks--santiago,2025-12-27
RvDAqw,ixmetro-powerhost,2025-12-27
B1XQ4w,scl02,2025-12-27
GlWJgR,hostrocket,2025-12-27
pGD3YR,equinix-db4,2025-12-27
wOmYPR,stt-pune-idc2,2025-12-27
BE8J3w,la3,2025-12-27
GLj45B,kuntsevo,2025-12-27
BqZDaR,delta-datacheap-ru,2025-12-27
B1X63w,involta-marion,2025-12-27
GlogVR,metrex-data-center,2025-12-27
Rpq8LG,kalinsky-data-center,2025-12-27
GloyzR,nevalink-data-centre,2025-12-27
GlogzR,dbo1-dubbo,2025-12-27
Bg074R,global-connect-aarhus,2025-12-27
GnXZoB,digital-realty-cph2,2025-12-27
B1Aq8B,tel-hosting-data-centre,2025-12-27
wOmYAR,ayteko-trustinfo,2025-12-27
3RxKKB,equinix-pa6,2025-12-27
4RKxeG,globalconnect-gc-taastrup-i,2025-12-27
dGZjoG,digital-realty-111-8th-avenue,2025-12-27
GlPJPG,ssclcr01,2025-12-27
BA7PyG,karachi,2025-12-27
BblyKG,bucharest,2025-12-27
QBb3LR,jfk13,2025-12-27
Rv4y0w,data-centre-fastserv,2025-12-27
w9ZngB,tmk-telehaus,2025-12-27
RxZ2ow,bonch-it-data-centre,2025-12-27
GnX9oB,intergate-seattle-east-campus,2025-12-27
Vw5xqG,equinix-ny9,2025-12-27
B7QDeG,euro-data-center,2025-12-27
GneaoR,sna2,2025-12-27
Gm5dLG,bridge-data-centres-my06,2025-12-27
GDrmbB,downtown-los-angeles-(lax1)-,2025-12-27
RpqvqG,san1,2025-12-27
Gag8XB,shymkent,2025-12-27
BJL3rG,san2,2025-12-27
wVVv7w,osaka-5,2025-12-27
RQZ9DG,ikebukuro-building,2025-12-27
RpgvpB,lumen-technologies-new-york--ny,2025-12-27
wMme9w,la-mirada,2025-12-27
GZqKnR,kazakhtelekom-atyrau,2025-12-27
EG6NxG,kddi-telehouse-telehouse-new-york-teleport,2025-12-27
R8LDWR,datawire-zg01,2025-12-27
w53x8R,tele2-almaty,2025-12-27
VwMAZw,digital-tseung-kwan-o-(hkg10),2025-12-27
ARNblR,kddi-telehouse-telehouse-new-york-chelsea,2025-12-27
gweXDG,lon2,2025-12-27
DBA3mG,verne-central-london,2025-12-27
mG3MlB,lhr27,2025-12-27
QwVpRk,cyrusone-frankfurt-i,2025-12-27
qGLjqB,cyrusone-frankfurt-ii,2025-12-27
nR2ZWR,equinix-ld8,2025-12-27
dGZx9B,sophia-antipolis-1,2025-12-27
GlXXeG,brussels-south,2025-12-27
VwMzVB,nce2,2025-12-27
G3MaPB,ppnt-poznan,2025-12-27
2RpLdR,brussels-north,2025-12-27
gwe19w,equinix-mi3,2025-12-27
rGk67R,unix-solutions-leuven,2025-12-27
Gz9oDR,interxion-a-digital-realty-company-fra1,2025-12-27
GlJKzB,interxion-a-digital-realty-company-fra5,2025-12-27
RjmdMB,interxion-a-digital-realty-company-fra6,2025-12-27
qR0MQG,equinix-fr7,2025-12-27
qB13OG,global-switch-frankfurt-south,2025-12-27
VwM69B,pfalzkom-dcrn-i,2025-12-27
2GdE8w,pfalzkom-mannheim-datacenter,2025-12-27
Vw50ZG,witcom-dc-1,2025-12-27
Rv4aOw,csl-tellus-2,2025-12-27
2GdVbB,digital-realty-100-delawanna-ave,2025-12-27
QwVYbG,equinix-ny4,2025-12-27
kGa89R,equinix-ny7,2025-12-27
YBgArG,ntt-global-data-centers-munich-1,2025-12-27
YBqr6R,teraco-bredell-campus---jb2,2025-12-27
GlXkeG,mtn-business-mombasa-datacenter,2025-12-27
4RK5qw,redhill-data-centre-building-3,2025-12-27
Rjxrzw,glesys-falkenberg,2025-12-27
RK8ozG,milimani-data-center,2025-12-27
qBJ28B,ixafrica-nairobi-campus,2025-12-27
weal3w,lag1,2025-12-27
XRj8Ew,nl1,2025-12-27
B7mq8G,khazna-dxb6,2025-12-27
GzZvMG,vnpt-idc-internet-house,2025-12-27
kGa6rw,sevilla,2025-12-27
PGy1JG,equinix-sk3,2025-12-27
GWvgNR,interxion-a-digital-realty-company-sto5,2025-12-27
Rx9EeG,luleå,2025-12-27
G3pv3w,telia-handen,2025-12-27
BgVm4w,unisys-alingsas,2025-12-27
GlXlzG,obehosting-data-center-stockholm-kista-gate,2025-12-27
BqX3aw,verizon-spanga,2025-12-27
BA7YyG,cpdi-del-gaiás,2025-12-27
G3MDxB,serverfarm-lax1,2025-12-27
BE8Drw,san-diego-towne-center,2025-12-27
Bg0e4R,osaka-6,2025-12-27
R8VkZw,komagome-building-2-annex,2025-12-27
BXp1jB,san-diego-data-centre,2025-12-27
Gne3vR,data-centre-,2025-12-27
B1Ao8B,jaygah-,2025-12-27
R4oA5B,tehran-idc,2025-12-27
B1Ar3B,jazz-digital-park,2025-12-27
GdJ38B,cogent-pasadena,2025-12-27
GamKKG,sdtc,2025-12-27
GLjzZB,new-taipei-danshui-idc,2025-12-27
GdJgNB,hsinchu-zhubei-idc,2025-12-27
BJLzmG,orange-county-data-centre,2025-12-27
Rv4mMw,tainan-yongkang-idc,2025-12-27
RQZx1G,taichung-idc,2025-12-27
R0WjgB,zhongli-renmei-idc,2025-12-27
BqZ9lR,taichung-wenshin-idc,2025-12-27
BXpxaB,kaohsiung-qixian-idc,2025-12-27
G3M0xB,quadranet-los-angeles,2025-12-27
G6QpmR,taoyuan-phu-quoc-idc,2025-12-27
GloVYR,is-west-01,2025-12-27
6w9gpR,equinix-am1,2025-12-27
R2ZegR,orange-wroclaw-i,2025-12-27
dGWQZB,planet-ic-data-center-schwerin,2025-12-27
wovy1G,interxion-a-digital-realty-company-sto2,2025-12-27
zwOnZG,equinix-db1,2025-12-27
2Rp15G,equinix-db2,2025-12-27
wMPWWG,marchtrenk-data-center,2025-12-27
zwOgDw,keppel-data-centres-dc-dublin-2,2025-12-27
gB7QrG,london-6-stockley-park,2025-12-27
GWMzmB,nh220-idc,2025-12-27
qBJQNw,equinix-ch3,2025-12-27
GD975w,greenhouse-ghdc1,2025-12-27
BALM6w,bengaluru-1-,2025-12-27
GDP3bG,new-york-internet-nyi-chicago,2025-12-27
GDPgpG,kt-gwangju-idc,2025-12-27
GmKaJB,pittsburgh-south,2025-12-27
GmXgmR,bhubaneswar,2025-12-27
qBJmqw,equinix-hk2,2025-12-27
DGnVgG,ntt-global-data-centers-london-1,2025-12-27
BPvz8G,nh468-idc,2025-12-27
R4o05B,pc326-idc,2025-12-27
w9Z0KB,taipei-dongqi-(east-7)-idc,2025-12-27
GkYo6B,taipei-jiantan-idc,2025-12-27
weag6w,se02,2025-12-27
R0abDG,tigo-une-titanium,2025-12-27
RK84PG,root-steinsel,2025-12-27
lR8DMR,dc-2-0,2025-12-27
BPbWpG,tcc-technology-bangna-data-center,2025-12-27
wOm7oR,dryburgh,2025-12-27
R4Z3Aw,proen-proen-data-center,2025-12-27
GW6b1R,tcc-technology-empire-tower-data-center,2025-12-27
3RxavG,dub1,2025-12-27
GLPlzG,gds-holdings-sh11,2025-12-27
G6QyPR,yokohama-kohoku-data-center,2025-12-27
qBJxWG,gz1,2025-12-27
BgVQmw,vtb-bank-federation-tower,2025-12-27
BqXLMw,gds-holdings-sh10,2025-12-27
kGaxLR,cologix-col1,2025-12-27
DGn3kw,gc-hamburg-1--2--3,2025-12-27
RpgyDB,3u-telecom-hannover,2025-12-27
w5X4gG,am-eisenwerk-29,2025-12-27
zwOLPB,ntt-global-data-centers-hamburg-1,2025-12-27
GmXngR,croc-kompressor-data-center,2025-12-27
GrXa5B,datapro-moscow-i,2025-12-27
R8QyDG,datapro-moscow-ii,2025-12-27
GD9lew,datapro-moscow-iii,2025-12-27
Gnolvw,akado-telecom-prospekt-marshala-zhukova,2025-12-27
RpgdqB,moscow-two-(mos2),2025-12-27
BqXE7w,croc-volochaevskaya-1,2025-12-27
RpYadG,megafon-samara,2025-12-27
RvDaMw,stack-telecom-m1,2025-12-27
GnozVw,uniteddc-kiev,2025-12-27
RY6YAG,s--sosninykh,2025-12-27
GaZQvw,kikvidze,2025-12-27
R2reMR,idc-1-,2025-12-27
GaDVmR,nantes-2,2025-12-27
RK895G,cogent-communications-nantes,2025-12-27
BXNe1G,gds-holdings-sh13,2025-12-27
wOQOgR,cogent-communications-tours,2025-12-27
GzZLAG,gds-holdings-sh9,2025-12-27
GrXqrB,gds-holdings-sh19,2025-12-27
gweb9B,hou5,2025-12-27
qGLnoB,cin6,2025-12-27
GamlKG,new-taipei-sanchong-idc,2025-12-27
weao3w,pdx2-aws-umatilla,2025-12-27
DR4LAR,cyrusone-san-antonio-ii,2025-12-27
RvDXrw,cogent-communications-lille,2025-12-27
2RpPqR,bos1-campus,2025-12-27
GL254B,dataholdings-milwaukee,2025-12-27
GrXA4B,o2-czech-data-center-hradec-kralove,2025-12-27
qR0mWG,edgeconnex-edcmad01,2025-12-27
wOQVDR,vodafone-tuzla-mtx,2025-12-27
GZNe8G,turk-telekom-esenyurt,2025-12-27
R8QMDG,turkcell-avrupa-corlu,2025-12-27
GZ1z8R,yilan-toucheng-idc,2025-12-27
BbljjG,new-taipei-xinzhuang-idc,2025-12-27
Rv4vMw,kaohsiung-zhongshan-idc,2025-12-27
RjmOQB,coresite-dc1,2025-12-27
DBAEaB,equinix-sy1,2025-12-27
DBAkQG,equinix-da9,2025-12-27
GyZqVw,richmond,2025-12-27
BPvYdG,epsilon-data-centre,2025-12-27
GlXaYG,isttelkom-ibb,2025-12-27
RpYaqG,vodafone-esenyurt,2025-12-27
GZoj8w,türkiye-iş-bankası-atlas,2025-12-27
JGmdgR,cologix-nnj1,2025-12-27
3RxnXw,aruba-it-cz1-ktis,2025-12-27
QwVzxw,saint-jacques-ii,2025-12-27
w9LO2G,ovh-rbx3-39,2025-12-27
R4Zp3w,ovh-rbx7,2025-12-27
Gy5xOG,lille,2025-12-27
9RYOew,proxicenter-lille-lambersart,2025-12-27
RpYy5G,microsoft-columbia,2025-12-27
GZ14dR,sez-b1,2025-12-27
RK8EVG,meta-sarpy,2025-12-27
BJg08R,microsoft-oxford,2025-12-27
RQZz1G,hurricane-fremont-1,2025-12-27
2Rpbpw,digital-realty-dfw26,2025-12-27
GaZ4Yw,via-di-tor-cervara,2025-12-27
JGmxrR,edgeconnex-edcdet01,2025-12-27
DGnbyG,digital-realty-iah10,2025-12-27
wMmq4w,al-rajhi-bank-operations-and-data-center,2025-12-27
R4akgG,switch-the-pyramid-campus-grand-rapids-1,2025-12-27
G3plPw,apple-prineville,2025-12-27
w5A3gw,belgrade-telekom-srbija,2025-12-27
YBq8Mw,dc-bg01,2025-12-27
Gam4rG,kiel-1,2025-12-27
3RxZvw,den01,2025-12-27
R4Z2Pw,wdf51-2,2025-12-27
G3MOPB,jeddah-2-al-fayha'a,2025-12-27
rGknXR,bce-datacenter-junglister-2,2025-12-27
RxZpKw,riyadh-data-centre,2025-12-27
GloYeR,ncb-k-10-data-center,2025-12-27
GdJ8NB,lumen-sacramento,2025-12-27
G6Q0mR,lumen-sunnyvale,2025-12-27
RQZqJG,salam-jeddah,2025-12-27
B7manG,people's-bank-of-china-shanghai-center,2025-12-27
Gz4ejB,salam-riyadh,2025-12-27
RQZa5G,lunar-4,2025-12-27
mG3vyR,cyrusone-lebanon-(cin5-and-cin7),2025-12-27
BE8zdw,consolidated-communications-mcclellan,2025-12-27
BA7OeG,da2,2025-12-27
GneMvR,maidstone,2025-12-27
BA7NOG,stcs-dammam-7,2025-12-27
R8VYMw,mena-gateway,2025-12-27
Gamz3G,kawasaki-data-center,2025-12-27
GyZKyw,lf2,2025-12-27
Rv4Mgw,cogent-oakland-data-centre,2025-12-27
GWMbEB,bj8,2025-12-27
RxZ8Zw,lf8,2025-12-27
w9ZapB,bj11,2025-12-27
Rpq6VG,bilbao,2025-12-27
R2nzbR,lf6,2025-12-27
weXMAG,bj7,2025-12-27
wVVaXw,bj6,2025-12-27
RQZ5nG,lf7,2025-12-27
G3MWWB,bj4,2025-12-27
woQN5R,bj5,2025-12-27
R4omVB,bj10,2025-12-27
RN9v8B,zb2,2025-12-27
R0WzDB,zb4,2025-12-27
RjPaQw,lumen-tustin,2025-12-27
Gm5Z9G,fangshan-cloud-computing-center,2025-12-27
Bg09mR,alchemy-downtown-(west7),2025-12-27
BXpjWB,san-diego-,2025-12-27
Glov7R,ic2net-tustin,2025-12-27
BA7JPG,bari,2025-12-27
G6Q1nR,zb3,2025-12-27
wMmbrw,zb1,2025-12-27
BE8eXw,san-diego-lightwave,2025-12-27
wOmZkR,alchemy-irvine,2025-12-27
wVVgXw,beijing-majuqiao-data-center,2025-12-27
R4ozVB,china-telecom-zhaowei-data-center,2025-12-27
Rv4jgw,ladc2,2025-12-27
weXPAG,beijing-lugu-data-center,2025-12-27
GZ18vR,sms-irvine,2025-12-27
Rpq2VG,jiuxianqiao-data-center,2025-12-27
Gamo3G,queretaro1,2025-12-27
G3MzWB,beijing-shangdi-idc,2025-12-27
BblVxG,san-diego-tech-centre,2025-12-27
GyZDyw,psychz-700-wilshire-boulevard,2025-12-27
RYKm4w,aecero-data-center,2025-12-27
BPvyKG,beijing-yizhuang-data-center,2025-12-27
RKlXzG,lf4,2025-12-27
GDr2pB,bj16,2025-12-27
BA7ZPG,bj17,2025-12-27
Gz4kpB,starlight-film-and-television-park-data-center,2025-12-27
w5zoYB,muxiyuan-data-center,2025-12-27
R0WADB,psychz-609-west-7th-street,2025-12-27
GdJX7B,data-centre-----,2025-12-27
wOmXkR,flexential-las-vegas-downtown,2025-12-27
RxZ4Zw,flexential-dallas-downtown,2025-12-27
BXpXWB,hivelocity-la2,2025-12-27
RjPjQw,manhattan-(ny1),2025-12-27
BE8QXw,hivelocity-la1,2025-12-27
B1AnxB,flexential-las-vegas-north,2025-12-27
GLjXNB,701-union-boulevard,2025-12-27
RxZ5Kw,lvnet-technology-center-las01,2025-12-27
wMmW4w,yunchuang-interconnection-cloud-computing-data-center,2025-12-27
Glo8eR,the-core-campus-las-vegas-10,2025-12-27
wOmXZR,the-core-campus-las-vegas-8,2025-12-27
GyZ2Jw,tj1,2025-12-27
GdJDLB,cn04-and-chinanorth-h01,2025-12-27
R0W9QB,cn02-and-chinanorth-w01,2025-12-27
GneAOR,lf13,2025-12-27
GrZmKG,the-core-campus-las-vegas-12,2025-12-27
Bg0OOR,the-core-campus-las-vegas-9,2025-12-27
weXA3G,roller-network-reno-dc,2025-12-27
GrZYKG,mex|5,2025-12-27
RKlVzG,daoxiang-lake-production-base,2025-12-27
Gm5WJG,cologix-dal3,2025-12-27
B7QyLG,cn11-b-and-chinanorth-h05-headquarters-base-phase-2,2025-12-27
weXE3G,torun-exea,2025-12-27
GWMEvB,orange-lodz,2025-12-27
GLje4B,cn11-c-and-chinanorth-h05-headquarters-base-phase-3,2025-12-27
BqZkyR,cn06-and-chinanorth-h02,2025-12-27
BJLo8G,cloud-data-center,2025-12-27
Bg0pOR,beijing-branch,2025-12-27
BE8mjw,cn01-and-chinanorth-h04,2025-12-27
Gz4QMB,icbc-business-randd-center,2025-12-27
Rv4rqw,nuremberg,2025-12-27
BblE6G,nevers,2025-12-27
GZ1E3R,3s--gdansk,2025-12-27
GamErG,shdc2@tai-seng,2025-12-27
GyZAJw,gdansk,2025-12-27
w5z6EB,gdynia,2025-12-27
G6Q6NR,huairou-data-center,2025-12-27
BqZ1yR,cpd-1-2,2025-12-27
GkYXWB,cyrusone-dfw3-dfw5,2025-12-27
BE86jw,randers,2025-12-27
GdJELB,sanyuanqiao-guomen-data-center,2025-12-27
Glo5xR,dc-sp03,2025-12-27
RpqK5G,uanl-data-centre,2025-12-27
BA7dQG,databank-ewr2,2025-12-27
GloEeR,digital-edge-narra1,2025-12-27
Bg0E6R,lga1,2025-12-27
Gz4nMB,san-juan-del-rio,2025-12-27
RjPZmw,nrt-(mfip-inzai-ii),2025-12-27
RpqM3G,dc-st01,2025-12-27
GneEOR,dc-qr01,2025-12-27
BJLdqG,databank-dfw4,2025-12-27
R0WdAB,north-sathorn-smooth-life-tower,2025-12-27
R4odXB,tky01,2025-12-27
G6Qd1R,bangna-nation-tower,2025-12-27
wMmdzw,idc2,2025-12-27
R2ndgR,chonburi-operation-data-center,2025-12-27
GkYy0B,primary-data-center,2025-12-27
BblPkG,777-data-centre-and-workplace-recovery-center,2025-12-27
RYKAdw,evoque-allen,2025-12-27
weXkVG,databank-dfw1,2025-12-27
wVVrbw,databank-dfw7,2025-12-27
RN9EVB,rachadapisak-true-tower,2025-12-27
GdJ9DB,south-sathorn-empire-tower,2025-12-27
R4oVXB,long-island-interconnect,2025-12-27
B1AdeB,hortolândia-5,2025-12-27
GLjdQB,datacenter-geleen,2025-12-27
RYKWdw,aws-suryacipta,2025-12-27
BE8q6w,metro-campus,2025-12-27
R2n3gR,comcentre-3,2025-12-27
BXpDDB,eastern-branch-and-droc,2025-12-27
Gz4DoB,datacenter-landgraaf,2025-12-27
G3MokB,digital-halo-mnl1,2025-12-27
Gz4LoB,buffalo---bu1,2025-12-27
Bg0kKR,nsp-data-center,2025-12-27
RQZA9G,telepark,2025-12-27
RKlgDG,al-masbah,2025-12-27
G6QW1R,baghdad-airport-modular-data-center-(mdc),2025-12-27
BqZL6R,commack---li1,2025-12-27
R8VnVw,fornix-data-center-(hanoi),2025-12-27
Gne5KR,bridgewater--nj,2025-12-27
GLjlQB,new-york---ny10,2025-12-27
G3MjyB,kosshy,2025-12-27
wOm8oR,banking-data-center,2025-12-27
Glo2rR,cpt02,2025-12-27
wMmxnw,idc02,2025-12-27
GWMD0B,drc1,2025-12-27
RYK8mw,data-centre-damamax,2025-12-27
RN9MlB,kdc01-,2025-12-27
RYKnmw,-ptcl-wafaqi-colony-data-center,2025-12-27
GyZgLw,aqaba-35d,2025-12-27
RKlNqG,umhlanga-data-center,2025-12-27
BqZ6vR,nitb-staging-environment,2025-12-27
Rv4Krw,burabay,2025-12-27
BPv64G,aktau--talgar--kumbel,2025-12-27
weX49G,bogety,2025-12-27
wVVlQw,khan-tengri,2025-12-27
woQ2eR,okzhetpes,2025-12-27
Gz4r7B,karaganda,2025-12-27
BXpANB,kostanay,2025-12-27
G6QDxR,astana,2025-12-27
R0WOnB,almaty,2025-12-27
Gz4o7B,dc-bovespa,2025-12-27
BqZjvR,asap-global,2025-12-27
GdJQqB,sp1-sgrutb01,2025-12-27
GLjroB,sba-edge-brazil-matrix,2025-12-27
GamPXG,pitb-data-center,2025-12-27
Rv4Orw,islamabad-dc,2025-12-27
GyZjLw,stp-dc,2025-12-27
Bbl4rG,merewether-road,2025-12-27
BXpPNB,sp5-sgrutb05,2025-12-27
Gm51VG,data-center-sao-paulo,2025-12-27
RjPd8w,jaguariúna-broadcast-center,2025-12-27
GZ1pnR,cube-xs-dc,2025-12-27
Bg0NKR,changping-data-center,2025-12-27
GrZr7G,estruxture-mtl-5,2025-12-27
GDrdzB,neidc-qassim,2025-12-27
wOmArR,fr13,2025-12-27
BPvnnG,estruxture-tor-3,2025-12-27
GloKgR,shin-nihonbashi,2025-12-27
BJLloG,dc-zug,2025-12-27
RpqlDG,centro-tecnologico-mogi-mirim-dc2,2025-12-27
wVVOow,orny1,2025-12-27
w9ZJQB,tokyo-kajigaya-center,2025-12-27
woQyxR,campinas-dc1-dc2,2025-12-27
RxZd1w,north-china-(langfang)-cloud-data-center,2025-12-27
GWMgDB,alphaville,2025-12-27
GdJebB,senri-data-center,2025-12-27
BPv0nG,waterside-house,2025-12-27
Rpq5pG,core-cloud-center,2025-12-27
weXW4G,osasco,2025-12-27
Gz4XdB,estruxture-cal-2,2025-12-27
BXpkMB,suma-data-centre,2025-12-27
w5zZ3B,shibuya-data-center,2025-12-27
Gm5zjG,norte-de-brasil,2025-12-27
GkYaNB,data-centre-nuetel,2025-12-27
R0WkKB,singapore-7-keppel,2025-12-27
RpqzpG,zenith-data-centre,2025-12-27
wMmnqw,hw2,2025-12-27
BE8OVw,gotemba-data-centre,2025-12-27
BA7XOG,nydc1,2025-12-27
Gam3YG,nva02,2025-12-27
R2nWxR,data-center-5-mitaka,2025-12-27
weXyNG,dammam-2,2025-12-27
GrZzrG,monet-cls-fortaleza,2025-12-27
Rv4gNw,coelba,2025-12-27
RjP7yw,optage-umeda-north-data-centre,2025-12-27
GDr11B,rj01-1,2025-12-27
BA7XMG,poa1,2025-12-27
R8V2pw,armazém-cloud,2025-12-27
RYKV3w,corscale-gainesville-crossing,2025-12-27
wOmJdR,fortaleza-nap,2025-12-27
wVVJVw,chengdu-hub,2025-12-27
Bg0dxR,ativas-data-center,2025-12-27
BJLKZG,bsb2,2025-12-27
B7QdPG,ams002,2025-12-27
w5zQgB,h5-new-jersey,2025-12-27
wVVkVw,h5-portland,2025-12-27
w9Z6eB,sentul-data-center-1,2025-12-27
BPvVdG,petrobras,2025-12-27
weXdNG,unifique,2025-12-27
wMmg5w,al-sulaimaniyah,2025-12-27
GamM2G,baku-2,2025-12-27
BXpo1B,neidc-shariya-makkah,2025-12-27
G3M5YB,h5-philadelphia,2025-12-27
GWMYZB,codemig,2025-12-27
woQlXR,h5-pittsburgh,2025-12-27
R0Wv5B,bj20--21--22--23,2025-12-27
RN93oB,bj14,2025-12-27
BE8lYw,h5-minneapolis,2025-12-27
GDrg1B,new-jersey-data-center,2025-12-27
wVqD7G,oran-data-center,2025-12-27
RjPqyw,misr-data-center,2025-12-27
B1AZ6B,dataverge-brooklyn,2025-12-27
GrZ8rG,teb2,2025-12-27
RQZeaG,dayi-mintian-data-center,2025-12-27
RjPLJw,cn12,2025-12-27
RKlk3G,cn05,2025-12-27
Glo1PR,cn10,2025-12-27
GrZ3lG,cn13,2025-12-27
G3MeXB,dr-peng-chengdu-data-center,2025-12-27
GkYz7B,meta-dekalb,2025-12-27
w9Z57B,bm-hq-data-center,2025-12-27
BJL4eG,111-town-square-place,2025-12-27
wVVKpw,revera-art1-wellington,2025-12-27
wOm2QR,cn08,2025-12-27
Bg060R,cn09,2025-12-27
R8VZPw,cn14,2025-12-27
GneggR,cn15-,2025-12-27
RYKrew,primary-data-center-liban,2025-12-27
BA7KMG,santiago-2,2025-12-27
weXQgG,revera-art2-wellington,2025-12-27
BblbWG,blf-ghazir-dr-site,2025-12-27
GZ1DgR,shouf-medyar,2025-12-27
RxZv4w,guanghua-computer-room,2025-12-27
wOL9QB,guoxin-youyi-big-data-center,2025-12-27
Gm5ggG,comella-data-center,2025-12-27
GyZybw,san-martin,2025-12-27
wMmvWw,lianhua-data-center,2025-12-27
RKZ33B,data-centre-touch,2025-12-27
GlPxPG,magnus-ii,2025-12-27
G3V8XR,tauranga,2025-12-27
R2noeR,tianfu-cloud-computing-data-center,2025-12-27
Gag5LB,stratagate-data-centre,2025-12-27
BE8Ayw,christchurch-exchange,2025-12-27
R8JLvw,melbournedxctech,2025-12-27
R2rmeR,sky-tower,2025-12-27
GyPXbR,data-center-mikipro,2025-12-27
BgAqWG,microsoft-kiic,2025-12-27
GrVjoG,brooklyn-campus-(bk1-and-bk2),2025-12-27
GmxNgR,lambton-quay,2025-12-27
RvP2yw,shdc,2025-12-27
GdrqPB,revera-addington-christchurch,2025-12-27
GZq4gR,northcotevector,2025-12-27
Rp7grB,oadc-lagos,2025-12-27
RKZa3B,aktobe,2025-12-27
w53Y0R,aucklandvodafone,2025-12-27
w9Ex2w,oadc-durban,2025-12-27
RKZ8eB,viña-del-mar,2025-12-27
GlPXnG,faraeastone-taichung-taiping-idc,2025-12-27
G6EbbR,verizon-hq-office-ne,2025-12-27
BgAVWG,kaohsiung-lingguang-idc,2025-12-27
BPJPyG,xconnect,2025-12-27
G3VYlR,orangeburg,2025-12-27
B1Xp4w,nh218-idc,2025-12-27
RNeQnB,morgan-stanley-somerset,2025-12-27
R4Ja3w,atnorth-ice03,2025-12-27
BJrVWB,njfx,2025-12-27
wOLQnB,pc334-idc,2025-12-27
GDo95R,datavault-kanavuori,2025-12-27
GyPkER,high-dc-data-centre,2025-12-27
w9EL2w,diamniadio-national-datacenter,2025-12-27
R0mWWG,smart-data-center,2025-12-27
RvPDOw,mx3x,2025-12-27
G3VplR,centro-de-computo-tlalpan,2025-12-27
Bb0YeG,imagen,2025-12-27
RxP9vR,telia-lahti,2025-12-27
GagZvB,bru4,2025-12-27
BEW8LG,opendc-jb2,2025-12-27
GdrJrB,jb1-(menara-msc-cyberport),2025-12-27
Rp7qrB,mahape-campus-(nav1-a-d),2025-12-27
wOLmPB,maa10,2025-12-27
Gn4eQB,cyrusone-san-antonio-v-xi,2025-12-27
BA37mG,iti-ix-t233,2025-12-27
Rv4dyw,creanova-helsinki,2025-12-27
RKZleB,ecocenter-1,2025-12-27
GlPoVG,uzinfocom,2025-12-27
GLojqR,chennai-data-centre-park,2025-12-27
GzY4ER,metepec-ii,2025-12-27
GDorDR,scientific-technologies,2025-12-27
RxPPXR,dc-2-(i-city),2025-12-27
BJrL5B,telepuerto,2025-12-27
Gk33xG,caba-data-center,2025-12-27
w9EEkw,parque-patricios,2025-12-27
RQLLjB,hørning,2025-12-27
RYqq6R,exa-new-york,2025-12-27
R4JoPw,arba,2025-12-27
GLoo5R,range-technology-international-information-port,2025-12-27
RjWWzG,kudoscolombia,2025-12-27
RQL3jB,duran,2025-12-27
woddgB,data-center-graz,2025-12-27
B722vw,bogota,2025-12-27
RxPYXR,cloud-datacenter-i,2025-12-27
G6EE3R,tok2,2025-12-27
BPJJVG,administrative-headquarters-(wisma-bapa-malaysia),2025-12-27
R0mmMG,cordoba,2025-12-27
weNN6B,ec31-kuala-lumpur,2025-12-27
BX66dG,cali,2025-12-27
GzYYjR,bishket-1,2025-12-27
w53AaR,peru,2025-12-27
Gmx6mR,itaipu-paraguay,2025-12-27
GrVv1G,verizon-4428-e-sahara-ave,2025-12-27
BA3Q6G,paraguay,2025-12-27
R0mZMG,cnt-ep-quito,2025-12-27
GlPWVG,the-core-campus-las-vegas-3,2025-12-27
G6Ea3R,cnt-ep-guayaquil,2025-12-27
BgAJ4G,centro-tecnológico-valencia,2025-12-27
Gn4qQB,data-center-paraguay,2025-12-27
Rp7ZLB,bolivia-dc,2025-12-27
GzY3jR,asuncion-dc,2025-12-27
GlPWzG,databank-aus1,2025-12-27
GLov5R,sabey-data-centers-sdc-austin,2025-12-27
Rp7OqB,zurich-binz,2025-12-27
Gag76B,aws-raviryala,2025-12-27
Bb08KG,microsoft-goodyear-1,2025-12-27
Gk34DG,centro-de-procesamiento-principal-honduras,2025-12-27
R8JmZw,act1,2025-12-27
RvPX0w,microsoft-goodyear-2,2025-12-27
BA3gyG,dc-wayscom,2025-12-27
GDoKbR,suriname,2025-12-27
w53V7R,centro-de-computo-primario,2025-12-27
GWpnNw,data-center-gbm,2025-12-27
G3V23R,lugano-cinque-vie,2025-12-27
BJrPrB,basel-grosspeter,2025-12-27
R4Jglw,oficina-central,2025-12-27
R0mljG,primary-data-center-nicaragua,2025-12-27
RQLlDB,data-center-principal,2025-12-27
R2rJQR,centro-de-computo-alterno,2025-12-27
wMr29B,san-pedro-sula,2025-12-27
Gn4YoB,area31-data-center,2025-12-27
GWp7Nw,cr-sjo,2025-12-27
RxPnoR,tegucigalpa,2025-12-27
w9E3gw,centro-de-procesamiento-de-datos,2025-12-27
BgAz4G,flexential-portland---hillsboro-2,2025-12-27
GzYgDR,flexential-denver-englewood,2025-12-27
wOLOAB,philadelphia---collegeville,2025-12-27
RKZ92B,flexential-minneapolis-chaska,2025-12-27
BEW2rG,pure-orion-,2025-12-27
RxP1oR,centro-de-datos,2025-12-27
RNe10B,centro-de-datos-principal,2025-12-27
R0mDjG,cgk3-south-jakarta,2025-12-27
G6Ej4R,centro-de-datos-el-alto,2025-12-27
GlPqzG,flexential-portland---hillsboro-3,2025-12-27
BA38yG,flexential-portland---hillsboro-1,2025-12-27
GlPYYG,flexential-cincinnati,2025-12-27
R8JPZw,flexential-denver-centennial,2025-12-27
GDonbR,barcelona-,2025-12-27
RKZqZB,flexential-salt-lake-city-millcreek,2025-12-27
RjWVMG,flexential-denver-aurora,2025-12-27
RjW2nG,flexential-louisville-downtown,2025-12-27
GrVx8G,radius-dc-1500-champa,2025-12-27
wOLqDB,flexential-salt-lake-city-lindon,2025-12-27
BgAZzG,flexential-salt-lake-city-south-valley,2025-12-27
BPJq8G,flexential-tampa-north,2025-12-27
GZqJ8R,caymanas-data-centre,2025-12-27
wV6y9w,flexential-jacksonville,2025-12-27
R4Je5w,tampa-west,2025-12-27
wodYpB,fort-lauderdale,2025-12-27
Bb06jG,data-protection,2025-12-27
Gn4NvB,atlanta---douglasville-campus,2025-12-27
Gk3e6G,lumen-dallas-1,2025-12-27
RvPxMw,ncb-distaster-recovery-site,2025-12-27
RYqvOR,datacenter-nap,2025-12-27
R2r26R,adl2,2025-12-27
R4JK5w,tpg-adl4-(adam-data-centre),2025-12-27
RjWnnG,adelaide-02-adl02,2025-12-27
wOL7DB,dc3---morphett-street,2025-12-27
RvPqMw,ntt-phoenix-data-center,2025-12-27
wMrqxB,lumen-technologies-1150-legal-row,2025-12-27
R8JlDw,can1,2025-12-27
B1XM3w,dc1---pulteney-street,2025-12-27
RNeLdB,actapio-wenatchee,2025-12-27
BqWqlG,pangborn,2025-12-27
BEWXdG,east-wenatchee,2025-12-27
GLoKZR,blue-datacenter,2025-12-27
BgA8zG,toulon,2025-12-27
RxPqLR,quincy-yahoo,2025-12-27
R2rM6R,aws-ale062,2025-12-27
RKZEZB,stockholm-1-city,2025-12-27
RjWknG,tierpoint-spo01-spo02,2025-12-27
GDoNeR,komo-plaza-west,2025-12-27
R0mLgG,intervolve-pooraka,2025-12-27
BA3WeG,barataria-trinidad-data-centre,2025-12-27
RKZE4B,pa13x,2025-12-27
BgA8mG,walla-walla,2025-12-27
BJrJzB,vantage-montreal-ii-(qc4)-data-center-campus,2025-12-27
RjJ8MR,brunei,2025-12-27
BPJlKG,oiz-hagenholz,2025-12-27
Gn4kvB,hub787,2025-12-27
GlPd7G,phoenixnap-phx01,2025-12-27
R4JQVw,oiz-albisrieden,2025-12-27
Rp7kVB,sp1-takoda,2025-12-27
w9EWpw,equinix-tr4,2025-12-27
BEWnXG,downtown-seattle-sea,2025-12-27
BqWnEG,cn18,2025-12-27
Gmxr9R,logix-811-louisiana-street,2025-12-27
G6ErnR,north-seattle-data-center,2025-12-27
GZq3vR,equinix-tr7,2025-12-27
GLoyNR,quasar-data-center,2025-12-27
GrVJ4G,ascent-tor1,2025-12-27
BgAKmG,ccic-wuhan-data-centre,2025-12-27
BA3rPG,telehouse-canada-250-front-street-west,2025-12-27
GyZxLw,fr11x,2025-12-27
RjWgQG,peltre,2025-12-27
GWM20B,moncalieri,2025-12-27
Rp7mVB,logix-fort-worth,2025-12-27
BJryzB,skybox-datacenters-austin-i,2025-12-27
BPJQKG,cover-all-markham,2025-12-27
Gn48aB,cogent-toronto,2025-12-27
GDoApR,telehouse-canada-905-king-street-west,2025-12-27
wMrZrB,centrilogic-downtown-toronto-ontario,2025-12-27
Gdrb7B,amanah-tech-1-yonge-street,2025-12-27
RxPxZR,centrilogic-mississauga-ontario-south,2025-12-27
w9EApw,rhw,2025-12-27
Bb02xG,element-critical-skybox-houston-one,2025-12-27
RYq54R,rdh,2025-12-27
RNeK8B,centrilogic-greater-toronto-ontario,2025-12-27
G6EKnR,hut-8-mississauga-data-center,2025-12-27
B7218w,gl2cloud-markham-data-center,2025-12-27
R0mEDG,hut-8-vaughan-data-center,2025-12-27
Rp7nVB,bank-bca-jakarta,2025-12-27
GDoeYR,ibm-markham,2025-12-27
GlPreG,serverfarm-tor1,2025-12-27
wOL1ZB,nuday-networks-markham,2025-12-27
GrVe4G,whipcord-tdc01,2025-12-27
GLoNNR,internode-adl6,2025-12-27
GrVeKG,thrive-data-center,2025-12-27
RKZe4B,7l-networks-data-center,2025-12-27
GDoepR,microsoft-el-mirage,2025-12-27
GzYxpR,pathway-communications-markham-data-center,2025-12-27
GlPr7G,excell-it-data-center,2025-12-27
GrVNKG,tmx-group-3500-steeles-ave-e,2025-12-27
GyPNJR,purecolo-data-center,2025-12-27
BqWEyG,cambridge-network-solutions-35-mcgrath-hwy,2025-12-27
GZql3R,marlboro---ma1,2025-12-27
Bb0J6G,urbacon-dc7,2025-12-27
B1XEVw,mississauga-(yyz02),2025-12-27
RKZezB,etobicoke-(yyz03),2025-12-27
RKZWzB,verizon-attleboro-39-bank-st,2025-12-27
R4JMow,urbacon-dc2,2025-12-27
GLoW4R,atandt-cambridge,2025-12-27
BgAlOG,verizon-milford-9-water-st,2025-12-27
RxPNKR,brockton,2025-12-27
GlPAeG,verizon-waltham-36-spring-st,2025-12-27
G3VEPR,verizon-cambridge-fulkerson-st,2025-12-27
w5WbZR,seeweb-frosinone-2,2025-12-27
RvP8qw,core-data-centres-brampton-data-centre,2025-12-27
R4Jpow,td-bank-scarborough-operations-data-centre,2025-12-27
GWpavw,government-of-ontario-guelph-data-centre,2025-12-27
RYqaNR,bmo-bcc-data-centre,2025-12-27
Bb0v6G,mca2,2025-12-27
R8JX4w,tmx-group-130-king-st-w,2025-12-27
wV6mKw,microsoft-woodlands,2025-12-27
BPJpbG,ibm-leadership-data-centre,2025-12-27
w9EOEw,mca1,2025-12-27
Rp7E5B,lumen-technologies-el-paso,2025-12-27
G3VXPR,mdc-data-centers-elp1,2025-12-27
wOLnZB,stack-atl01,2025-12-27
Gn4vOB,it-park-manesar,2025-12-27
GrV9XG,chicago-ii,2025-12-27
GlP9xG,vocusdc,2025-12-27
RjP0Ew,panservice-data-center,2025-12-27
GZqL3R,laredo,2025-12-27
R2rA4R,element-critical-austin-one,2025-12-27
GyPnJR,rbc-guelph,2025-12-27
BPLdkB,rome-aci,2025-12-27
RQLJJB,mississauga-cgi,2025-12-27
B1XDVw,verizon-atlanta-dc-1-,2025-12-27
BJraqB,balsberg-data-center-,2025-12-27
Gk3Z0G,bmo-scc-data-center,2025-12-27
BA3EQG,att-hewlett-packard-alpharetta,2025-12-27
Gag69B,huntsville-data-center,2025-12-27
R2r9gR,epldt-taguig,2025-12-27
wV6pbw,huyue-cloud-data-centre,2025-12-27
GZqYWR,500-w-overland-ave,2025-12-27
RvP9aw,weststar-tower,2025-12-27
GDo7oR,365-alpharetta,2025-12-27
BA3VQG,hanel-csf-cx4,2025-12-27
GzYOoR,digital-realty-pdx12,2025-12-27
B72ZPw,cyberjaya-6-(cbj6),2025-12-27
GLo1QR,taoyuan-qingpu-information-centre,2025-12-27
R0mMAG,firstlight-rockland,2025-12-27
BX63DG,kaohsiung-cloud-data-centre,2025-12-27
RNegVB,fyshwick-campus-one-(fy1),2025-12-27
wMrOzB,digital-fortress-portland1,2025-12-27
Rp7o3B,hume-campus-two-(hu4),2025-12-27
BEWN6G,fyshwick-campus-one-(fy2),2025-12-27
G6E21R,portland-data-center-3,2025-12-27
G6El1R,kolo-copenhagen,2025-12-27
GlP0xG,aws-kizad,2025-12-27
Gk3A0G,nmp-1,2025-12-27
R8JKVw,tongcheng-data-centre,2025-12-27
BgAj6G,industrial-city-of-abu-dhabi-(icad),2025-12-27
RjWemG,aws-dubai-south,2025-12-27
wMr4zB,ltn1,2025-12-27
R0m2AG,kolo-viby-j,2025-12-27
GyP6VR,pdx1-aws-boardman,2025-12-27
GrVEXG,baltimore--bwi-data-center,2025-12-27
BJrmqB,hume-campus-two-(hu5),2025-12-27
B1X2ew,shirakami-data-centre,2025-12-27
RvP7aw,tas01,2025-12-27
wodpeB,cn20,2025-12-27
GrVEgG,dc-st02,2025-12-27
Gk38MG,cologix-mtl10,2025-12-27
GyP0LR,yerementau,2025-12-27
wV6dQw,nxtra-pune-4,2025-12-27
GmxAVR,compass-montreal-i,2025-12-27
GDoy4R,pdx109-aws-boardman,2025-12-27
RYqdmR,greenville,2025-12-27
w53N8R,madrid-getafe,2025-12-27
BgAgKG,xo-communications-washington--dc,2025-12-27
BA3kAG,pdx130-aws-umatilla,2025-12-27
RKaPqw,east-windsor,2025-12-27
Gn4nnB,compass-montreal-ii,2025-12-27
GDoJoR,baltimore-data-center,2025-12-27
BA3AAG,aws-pdx67,2025-12-27
G6ENxR,cologix-mtl11,2025-12-27
BX69NG,leaseweb-montreal-mtl-01(mco)-data-center,2025-12-27
RxP7dR,north-charleston,2025-12-27
BgAmKG,digital-edge2,2025-12-27
B72vQw,leaseweb-montreal-mtl-02(mne)-data-center,2025-12-27
GLonoR,leaseweb-montreal-mtl-03(mcl)-data-center,2025-12-27
BqWAvG,400-paul-avenue,2025-12-27
GlPlrG,ec91-fanling,2025-12-27
GDoOzR,transact-telehouse,2025-12-27
RK8xzG,viettel-phap-van-data-center,2025-12-27
R2r7LR,lumen-spartanburg,2025-12-27
w9EXQw,frontier-communications-huntington-beach,2025-12-27
GyPvZR,stockton-1-data-center,2025-12-27
wMr5qB,dc-blox-greenville-sc,2025-12-27
weNb4B,elink-johns-island,2025-12-27
BPJonG,pe3,2025-12-27
R4JL8w,ebs-data-net,2025-12-27
RxPb1R,segra-columbia,2025-12-27
RjWXNG,bne2,2025-12-27
zwOqAR,edgeconnex-edcbos01,2025-12-27
GzYbdR,batangas-city-super-core-data-center,2025-12-27
BJrNoB,equinix-mt1,2025-12-27
BA30OG,cic,2025-12-27
R8J73w,hillsboro-dc-campus-ntt,2025-12-27
B1X7yw,por01,2025-12-27
GD99Yw,don-torcuato,2025-12-27
GrXXKB,ecp-cordoba,2025-12-27
GDo5zR,t5-portland,2025-12-27
RQnW1G,aviatel-aviapark,2025-12-27
w9E7Qw,clarksville--va,2025-12-27
BPJ2bG,urbacon-dc1,2025-12-27
Gk3QNG,enterhost-burnett-plaza,2025-12-27
wodZxB,stt-gdc-md1,2025-12-27
GWpkDw,bell-canada-3685-aylmer-st,2025-12-27
R2rQLR,ptor1-1547-crs,2025-12-27
weNL4B,sttgdc-cavite-1,2025-12-27
BPJ5nG,ibm-montreal,2025-12-27
GaggmB,prisma-data-center,2025-12-27
wOLVrB,vnpt-hoa-lac-data-center,2025-12-27
BqWa0G,equinix-kl1,2025-12-27
G6ELPR,cascade-divide-dc-bend,2025-12-27
GdrVbB,tierpoint-dallas,2025-12-27
Gag4KB,codetel-alameda,2025-12-27
Gdrz8B,secondary-data-center,2025-12-27
RKZp5B,via-monte-bianco,2025-12-27
9RYPdB,equinix-tr2,2025-12-27
GrVa7G,portland-data-center-2,2025-12-27
R0myKG,oneneck-dc-bend,2025-12-27
RjWQNG,tata-evergreen-parkway-dc,2025-12-27
BgAPQG,via-della-meccanica,2025-12-27
B1Xy6w,bandon-data-center,2025-12-27
Rp7aAB,rogers-ott-dc2,2025-12-27
Gn47yB,poland-central,2025-12-27
Gn47gB,rogers-ott-dc1,2025-12-27
R8Jypw,cgi-dickson-data-center,2025-12-27
GrVarG,h5-cincinnati-ii,2025-12-27
BgA1OG,beanfield-metroconnect-23-fraser-ave,2025-12-27
BA3mMG,equinix-ot1,2025-12-27
G3VKYR,telus-rimouski-internet-data-centre,2025-12-27
BJr1ZB,rogers-ott-dc3,2025-12-27
qR01pG,cologix-tor1,2025-12-27
BbYgjw,3data-b17,2025-12-27
G6EggR,ovhcloud-bhs-campus-1,2025-12-27
B72lJw,kenmore,2025-12-27
R2rkxR,brennan,2025-12-27
GZqWLR,stt-noida-dc2-(tower-2),2025-12-27
BEWPYG,hillsboro-data-center,2025-12-27
RYqe3R,24-little-edward-,2025-12-27
w53OgR,fortitude-valley,2025-12-27
Gk3JqG,100-wickham,2025-12-27
GzYjAR,equinix-va1,2025-12-27
wodeXB,telus-kamloops-internet-data-centre,2025-12-27
GmxoDR,equinix-ka1,2025-12-27
Bqvg7R,data-centremediobanca,2025-12-27
RKZOVB,equinix-wi1,2025-12-27
BPJglG,guanacaste,2025-12-27
Rv4Vqw,via-ortles,2025-12-27
B1X96w,equinix-sj1,2025-12-27
wOLrdB,equinix-cl1,2025-12-27
BgADxG,equinix-cl2,2025-12-27
R8Jjpw,qnet-data-centre,2025-12-27
GlP3ZG,equinix-cl3,2025-12-27
RjWpyG,tnw-vancouver-spencer-building,2025-12-27
RQnreG,seeweb-sesto-san-giovanni,2025-12-27
Rp7WAB,tnw-calgary-watermark-tower,2025-12-27
G3VQYR,tnw-montreal,2025-12-27
Gn4VgB,tnw-vancouver-granville-square,2025-12-27
BA3oMG,tnw-vancouver-waterfront-centre,2025-12-27
weNmNB,msu-thad-cochran-research-park,2025-12-27
GWpQZw,usnx-jackson,2025-12-27
BJrEZB,tnw-networks-toronto,2025-12-27
wV6QVw,creek-street,2025-12-27
G3pEXw,equinix-ml5,2025-12-27
RK8r3G,google-loudoun-county--stonewall-business-park,2025-12-27
R2r5xR,datahive-data-centre,2025-12-27
GlPOZG,rigstar-industrial-telecom-calgary-data-centre,2025-12-27
RKZMVB,global-relay-vancouver,2025-12-27
G6E5gR,hut-8-vancouver-vault-data-center,2025-12-27
wMr75B,ricloud-data-center---san-jose,2025-12-27
RNe7oB,edward-st,2025-12-27
R0m55G,hut-8-vancouver-data-center,2025-12-27
w535gR,tigery,2025-12-27
GrVDrG,rogers-calgary-dc2,2025-12-27
BJgV8R,telecarrier-–-cable-onda-idc-divisa,2025-12-27
R8JMpw,rogers-calgary-dc3,2025-12-27
BA3qMG,rogers-edmonton-dc1,2025-12-27
B7QaQG,cp1-svcpcp01,2025-12-27
R2rZWR,guadalajara,2025-12-27
GDoM1R,rogers-edmonton-dc2,2025-12-27
RNQ4nB,milan-1,2025-12-27
RjWKyG,rogers-calgary-dc1,2025-12-27
weN9gB,waterbury-data-center,2025-12-27
BJrWeB,edgeconnex-tel-aviv-21,2025-12-27
wV6jpw,amnet-stamford,2025-12-27
RjxmEw,idc-pacífico,2025-12-27
BPJdlG,data-center-honduras,2025-12-27
RNea0B,nicaragua,2025-12-27
R4JqLw,wolfpaw-edm1,2025-12-27
R8JqPw,yondr-loudoun-county,2025-12-27
GageLB,41840-growth-mindset-lane,2025-12-27
weN8zB,business-guatemala,2025-12-27
w9EK7w,sasktel-saskatoon-north,2025-12-27
BEWJyG,keppel-huailai-data-centre,2025-12-27
B72qnw,sasktel-white-city,2025-12-27
GzYWVR,oricom-data-centre-1,2025-12-27
RNek6B,perth-ix,2025-12-27
wMr9WB,poa2,2025-12-27
GZqAgR,155-locust-street,2025-12-27
wMrAZB,cloud-datacenter-ii,2025-12-27
rGk8Mw,equinix-ch7,2025-12-27
GyPebR,21-harborview-avenue,2025-12-27
R0mqpG,sasktel-regina-central,2025-12-27
Gdr4PB,sasktel-saskatoon-central,2025-12-27
BX68PG,keppel-qingpu-data-centre,2025-12-27
BqWD7G,manitoba-telecom-services-data-centre,2025-12-27
RKZ03B,harvard-developments-201-portage,2025-12-27
B1p53w,mtw-ru-bunker,2025-12-27
Rp7ymB,rogers-halifax-dc1,2025-12-27
R8JAPw,whipcord-ldc01,2025-12-27
weNqgB,n-plus-networks-data-center,2025-12-27
GlPyPG,valley-internet-true-north-data-centre,2025-12-27
GWp05w,rack-and-data-data-center,2025-12-27
BgAy0G,lesnet-ywg1,2025-12-27
B1XOQw,lesnet-ywg4,2025-12-27
wOL0QB,lesnet-ywg2,2025-12-27
wV60pw,waterloo-colocation-waterloo-1,2025-12-27
Gn46kB,intraworks-data-centre,2025-12-27
GDoknR,fibre-centre-moncton,2025-12-27
wod7KB,eastlink-pennant-point-data-centre,2025-12-27
GW6EDR,china-construction-bank-ccb-tower,2025-12-27
GrVylG,rogers-oakville,2025-12-27
Rjxo8w,telekom-malaysia-berhad-hk-1,2025-12-27
Bb0yWG,haii1,2025-12-27
B7mZrG,calle-de-albasanz,2025-12-27
BgVA6w,surco,2025-12-27
RYq0eR,w1,2025-12-27
RvPyyw,960-main-street,2025-12-27
BPJ7kG,datacity-waterloo-data-center,2025-12-27
GZq0gR,5-landmark-square,2025-12-27
Gk367G,acure-dc2,2025-12-27
wOmMPR,frankfurt-1---kleyerstraße,2025-12-27
R8JVvw,wtc-free-zone,2025-12-27
GmxdgR,babbage-centre,2025-12-27
GzYKVR,piliyandala,2025-12-27
RKZo3B,malabe-,2025-12-27
GDomnR,khazna-auh7,2025-12-27
wOLPQB,orion-city-it-park,2025-12-27
BEWYyG,hawaiian-telcom-endeavor-data-center,2025-12-27
GDom5R,g42-al-markaz,2025-12-27
GnoqKw,cabase,2025-12-27
RYqOAR,sjc01,2025-12-27
BALnxw,latechco-aguada-park,2025-12-27
BgAe0G,slt-national-data-center,2025-12-27
GagnvB,sjc02,2025-12-27
BJrxWB,databank-granite-point-campus,2025-12-27
R0mjWG,telia-laagri,2025-12-27
wOLxnB,edcams06,2025-12-27
R4kyXB,hut-8-medicine-hat-data-center,2025-12-27
GrVWoG,equinix-mt2,2025-12-27
wodobB,mumbai-dc5,2025-12-27
weNlDB,rabale---tower-3-,2025-12-27
G3VDlR,mumbai-dc4,2025-12-27
wMrzVB,mex-i-6-and-mex-i-7,2025-12-27
Gn4WVB,tata-communications-data-center,2025-12-27
BX6zJG,lumen-technologies-toronto-data-center,2025-12-27
wMrrZB,stt-jakarta-1-(giic),2025-12-27
w9Eo2w,rabale---tower-5,2025-12-27
R4JA3w,rabale---tower-4,2025-12-27
BblkeG,pune-1,2025-12-27
BgAnrG,ark-data-centers-boise-2,2025-12-27
GrVkoG,enet-columbus-ohio,2025-12-27
BPJmyG,rabale---tower-2,2025-12-27
GWpxbw,rabale---tower-1,2025-12-27
GDoz5R,symcor-8-prince-andrew-pl,2025-12-27
wMLgVG,chita,2025-12-27
BX4lWB,bt-global-services-bt-nimbus,2025-12-27
Rp74LB,smextp01-smextp02,2025-12-27
R8J0Ww,interlink-data-centre,2025-12-27
BA3z6G,boise-data-center,2025-12-27
BA3PxG,fibre-centre-ottawa,2025-12-27
GDozDR,tonaquint-boise,2025-12-27
GlPVVG,sgigsm01,2025-12-27
RjW3zG,spoapa01,2025-12-27
GdrD8B,bdc1-barranquilla,2025-12-27
weND6B,ümitköy-,2025-12-27
Gk3MxG,cosgray-leppert-road-(hilliard-ii),2025-12-27
GzY5VR,te-tai-tokerau-,2025-12-27
Bb0M0G,google-hartman-stock-farm,2025-12-27
w534aR,dartpoints-dublin--oh,2025-12-27
GyPKOR,dartpoints-cincinnati--oh,2025-12-27
BPJzVG,cologix-col-4,2025-12-27
RvPMYw,lumen-cleveland-premier-select,2025-12-27
GkxWqw,mil01a--b-and-c,2025-12-27
RjW8EG,verizon-hyannis-49-ocean-st,2025-12-27
B1XVOw,lc-campus,2025-12-27
R8JYWw,involta-independence,2025-12-27
wV6aOw,cfs1-coffs-harbour,2025-12-27
GlPMVG,-colombo-1,2025-12-27
RxPMXR,madrid-,2025-12-27
BPJWVG,ics-corporate-center-1,2025-12-27
weNM6B,gz6,2025-12-27
B1ANQB,piermark-drive,2025-12-27
BX6vdG,101-east-town-street,2025-12-27
RQLPjB,eastgate-cincinnati,2025-12-27
RjWzzG,colombo-2-,2025-12-27
GmxMmR,ark-data-centers-canton,2025-12-27
BqZQ1R,cis-islamabad,2025-12-27
RKZJPB,blue-bridge-networks-sterling-building,2025-12-27
Bb0V0G,gz2,2025-12-27
R2rzMR,marlborough-(mrl),2025-12-27
RpqoAG,albany-auckland-sxdc,2025-12-27
Gne0gR,otago-(dunedin),2025-12-27
w9Elkw,pittsburgh--pennsylvania,2025-12-27
RvPjYw,gz3,2025-12-27
Gk3bxG,databank-cle1,2025-12-27
BXpY1B,airedale-mayoral-drive-exchange,2025-12-27
RQL5jB,andover-(and),2025-12-27
bGzP7B,nym7,2025-12-27
BJLQeG,thorndon-quay,2025-12-27
BqWKaG,mobily-obhur-data-centre,2025-12-27
rGk1qB,bit-2a,2025-12-27
wMrbZB,coresite-mi2,2025-12-27
B72Ovw,474-main-street,2025-12-27
RKZYPB,zhongneng-data-centre,2025-12-27
BgA9rG,jiaochangxi-data-centre,2025-12-27
G6E13R,khalifa-university-dc,2025-12-27
GLom5R,tpe11,2025-12-27
B1XzOw,shaxi-data-centre-guangzhou-cloud-computing-data-centre,2025-12-27
wOLZPB,accelerator-data-centre,2025-12-27
R0mzMG,abu-dhabi-disaster-recovery-dc-madinat-zayed,2025-12-27
BX6jdG,1-federal-street,2025-12-27
GdrWOB,cbuae-hq-dc,2025-12-27
GrV18G,saib-dr-drc,2025-12-27
GDo2bR,saudi-electricity-company,2025-12-27
RpqdpG,amazon-thomasson-barn-road,2025-12-27
R8JgZw,element-critical-chicago-i,2025-12-27
BgA94G,nanshayungu-data-centre,2025-12-27
GDoVDR,dongchong-data-centre,2025-12-27
R8JgWw,yatai-data-centre,2025-12-27
GrV11G,keyun-data-centre,2025-12-27
RjWazG,qixingang-data-centre,2025-12-27
GlPvVG,renminzhong-data-centre,2025-12-27
wOLZAB,guanda-data-centre,2025-12-27
RjWaMG,tierpoint-chicago-polk,2025-12-27
G6EV4R,national-telecom-phuket,2025-12-27
BEWQrG,national-telecom-surat-thani,2025-12-27
wMrX9B,ksau-hs-riyadh-dc,2025-12-27
Gn4AoB,redf-hq-dc,2025-12-27
R4J3lw,ml7x,2025-12-27
R0mAjG,national-telecom-chiang-mai,2025-12-27
BqXd0w,google-eemshaven,2025-12-27
RQLXDB,modern-industry-(hualong)-base,2025-12-27
Bb0XKG,dawiyat-riyadh-dc,2025-12-27
jBExXw,cellnex-telecom-datacenter-amsterdam,2025-12-27
weNKzB,south-base-data-centre,2025-12-27
R2rpQR,lianhuashan-weihai-data-centre,2025-12-27
GWpXNw,qirui-data-centre,2025-12-27
BPJXlG,ruihe-road-data-centre,2025-12-27
weavDw,paul-van-vlissingenstraat-(pvv),2025-12-27
Rp7pqB,saudi-british-bank-hor-dc2,2025-12-27
BqWJ1G,marafiq-jubail-dc,2025-12-27
BJLyNG,iad71,2025-12-27
RQn25G,dataspace-1,2025-12-27
G3pQWw,cloud-dc-moscow-i,2025-12-27
GzYkDR,najran-university-primary-data-center,2025-12-27
GLoXeR,national-telecom-si-racha,2025-12-27
GrVm8G,huiyun-data-centre,2025-12-27
RjWjMG,mingmei-base,2025-12-27
B72eew,hai-yai-1,2025-12-27
GlP8zG,xinguang-base-(leon-qiyun-data-centre),2025-12-27
GDrA4B,amazon-web-services-iad58,2025-12-27
B1Xn8w,vnnic-hoa-lac-data-center,2025-12-27
wOLXAB,vnnic-tan-thuan-data-center,2025-12-27
weNAzB,lianyun-data-centre,2025-12-27
Gk3VDG,onecolo-tampa,2025-12-27
GDoDbR,yanbu-data-centre,2025-12-27
BJrorB,etisalat-hobb-data-centre,2025-12-27
w9E2gw,etisalat-smart-hub-fujairah-data-center,2025-12-27
G3Va3R,guangzhou-science-city-idc,2025-12-27
RYq2aR,lightedge-des-moines-i,2025-12-27
R8JWZw,gwangju-national-ai-data-centre,2025-12-27
G3MpxB,meudon,2025-12-27
wV6Z7w,guangzhou-cloud-data-centre,2025-12-27
Bb0rKG,beaumeade-dc-building,2025-12-27
Gm50DG,huawei-langfang-cloud-data-center,2025-12-27
wMrW9B,-malaga-,2025-12-27
RQLkDB,nansha-no-1-cloud-center,2025-12-27
GyP2WR,aptum-herndon,2025-12-27
G6EZ4R,oneneck-itsolutions-des-moines,2025-12-27
GZqQdR,aptum-los-angeles,2025-12-27
BPbqnG,tim-(telecom-italia)-rozzano,2025-12-27
Gagj6B,des-moines-ii,2025-12-27
RvPZ0w,nautilus-los-angeles,2025-12-27
BALJQw,orange-piekna-17and19,2025-12-27
w5zY7B,bignet-data-center,2025-12-27
BX65jG,enseva-ia1,2025-12-27
BEWmrG,us-signal-cedar-falls,2025-12-27
BgAp4G,wutai-data-centre,2025-12-27
GlPezG,nansha-data-centre,2025-12-27
BgAEzG,vision-net-helena-data-center,2025-12-27
RKZ6ZB,its-22068-business-hwy-151,2025-12-27
GLoeeR,parsec-data-management-dc,2025-12-27
R0m9jG,big-lobster-fortaleza,2025-12-27
wOL4AB,state-farm-project-black-flag,2025-12-27
Gn4EoB,heartland-technology-1151-12th-st,2025-12-27
GzYQDR,billings-data-center,2025-12-27
Rp7KdB,fontvielle,2025-12-27
RvPrMw,seax-batam-data-center,2025-12-27
RN920B,lucky-net-data-center,2025-12-27
RxPDLR,databank-slc1-utah,2025-12-27
Bqlyvw,equinix-pa8x,2025-12-27
w9EzKw,centurylink-cambridge,2025-12-27
B1pEQw,equinix-pa9x,2025-12-27
weNELB,qts-atlanta-dc3,2025-12-27
Gk3X6G,lumen-springfield,2025-12-27
GagEKB,dc2-monaco-telecom,2025-12-27
G3V6xR,vision-net-missoula-data-center,2025-12-27
GDo6eR,sbg5,2025-12-27
w536vR,qts-suwanee-dc2,2025-12-27
wOQLoR,paris--3,2025-12-27
GzYDZR,philadelphia---pa1,2025-12-27
BgVoxw,sfr-netcenter-courbevoie,2025-12-27
wVVA7w,kyivstar-data-center,2025-12-27
BqWNlG,north-data-center-great-falls-data-center,2025-12-27
Rjxnyw,sfr-netcenter-trappes,2025-12-27
GLodZR,philadelphia---ph2,2025-12-27
B726bw,government-of-alberta-whitehorn-data-centre,2025-12-27
BX6EaG,jsllc-bozeman-data-center,2025-12-27
BEW6dG,vision-net-fiber-hotel,2025-12-27
BA3deG,bluebird-network-bluebird-quad-cities-,2025-12-27
RKZdZB,cyrusone-ocb1-omaha-council-bluffs,2025-12-27
w9LZ8G,az01---croissy-beaubourg,2025-12-27
Gmx25R,equinix-mi1,2025-12-27
Gn4QvB,scott-data-center-omaha,2025-12-27
RQnjaG,global-sp-paris-data-centre,2025-12-27
Rx9XeG,mediactive-network-paris-10e,2025-12-27
Rp7MdB,microsoft-project-mountain,2025-12-27
BJrdmB,philadelphia-(phi),2025-12-27
wOLdDB,fll1,2025-12-27
GrVK5G,lehigh-valley-(lvq),2025-12-27
GlP5YG,allentown-tek-park-(tek),2025-12-27
R0mnnG,andresy,2025-12-27
GlPLYG,direct-ltx,2025-12-27
wodxpB,osl2-hamar,2025-12-27
wV6r9w,gov-of-canada-atlantic-technology-centre,2025-12-27
R2n64R,al-awayd-data-center,2025-12-27
RKZgZB,winger-data-center-,2025-12-27
BA35eG,netrality-data-centers-kansas-city-1102-grand,2025-12-27
G3VdxR,valley-forge-(vfo),2025-12-27
GagWKB,mia1,2025-12-27
yGlmxw,interxion-a-digital-realty-company-par7,2025-12-27
wOL8kB,401-north-broad-street,2025-12-27
QwV2Kw,equinix-pa2,2025-12-27
Rp7LdB,novva-data-centers-utah-data-center,2025-12-27
B1Xmxw,uot-data-center,2025-12-27
BgJL6w,asanti-farnborough-data-centre,2025-12-27
wodL5B,sg-1,2025-12-27
gB72rw,edgeconnex-edcchi01,2025-12-27
R8J4Mw,marathon-digital-holdings-kearney,2025-12-27
wV6oXw,sioux-falls---east-data-center,2025-12-27
GlPL7G,300-carpenter-st,2025-12-27
BgAxmG,prov-net-providence-campus-,2025-12-27
DGnqQR,aptum-portsmouth,2025-12-27
wOQydR,ldn1,2025-12-27
BA35PG,lococolo-omaha-data-centre,2025-12-27
BPJDKG,fargo,2025-12-27
GrVq4G,netrality-kc2-7801-nieman,2025-12-27
NwoQbR,cyxtera-lhr3,2025-12-27
w5WLgR,cyrusone-london-i-37,2025-12-27
Bb0ZxG,1623-farnam-omaha,2025-12-27
R4JVVw,bismarck,2025-12-27
GZqPvR,jamestown,2025-12-27
Gk3L5G,fargo-data-center,2025-12-27
RYqW4R,core-scientific-north-dakota,2025-12-27
RQL0nB,nsa-bumblehive,2025-12-27
w538YR,tierpoint-midlands-dc,2025-12-27
RvPLgw,tierpoint-bellevue-dc,2025-12-27
Rp7QVB,at-t-birmingham-usa,2025-12-27
BPPr8B,cyrusone-london-v,2025-12-27
B1Ab8B,krym-tekhnologii-data-processing-center,2025-12-27
8RvDOw,equinix-ld4,2025-12-27
B1Xgxw,north-sioux-city,2025-12-27
RNeM8B,sioux-falls-data-center-ii,2025-12-27
RxPOZR,sioux-falls-data-center,2025-12-27
R0mODG,fargo-data-center-midco,2025-12-27
GDoYpR,la-vista-data-centre,2025-12-27
GLoQNR,lightedge-omaha-dc,2025-12-27
RKZ24B,sioux-falls-2,2025-12-27
Gmxy9R,grand-forks-data-center,2025-12-27
Gk3v5G,metairie,2025-12-27
wVVnKw,h5-new-york,2025-12-27
BqlQvw,colombia-xv,2025-12-27
RYq84R,new-orleans-fogo,2025-12-27
RxPlZR,fidelity-papillion-dc,2025-12-27
Bg0vQR,amazon-loudoun-county-parkway,2025-12-27
weN4AB,evergreen-heights,2025-12-27
G6EJnR,edge-data-center-pittsburgh,2025-12-27
Bg0KKR,amazon-web-services-iad51,2025-12-27
GZqmvR,shreveport,2025-12-27
GyPgyR,google-omaha,2025-12-27
RNed8B,tier-point-kansas-city,2025-12-27
wOLKkB,newark-data-center,2025-12-27
GyZdbw,digital-realty-9355-grand-avenue,2025-12-27
GLo6NR,baton-rouge--la1,2025-12-27
B1X8xw,colohouse-philadelphia,2025-12-27
RKZN4B,oklahoma-city-,2025-12-27
GmxQ9R,st--george,2025-12-27
XRj3eG,h5-cincinnati-i,2025-12-27
Bg086R,iad10,2025-12-27
BqW6EG,baton-rouge,2025-12-27
BgAbmG,1603-jessup-street,2025-12-27
R0mrDG,american-tower-edge-data-center-austin,2025-12-27
Gdrk7B,1309-noble-street,2025-12-27
BgAbOG,state-farm-data-center,2025-12-27
R8Jo4w,411-swedeland-road-king-of-prussia--pennsylvania,2025-12-27
B1Ql8B,paine,2025-12-27
Gn4xaB,bci-data-center,2025-12-27
BA7rQG,amazon-web-services-iad16,2025-12-27
wOLKZB,oklahoma-city-2,2025-12-27
B1X8Vw,oklahoma-city-1,2025-12-27
GlP27G,state-data-center---jackson,2025-12-27
GrV04G,nccips,2025-12-27
R8JoMw,20491-landon-road,2025-12-27
Rp7N5B,binary-net-the-vault-dc,2025-12-27
GLjZeB,maxnet-data-center,2025-12-27
G3Vv6R,bdx-cgk5-suryacipta,2025-12-27
BA3aaG,firstlight-brunswick,2025-12-27
wodMlB,chi01a,2025-12-27
BPJnbG,340-cumberland-content-hotel,2025-12-27
BJrM8B,binary-net-sharp-annex,2025-12-27
weNx3B,lumen-bellevue-data-centre,2025-12-27
GDoZYR,1201-north-market-street-–-wilmington--de,2025-12-27
BqZgER,bpk-data-center,2025-12-27
G3VAPR,firstlight-bangor,2025-12-27
RQLpJB,xnet-critical-computing,2025-12-27
GZq93R,lumen-technologies-2530-perimeter-pl-dr,2025-12-27
BgAY0G,dci--indonesia-h2-02,2025-12-27
RxPJKR,hamilton-aurora-data-centre,2025-12-27
w53kER,data-suites-murfreesboro,2025-12-27
GagyrB,compass-datacenters-nashville-data-center,2025-12-27
G6EmNR,brownrice-internet-taos-data-center,2025-12-27
woWakw,bridgedc-jakarta,2025-12-27
RvPnqw,lumen-technologies-nashville-data-center,2025-12-27
RjWdEG,365-data-centers-nashville-tn,2025-12-27
B1XWVw,digital-realty-760-doug-davis-drive,2025-12-27
GdrQLB,lincoln-4267-meridian-pkwy,2025-12-27
w5WZZR,edgeconnex-jkt01,2025-12-27
Bb07jG,metta-dc-id01,2025-12-27
BqWjyG,gigenet-chicago,2025-12-27
GlPKeG,dc-qr02,2025-12-27
GrVrKG,nexus-nashville-data-center,2025-12-27
B1ALyB,edge1,2025-12-27
Gmx1JR,netrality-chicago---717-south-wells,2025-12-27
Gne4aR,pure-data-centres-jakarta,2025-12-27
wodglB,peacecom-chattanooga,2025-12-27
Rp7l5B,memphis,2025-12-27
RN988B,bumi-serpong-damai-(bsd),2025-12-27
BPJ0bG,microsoft-bison-business-park,2025-12-27
GzYlpR,yankton-data-center,2025-12-27
wV6eKw,hca-nashville-data-center-crossings-center,2025-12-27
BJrl8B,tenhats-fort-summit-way,2025-12-27
RjxLzw,serpong-data-center,2025-12-27
R8Jb4w,knoxville-data-center,2025-12-27
BA3NaG,memphis-data-center,2025-12-27
RvP6qw,firstlight-tech-park,2025-12-27
w53DER,anchorage-data-center,2025-12-27
Gk3aWG,lunavi-cheyenne-data-centre,2025-12-27
G6EANR,clt2,2025-12-27
R4J8ow,microsoft-cheyenne-business-parkway,2025-12-27
Bb0o6G,firstlight-albany,2025-12-27
Gamv9G,ta-sit-pluak-daeng-rayong,2025-12-27
GW6X0R,cs-loxinfo-cloud-data-center,2025-12-27
w5zJ3B,aims-bangkok,2025-12-27
GyPPOR,jakarta-tmone(vads),2025-12-27
GyZaEw,bang-na-data-centre,2025-12-27
Gn4ZOB,durham,2025-12-27
RjW7mG,telesystem-dc-1,2025-12-27
BgA4OG,unisecure-philadelphia,2025-12-27
B1XlVw,lumen-technologies-4485-east-sahara,2025-12-27
GLox4R,raleigh-durham-data-center,2025-12-27
RKZQzB,ncar-wyoming-supercomputing-center,2025-12-27
R8VDVw,iad52,2025-12-27
GDo1oR,servaxnet-new-castle,2025-12-27
R8Jp4w,lumen-pittsburgh,2025-12-27
Gn4zKB,tierpoint-st--louis--millpark,2025-12-27
BJr8qB,netrality-st--louis---210-north-tucker,2025-12-27
Rp7z3B,netrality-st--louis-900-walnut,2025-12-27
BEoy3G,mcc-campus,2025-12-27
BPJ3pG,bluegrassnet-321-east-breckinridge-street,2025-12-27
BA3XQG,tierpoint-st--louis---olive,2025-12-27
wodzkB,windstream-state-college,2025-12-27
G3VbkR,windstream-ephrata,2025-12-27
G6EQbR,megacable-datacenter,2025-12-27
R4JvXw,iglou-internet-services-3315-gilmore-industrial-blvd,2025-12-27
GagQ9B,westelcom-watertown,2025-12-27
GrZN7G,gasan-integrated-data-centre,2025-12-27
GzZg7G,mx1,2025-12-27
Gk3m0G,consolidated-communications-burlington,2025-12-27
wOmEZR,telehouse-seoul,2025-12-27
Grj84G,kt-cheongju-idc,2025-12-27
w9EQ8w,firstlight-williston,2025-12-27
RYqYdR,westelcom-plattsburgh,2025-12-27
R2bobR,sk-broadband-bundang-centre,2025-12-27
BJVAzB,kt-mok-dong-idc-2,2025-12-27
wMrnzB,citynet-bridgeport--wv,2025-12-27
Gkp57w,pangyo-cloud-data-centre,2025-12-27
Bb0xkG,westelcom-syracuse,2025-12-27
R2ragR,novva-data-center-las-vegas,2025-12-27
G6Ey1R,citynet-charleston--wv,2025-12-27
RpgjVB,kt-mok-dong-idc-1,2025-12-27
GyPzVR,huizhou-telecom-idc,2025-12-27
RK8dVG,saemaul-geumgo-gumi-data-centre,2025-12-27
GrVLXG,verizon-los-angeles,2025-12-27
RKZDDB,t5-minneapolis,2025-12-27
RjWMmG,11101-university-boulevard,2025-12-27
BgAd6G,lv-net-las-vegas-dc2,2025-12-27
R0mkAG,alpha-technologies-dc1,2025-12-27
GzZmoG,stn1,2025-12-27
GnoJQw,dxc-technology-wavendon,2025-12-27
BEWO6G,meganet-foundry-data-center,2025-12-27
GlP6xG,pinnacle-technical-solutions-data-center,2025-12-27
BJrKqB,atnorth-fin03,2025-12-27
GWp31w,huizhou-baiwang-xinyun-data-centre,2025-12-27
BA32yG,datacenteradn,2025-12-27
wMrgzB,ba2,2025-12-27
RNelVB,il4-equinix,2025-12-27
wodEkB,at-north-fin01,2025-12-27
Bb0mkG,lightedge-kansas-city,2025-12-27
R2rWgR,ty13x,2025-12-27
GrZV5G,gtr-london-gb-one,2025-12-27
w9Eb8w,the-globe-building-stl-globe-building,2025-12-27
GdrZDB,(msp1)-west-twin-cities,2025-12-27
GmKnLB,indectron-shield-house,2025-12-27
dGZn8G,data-center-stollen-lucern,2025-12-27
wOp8PB,hiho-wzh1,2025-12-27
GLoOQR,oneneck-it-solutions-minneapolis,2025-12-27
BqZWlR,cogent-communications-vienna,2025-12-27
R0mVAG,cologix-min4,2025-12-27
BX6oDG,databank-(msp3)-brooklyn-park,2025-12-27
BqW76G,us-internet-12450-wayzata-blvd,2025-12-27
BEWd6G,databank-(msp2)-east-twin-cities,2025-12-27
BgA26G,nyse-data-center,2025-12-27
GlPmxG,whitelabel-it-solutions-new-jersey,2025-12-27
Gmx0vR,involta-duluth-ii,2025-12-27
GDogoR,vaultas-st--cloud--mn,2025-12-27
GrV8XG,vaultas-alexandria--mn,2025-12-27
RKZ1DB,involta-duluth-i,2025-12-27
Gn4gKB,distrito-federal,2025-12-27
wOLjoB,data-center-rio-de-janeiro,2025-12-27
rGk00w,equinix-ny6,2025-12-27
R8JN9w,cen-data-center,2025-12-27
GrV8gG,piscataway--new-jersey,2025-12-27
G3V5yR,tierpoint-spo03,2025-12-27
qBJr5B,iomart-dc2-london,2025-12-27
DR4NAw,equinix-la7,2025-12-27
BA3KAG,bank-of-america-henrico,2025-12-27
Rp7j3B,centro-de-dados,2025-12-27
Rjxamw,netia-mind,2025-12-27
dGW51B,equinix-ny5,2025-12-27
wMrJnB,liberty-center-one-4815-delemere-ave,2025-12-27
Gnopkw,uruguay,2025-12-27
R4J2Aw,la-molina-bcp,2025-12-27
GLoaoR,sg3,2025-12-27
zwOLnB,edgeconnex-edcpit01,2025-12-27
weNd9B,us-signal-grand-rapids-east,2025-12-27
B1p24w,waw02-edgeconnex,2025-12-27
wV6kQw,us-signal-detroit-metro,2025-12-27
BEWAoG,otava-metro-detroit,2025-12-27
RNe3lB,nexcess-us-midwest---dearborn,2025-12-27
wOL2gB,data-center-ucv,2025-12-27
GWpO0w,noyelles-lès-seclin,2025-12-27
BPJx4G,seclin-worldline,2025-12-27
BgA6KG,iron-mountain-va-4,2025-12-27
GlP1rG,iron-mountain-va-5,2025-12-27
lR8Vvw,kddi-telehouse-london-west,2025-12-27
weNQ9B,huizhou-taxation-bureau-data-center,2025-12-27
2Gdx4G,iron-mountain-lon-1,2025-12-27
Gn4jnB,morrisville,2025-12-27
R4JPAw,serris,2025-12-27
GaDxXR,london-north-stellanor,2025-12-27
BqWpvG,greensboro-centurylink,2025-12-27
GDo84R,winston-salem,2025-12-27
GzZJAG,morgan-stanley-heathrow-data-centre,2025-12-27
BqXnMw,morgan-stanley-croydon-data-centre,2025-12-27
w9E50w,noisiel,2025-12-27
Bb0brG,123net-grand-rapids-(dc4),2025-12-27
RYqrmR,tym2,2025-12-27
PGyEJG,evoque-ch1---lisle,2025-12-27
RNeylB,el-marques---banamex,2025-12-27
GyPyLR,123net-detroit-(dc1),2025-12-27
GZqDnR,lucknow-state-data-centre,2025-12-27
RQLNpB,centurylink-44633-guilford-drive,2025-12-27
GD9PYw,netwise-london-east,2025-12-27
Gz357w,pacy-sur-eure,2025-12-27
DBAmOB,digital-realty-acc7,2025-12-27
GLvZoB,lyon,2025-12-27
Gag9YB,verizon-data-centre,2025-12-27
G6EYxR,croissy-beaubourg,2025-12-27
R8mE9G,bytedc-urban-data-center,2025-12-27
B13bMG,microsoft-ginger-east,2025-12-27
BgJ7Kw,bg2,2025-12-27
BELvow,crosne,2025-12-27
GdAqqw,toussaint-louverture,2025-12-27
woXlgB,hayes,2025-12-27
B13byG,sm5and6and7,2025-12-27
wOv9rG,sm3and4,2025-12-27
QBb9rw,nva1-nva3,2025-12-27
Gnq1nR,chaktomuk-data-center,2025-12-27
RpZeDw,bussy-saint-georges-euroclear,2025-12-27
RK81PG,digital-realty-iad37,2025-12-27
RjJ5NR,data-technology-center-jonesboro,2025-12-27
R8mE3G,nova-lurin,2025-12-27
RjWe8G,rj01-01,2025-12-27
BJvZoB,bailly-romainvilliers---data-centre-vega,2025-12-27
GnoPnw,university-of-southampton-astro-house,2025-12-27
wVqLoG,labruguière---data-centre-topaze,2025-12-27
R4kY8B,montpellier-dc1,2025-12-27
BAQbOB,atandt-switching-center,2025-12-27
RpZepw,mordelles,2025-12-27
GloP7R,haifa,2025-12-27
G3386G,lieusaint---data-centre-sirius,2025-12-27
weJ34B,clermont-ferrand-ii,2025-12-27
BPLAnB,grabels,2025-12-27
GdAYbw,campus-nord---nexus-1,2025-12-27
GkWPNG,microsoft-alluvion,2025-12-27
RvYAAB,240-scott-street,2025-12-27
GLv2bB,expedient-franklin,2025-12-27
Bqvl0R,buf1,2025-12-27
BXZ4MG,zagreb-dc-1-databox,2025-12-27
RxYW1G,collégien-ii,2025-12-27
Gm6Kjw,buzin-datatarget,2025-12-27
RYMJbR,316-n-pearl-street,2025-12-27
R0ZXKw,pawsey-supercomputing-centre,2025-12-27
GWZvDR,hr-zoo-zg1,2025-12-27
R4ka8B,miwi1-(the-wells-building),2025-12-27
RjJmNR,clermont-ferrand,2025-12-27
wOvprG,dc-jaska,2025-12-27
wOQjnR,43915-devin-shafron-drive,2025-12-27
B13QyG,tierpoint-milwaukee,2025-12-27
R8mL3G,rbx5,2025-12-27
BAQyOB,castelnau-le-lez,2025-12-27
BJvVoB,elancourt,2025-12-27
GDLPzG,la-chapelle-saint-mesmin,2025-12-27
GyYkZG,dis-arkansas,2025-12-27
RvYDAB,hr-zoo-st,2025-12-27
GaADYG,one-neck-it-solutions-madison,2025-12-27
GZZooG,hr-zoo-ri,2025-12-27
GzZzEG,frankfurt-data-centre,2025-12-27
w9qxQw,hr-zoo-zg2,2025-12-27
BbnmjB,cwl1,2025-12-27
RYMybR,sba-edge-jax,2025-12-27
GkWxNG,hr-zoo-os,2025-12-27
RxP6aR,brs1,2025-12-27
RN8QLw,4-tower-place-(alb3),2025-12-27
RQ3n6w,agility-colo-7901-w-clinton-ave,2025-12-27
R0ZaKw,queretaro-3,2025-12-27
PGyWLB,2220-de-la-cruz-boulevard-(sc1-data-center-),2025-12-27
RxY91G,5nines-madison,2025-12-27
6w9Z2B,pulsant-south-london,2025-12-27
R2LZLw,cyberonedata-wisconsin,2025-12-27
GLvPbB,i-evolve-getzville,2025-12-27
GDL9zG,malaga-,2025-12-27
G6abPR,zagreb-a1-hrvatska,2025-12-27
GdAdbw,80-state-street-(alb1),2025-12-27
VwMmVw,london-1-enfield,2025-12-27
RxZA1w,swindon,2025-12-27
R8mQpG,lumen-technologies-lachine,2025-12-27
BJvLZB,5109-hayden-run-rd-(hilliard-i),2025-12-27
RjJxyR,pointvoip,2025-12-27
8RvQyB,byfleet,2025-12-27
GzZ5pG,providencia,2025-12-27
GrvXrG,stafford-associates-long-island-data-centre,2025-12-27
BAQLOB,centurylink-1755-1757-old-meadow-road,2025-12-27
RKv8VB,northland-communications-utica,2025-12-27
BAQLMB,shaw-communications-31st-avenue-sw-calgary,2025-12-27
GlWXZR,stack-infrastructure-nal01,2025-12-27
GDL91G,telus-data-centre-1,2025-12-27
RvY4NB,gce-cambodia-data-center,2025-12-27
ARN9nB,london-2-hayes,2025-12-27
GZZ1LG,seatel-cloud-data-center,2025-12-27
wVqVVG,synoptek-irvine,2025-12-27
GdAJ4w,2120-river-road-teleport,2025-12-27
RQ3Zaw,sp1-eveo,2025-12-27
BbAlaw,144-henry-street,2025-12-27
G33MYG,synoptek,2025-12-27
weJXNB,synoptek-sacramento,2025-12-27
R4kogB,bhamashah-state-data-center,2025-12-27
RxYZeG,cloudsmart,2025-12-27
R2Lnxw,dc-north,2025-12-27
RYMK3R,klm-amsterdam,2025-12-27
wMAm5w,chimenet,2025-12-27
BEL8Yw,7000-pine-grove-road-teleport,2025-12-27
R8mVpG,zitnjak-a1-hrvatska,2025-12-27
BgJ0xw,telecom-cambodia-data-centre,2025-12-27
GlWoZR,mekongnet-data-center,2025-12-27
PGyQbG,london-7-stockley-park,2025-12-27
GLvjzB,corserva-connecticut,2025-12-27
Gm65Dw,irongate-twin-cities-east,2025-12-27
RKvlVB,irongate-twin-cities-west,2025-12-27
RjPXew,didcot,2025-12-27
Gz9rjR,fra-01--and-fra-02-,2025-12-27
RYMq3R,kragujevac-a1-srbija,2025-12-27
GZZqLG,telepark-belgrade,2025-12-27
RQ3Law,microsoft-elk-grove-technology-park,2025-12-27
GWZpZR,dayone-site-2-(ntp4and5),2025-12-27
BqvWMR,asama-data-centre-campus,2025-12-27
GaAg2G,ddc-serbia,2025-12-27
BbA0aw,ashburn-va9,2025-12-27
weJNNB,buffalo-i-,2025-12-27
GLvozB,katherine-g--johnson-computational-research-facility,2025-12-27
GyYP1G,telenor-yettel,2025-12-27
RNQ50B,virgin-media-city-house,2025-12-27
Gm6xDw,william-and-mary-west-campus-utility-plant,2025-12-27
GrvvlG,digital-realty-2020-fifth-avenue,2025-12-27
RpZ7Aw,d-alix,2025-12-27
RKvZVB,ἀcharnon-,2025-12-27
wOvLdG,derio-communications-hub,2025-12-27
GlWPZR,american-express-toronto,2025-12-27
B1QD8B,raging-wire-ashburn-va4,2025-12-27
RKvv3B,allstate-insurance-company-rochelle--il,2025-12-27
Gnq4gR,the-national-petascale-computing-facility,2025-12-27
GrZaoG,hq-data-center,2025-12-27
GWZZ5R,globalinx-virginia-beach,2025-12-27
BPLLkB,lf15,2025-12-27
woWWKw,524-w-broad-street,2025-12-27
GaAALG,verizon-7777-infantry-ridge-road,2025-12-27
BJvveB,northerntrust-technology-parkway,2025-12-27
wVqqpG,lumos-342-n-court-avenue,2025-12-27
GDLLnG,virginia-beach-cls-campus,2025-12-27
woQegR,basingstoke,2025-12-27
BAQQxB,771-chicago-avenue,2025-12-27
R8mmPG,visa-ashburn,2025-12-27
R2LLew,centurylink-8145-staples-mill-road,2025-12-27
RYMMeR,mineral-gap-data-centre,2025-12-27
Gm66gw,piero-della-francesca-center,2025-12-27
R2ZqbR,dxb7,2025-12-27
GrvllG,digital-dulles,2025-12-27
wOvDQG,bog1-kio,2025-12-27
R0aqDG,dubai-silicon-oasis-authority-dc1-and-2,2025-12-27
Bqvv7R,via-issiglio-turin,2025-12-27
BgJ50w,southern-highlands-data-campus-cloud-carrier,2025-12-27
B7VVnw,1547-critical-systems-realty-chicago-wells-(chil2),2025-12-27
GrvZrG,equinix-dx3,2025-12-27
Gz33Vw,turincolt,2025-12-27
wMAAWw,rm-aandb,2025-12-27
RpZYpw,northland-communications-syracuse,2025-12-27
G6andR,bariposteitaliane,2025-12-27
RYMNeR,pont-saint-martin,2025-12-27
GWZn5R,bologna-casalecchio,2025-12-27
GrvxlG,via-salaria-rome,2025-12-27
RQ365w,via-san-giusto,2025-12-27
R2LJew,krakow-tmobile,2025-12-27
GyY4bG,via-tortona,2025-12-27
RxYn4G,frontier-communications-fort-wayne,2025-12-27
GdAzPw,romeposteitaliane,2025-12-27
Gz37Vw,sitco-business-solutions-evansville,2025-12-27
wMA2Ww,trento-via-fersina,2025-12-27
w9qD7w,data-centertwt,2025-12-27
Gm64gw,via-degli-estensi-roma,2025-12-27
GnqYkR,zain-south-subahiya-data-centre,2025-12-27
woWVbw,iron-mountain-va-3,2025-12-27
G6bnxG,mex|1,2025-12-27
BAQ2xB,microsoft-canyon-park-business-center,2025-12-27
R8mPPG,digital-park-fechenheim-,2025-12-27
BqZadR,khazna-auh2,2025-12-27
RKv9eB,ge-appliances-ge-data-center,2025-12-27
GnqYVR,imon-communications-1605-9th-st,2025-12-27
GyZOJw,unipol-bologna,2025-12-27
BgVYmw,injazat-abu-dhabi,2025-12-27
BAQ2mB,fibercomm-713-nebraska-st,2025-12-27
w5AlZw,mapletree-2455-alft-lane--elgin,2025-12-27
weJ5DB,center3-remal,2025-12-27
RvYVOB,equinixat1,2025-12-27
R4kg3B,sama-data-center-hq02,2025-12-27
R2L1Ww,salam-riyadh-narjis-data-center,2025-12-27
GaArvG,bank-albilad-main-data-center,2025-12-27
RQ3lew,general-electric-8700-governors-hill-drive,2025-12-27
R8VEZw,nva01a,2025-12-27
BbAzew,mapletree-1501-opus-place,2025-12-27
Gk3xXG,khazna-auh5,2025-12-27
Gm6kmw,walsh-colucci-lubeley-and-walsh-the-gardner-property,2025-12-27
R0ZJWw,cloudhq-14100-business-ctr-dr,2025-12-27
GLvqqB,san-diego,2025-12-27
B1QE8B,vantage-ashburn-(va1)-data-center-campus,2025-12-27
BgJZWw,dc-hasselt-2,2025-12-27
BELpLw,center3-haql-landing-station,2025-12-27
GdA7rw,bp-center-for-high-performance-computing,2025-12-27
RKvqeB,new-albany-i-(beech),2025-12-27
B7VWrw,google-lancaster,2025-12-27
wMm3Vw,standard-chartered,2025-12-27
wOvqnG,dc-hasselt-1,2025-12-27
weJzDB,cn21,2025-12-27
w9qe2w,handaq-,2025-12-27
R4ke3B,aws-tanner-way-campus,2025-12-27
GlWYnR,sofia-center,2025-12-27
GdJn4B,dubai,2025-12-27
GkWeXG,mriehel,2025-12-27
BbA6ew,virginia-commonwealth-university-technology-operations-center,2025-12-27
GaA4vG,university-of-virginia-itc-data-centre,2025-12-27
BPbPbG,scl01,2025-12-27
BPv5yG,dubai-yvolv,2025-12-27
G33ZlG,madilena,2025-12-27
Vw5M8w,digital-realty-1525-comstock-street,2025-12-27
GaAm2G,10-airline-drive,2025-12-27
Gz3qEw,kukulcan-cancun,2025-12-27
B7Vgrw,elche,2025-12-27
GyYpEG,cluj-napoca-orange,2025-12-27
w5AaZw,bucharest-orange,2025-12-27
RQnm6G,ireland-data-centre-campus,2025-12-27
R2L2Ww,dc-evobits,2025-12-27
GrXlgB,jaguar-network-mrs01,2025-12-27
GLv9qB,queretaro,2025-12-27
BqvddR,monterrey,2025-12-27
R0ZLWw,calle-circunde,2025-12-27
Grv21G,dc2---le-havre,2025-12-27
Gm63rw,cdmx,2025-12-27
wOv7PG,tfz-data-center,2025-12-27
Grjr8G,digital-realty-cph1,2025-12-27
GDLE5G,baton-rouge--la2,2025-12-27
BAQxmB,coimbra,2025-12-27
BgJqQw,elm-data-centre,2025-12-27
Gnq2VR,mil02a,2025-12-27
R8mlvG,vigo,2025-12-27
NwoZxG,digital-realty-1100-space-park-drive,2025-12-27
BgJorw,tanger-data-center,2025-12-27
GWZN3R,white-data-center,2025-12-27
BEL73w,k2-jhr1,2025-12-27
w9qWkw,normandy,2025-12-27
R8QlpG,google-fredericia,2025-12-27
mGrWow,vesterbrogade,2025-12-27
BJv75B,laguna,2025-12-27
G33kAG,plateau-clovis,2025-12-27
BAQx6B,cadiz-,2025-12-27
GkWkxG,reims,2025-12-27
woWkgw,bulawayo-data-ecntre,2025-12-27
GyY5ZG,rochester-new-york-data-centre,2025-12-27
RQZEJG,new-york-office-and-data-center,2025-12-27
GLjAbB,nydc2,2025-12-27
w5AX3w,buffalo--new-york-data-center,2025-12-27
wVqWOG,mazowe-data-centre,2025-12-27
Grv51G,corso-svizzera-dc02-,2025-12-27
RKvEPB,eternal-mind-loring,2025-12-27
GLvK5B,syd54,2025-12-27
BgJ8rw,alp1-grenoble,2025-12-27
B13POG,par2-vélizy,2025-12-27
wOvgPG,par3-vélizy-latécoère,2025-12-27
BPLlVB,paseo-de-la-innovación,2025-12-27
G6ar3R,dock-street-,2025-12-27
DBA0Ow,digital-realty-2820-northwestern-parkway,2025-12-27
GZZb6G,auch,2025-12-27
GyYJOG,harare-data-center,2025-12-27
GrZKXG,lga2,2025-12-27
RxYXXG,utande-harare,2025-12-27
RQ3bjw,ndc-zimbabwe,2025-12-27
R4kQPB,durant,2025-12-27
BXZbdG,milano-siziano,2025-12-27
R0ZKMw,utrine-hrvatski-telekom,2025-12-27
w9qAkw,paljetkova-apis-it,2025-12-27
wOvyPG,ckw-dc-luzern-nord,2025-12-27
B7oneB,ixtlahuaca,2025-12-27
RYMpaR,vdc1-blanchardstown,2025-12-27
BgJKrw,groton--ct-data-center,2025-12-27
GrvJ8G,csl-cat-tower,2025-12-27
wod9kB,epsilon-60-hudson-street,2025-12-27
R2LEQw,aws-clonshaugh-ii,2025-12-27
RxYxoG,365-data-centers-detroit--mi,2025-12-27
R8mDWG,clearbearing-burlington,2025-12-27
GdAb8w,amazon-sutton-bay,2025-12-27
wOvWAG,zrh21,2025-12-27
R4kMlB,digital-realty-9401-w-grand-avenue,2025-12-27
BAQnyB,norman-data-center,2025-12-27
R2L4Qw,aws-import-plaza,2025-12-27
BgJl4w,ec102,2025-12-27
wVqm7G,edgeconnex-edcchi02,2025-12-27
RxZz1w,hwt,2025-12-27
B7V1ew,atlantic-hills,2025-12-27
GDL3bG,managedway-troy-datacenter,2025-12-27
BqvE1R,compugen-new-albany,2025-12-27
R0ZYjw,exa-infrastructure-toronto,2025-12-27
GDLQbG,northc-winterthur-data-centre,2025-12-27
BXZOjG,exaion-qc1,2025-12-27
G6aM4R,veolia-drummondville,2025-12-27
RKvrZB,tulsa-data-center,2025-12-27
BJvjmB,american-tower-edge-data-center-boulder,2025-12-27
G33nxG,stack-infrastructure-cal01,2025-12-27
B13D3G,mb4,2025-12-27
GnqvoR,cologix-min5,2025-12-27
weaE4w,new-world-telephone-limited-(nwt),2025-12-27
Rp715B,greenidge-generation-new-york,2025-12-27
RpZ1qw,hsc-data-center,2025-12-27
wVq29G,panama-digital-gateway,2025-12-27
woWKpw,american-tower-edge-data-center-denver,2025-12-27
RpZgpw,sophia-antipolis,2025-12-27
BPLp8B,mtp-data-center-mx,2025-12-27
BbAvjw,arkansas-state-university-queretaro,2025-12-27
GdAvNw,-oklahoma-city-,2025-12-27
w9qOKw,aureon-downtown,2025-12-27
GaA0KG,queretaromicrosoft2,2025-12-27
B13L3G,ne1,2025-12-27
BXZMaG,la-citadelle,2025-12-27
DGnbnG,lgw14-(unit-21-goldsworth-park-trading-estate),2025-12-27
RxYALG,dianwei-financial-cloud-data-center-project,2025-12-27
R0Z8gw,shanghai-yueke-big-data-industrial-park,2025-12-27
GkWZ6G,surfix-data-center,2025-12-27
QwVVxw,lon1,2025-12-27
Gnq9vR,tsv1,2025-12-27
RvY9MB,windsream-5707-s-27th,2025-12-27
RxYKLG,tecfusions-tucson,2025-12-27
BPLj8B,thin-nology-pflugerville,2025-12-27
weJ7LB,la-poudrière-numérique-arras,2025-12-27
woW9pw,santa-clara-iii-(ca3)-,2025-12-27
wMAOxw,google-red-oak,2025-12-27
GaA6KG,lumen-technologies-tucson-data-center,2025-12-27
YBgKzB,colt-dcs-london-north,2025-12-27
GlW9YR,sentinum-montana,2025-12-27
GDL4pG,costa-rica,2025-12-27
BqvVlR,ark-data-centers-tucson,2025-12-27
R4kOVB,rechenzentrum-ostschweiz,2025-12-27
BPbQdG,lgw16-(crawley-unit-2---crawley-campus),2025-12-27
B7Vx8w,kyndryl-4499-fisher-rd,2025-12-27
GnqJvR,elevance-health-1175-north-main-street,2025-12-27
woW35w,neucentrlx-aceh,2025-12-27
rGk55B,london-9-slough,2025-12-27
Bg00zR,avenue-de-boisbaudran,2025-12-27
BgJjmw,guishan-idc,2025-12-27
RpZ0Vw,sp2-takoda,2025-12-27
weJpAB,cloud-campus-no--2,2025-12-27
yGl7rR,lhr13-(fountain-court),2025-12-27
BAQAPB,tampa-data-center,2025-12-27
GZZKvG,solnet-data11,2025-12-27
RvY0gB,senselan-data-centre-1,2025-12-27
GaA83G,stream-data-centres-minneapolis-ii,2025-12-27
BbADxw,data-center-à-fribourg,2025-12-27
BPLYKB,nanxianggu-campus,2025-12-27
wVqYXG,youvole-guangzhou-zengcheng-cloud-computing-data-center,2025-12-27
w5ANYw,ekt-datacenter-thurgau,2025-12-27
GWZ5ER,cloud-campus-no--3,2025-12-27
BgJgmw,nedetel,2025-12-27
RYK3dw,hostnordic-aarhus,2025-12-27
B13NxG,timisoara-datanode,2025-12-27
RN8JYw,khawaja-tower-,2025-12-27
R2LNbw,porto-alegre,2025-12-27
RpZJVw,datasource-data-centre,2025-12-27
RKvm4B,columbia-data-vault-datacenter,2025-12-27
wVqdKG,edged-atlanta,2025-12-27
B7VN8w,sp8-sgrutb08,2025-12-27
R2Z7QR,oulun-datacenter-oulu-i,2025-12-27
GLvn4B,datahub-asia-datacentre,2025-12-27
RxYeKG,idc-,2025-12-27
GlWDeR,padova1-nehos,2025-12-27
RvYbqB,lloyds-horizon-data-centre,2025-12-27
RKao5w,lumen-orlando,2025-12-27
GnqrOR,sierra-candela,2025-12-27
R4k7oB,evocative-dal6,2025-12-27
GyYvJG,high-performance-computing-research-center,2025-12-27
BbAk6w,west-cambridge-data-centre,2025-12-27
pGDLDG,syd1w,2025-12-27
GWZkvR,qts-atlanta-dc4,2025-12-27
RQ3QJw,ark-data-centers-akron-1-and-2,2025-12-27
BE9k3B,lumen-technologies-antwerp,2025-12-27
RxYbKG,titan,2025-12-27
B137eG,asanti-hamilton-data-centre,2025-12-27
RQnajG,proximus-rue-du-canon-36,2025-12-27
GrvbKG,centro-svizzero-di-calcolo-scientifico-(cscs),2025-12-27
GnqbOR,meta-new-albany1,2025-12-27
GlWaxR,asanti-birstall-data-centre,2025-12-27
R0Z7Qw,ark-data-centers-youngstown-north,2025-12-27
GloPYR,rosh-haayin,2025-12-27
wOmLkR,rotem,2025-12-27
BAQmQB,edge-centers-ec105,2025-12-27
GLvJQB,daisy-group-aston,2025-12-27
BA73eG,bezeq-international-sivim,2025-12-27
RxYmaG,165-halsey-st,2025-12-27
BJvnqB,aep-new-albany-1,2025-12-27
RYMldR,claro-triara-medellin,2025-12-27
BELj6w,telus-data-centre-2,2025-12-27
RpZa3w,ntt-global-data-centers-garland-campus,2025-12-27
RN8oVw,cmg-calgary,2025-12-27
RjJQmR,heidelberg-innovation-park,2025-12-27
G6aL1R,shaw-communications-north-internet-data-centre,2025-12-27
dGWp3w,digital-realty-digital-lyoner-strasse,2025-12-27
B13yeG,oracle-linlithgow,2025-12-27
GlW3xR,nys-office-of-the-state-comptroller,2025-12-27
BPP0lB,interxion-a-digital-realty-company-fra12,2025-12-27
wOvVoG,metlife---rensselaer-tech-park,2025-12-27
RjJpmR,dhaka-stock-exchange,2025-12-27
BgJP6w,verizon---rensselaer-tech-park,2025-12-27
R4a8lG,interxion-a-digital-realty-company-fra13,2025-12-27
GkxaDw,interxion-a-digital-realty-company-fra15,2025-12-27
Gz3aow,nationwide-swindon-technology-centre,2025-12-27
RpZW3w,equinix-dc-16,2025-12-27
BPL8pB,nexdc-cyber-2,2025-12-27
Bqva6R,daisy-group-wapping,2025-12-27
Gm6ovw,fort-lauderdale-365,2025-12-27
GlWOxR,idecnet,2025-12-27
R2Lkgw,soluti_everestdigital,2025-12-27
GlWOrR,involta-green-bay,2025-12-27
GZZWWG,13001-rollins-ford-road,2025-12-27
BqvP6R,boca-raton,2025-12-27
RQ3D9w,tierpoint-fort-worth-data-center,2025-12-27
BbAgkw,merrill-lynch-data-center,2025-12-27
B1QW8B,interxion-a-digital-realty-company-fra2,2025-12-27
BgqN4G,interxion-a-digital-realty-company-fra4,2025-12-27
GDLM4G,queretaro-santander,2025-12-27
DR4XoR,equinix-fr4,2025-12-27
RQ3Mpw,sitel-pop-2,2025-12-27
GZ1VnR,fr9x,2025-12-27
BbAQrw,shc-ii-vnet,2025-12-27
BAQqAB,campus-tecnologico,2025-12-27
w5A7Ew,650-centerton-road,2025-12-27
RvYJrB,shc-iii-vnet,2025-12-27
BPPXkB,first-colo-data-center-aoc,2025-12-27
GZZMnG,dc-digitalis-vnet,2025-12-27
w5A58w,datapark-48-vnet,2025-12-27
BJvWNB,gütersloh-data-center,2025-12-27
R2LqDw,isando-jnb1,2025-12-27
RxYodG,bratislava-slovak-telekom,2025-12-27
BgJYKw,euregio-datacenter,2025-12-27
RQ3Kpw,rondebosch-cpt-1,2025-12-27
BXZ8NG,centre-de-calcul,2025-12-27
GdA4qw,hermosillo-1,2025-12-27
G6a5xR,merida-1,2025-12-27
wOQ7rR,maincubes-fra02,2025-12-27
RxYVdG,brackenfell-cpt-2,2025-12-27
R0Z5nw,merida-2,2025-12-27
GDLp4G,comtrance-data-center-,2025-12-27
G6aqxR,dc-perpetuus,2025-12-27
B1Xeew,goldman-sachs-bridgewater,2025-12-27
BgJyKw,e-port-kokura-centre,2025-12-27
GdAyqw,datacube-dcba,2025-12-27
RKv0qB,fukuoka-kitakyushu-data-centre,2025-12-27
Gno3Ow,london-1,2025-12-27
RN8klw,kosice-slovak-telekom,2025-12-27
B13OMG,kitakyushu-e-port-data-centre,2025-12-27
RpZyDw,valladolid,2025-12-27
R8mA9G,dc-tajov-slovak-telekom,2025-12-27
RjJN8R,dc-jarosova-slovak-telekom,2025-12-27
RjJNNR,delhi,2025-12-27
R8Q59G,northern-data-northern-bitcoin,2025-12-27
wOv0rG,mallorca,2025-12-27
BAQPOB,chandigardh-,2025-12-27
RjPzQw,fra2,2025-12-27
BbApLw,drc-1,2025-12-27
Gnq6yR,hive-lachute,2025-12-27
BE9vXB,fra1,2025-12-27
w5AP3w,dr-congo-kinshasa-data-center,2025-12-27
nR20Ww,witcom-dc-2,2025-12-27
GDLkzG,hyderabad---,2025-12-27
G33l6G,md6-,2025-12-27
Grvy7G,hive-grand-falls,2025-12-27
R8mA3G,pune--,2025-12-27
GaAnYG,vie001,2025-12-27
B7VJZw,frankfurt-data-center,2025-12-27
GyPOWR,meco-,2025-12-27
GlWpgR,madrid-oasix,2025-12-27
GdAgbw,tiaong-data-centre,2025-12-27
RQ396w,lag2,2025-12-27
G33m6G,csc-pegasus-place,2025-12-27
EG6LPB,digital-realty-piscataway-campus,2025-12-27
Gz3vdw,pnu-data-centre,2025-12-27
RxYa1G,telefonica-slough-data-centre,2025-12-27
Bqve0R,expedient-lewis-center,2025-12-27
RjJ4NR,singapore-8,2025-12-27
RN8xLw,61-walsh-drive,2025-12-27
RxYyeG,mita,2025-12-27
RN8zow,barranquilla1,2025-12-27
RYMz3R,omantel-blue-city,2025-12-27
Gnq3gR,dcsciencencc01,2025-12-27
BPLzdB,university-of-waikato,2025-12-27
Gnq3yR,ams1-nl,2025-12-27
wMAz5w,bdc2,2025-12-27
Gz3mAw,torino-eremo,2025-12-27
DR45gG,datacenterpark-falkenstein,2025-12-27
R8m33G,lumen-technologies-santa-teresa-1,2025-12-27
RpZVpw,nexus-data-center,2025-12-27
BgJnxw,smart-city,2025-12-27
BAQzMB,3-boulden-circle-new-castle-de,2025-12-27
w5WQaR,ber-2,2025-12-27
Gz9vdR,speedbone-computer-center-berlin,2025-12-27
B1306G,genova-granarolo,2025-12-27
BgqrQG,ohlauer-strasse,2025-12-27
Gm6eDw,venezia-campalto,2025-12-27
RKvzVB,firenze-terrarossa,2025-12-27
GDLj1G,ishikari-data-centre,2025-12-27
wVqaVG,boubyan-bank-data-centre,2025-12-27
B13V6G,colocsx,2025-12-27
w9L1kG,bmw-autonomous-driving-data-center,2025-12-27
GrvdrG,dce-ingenieria,2025-12-27
BAQOMB,zero-emission-data-centre,2025-12-27
GrX2rB,sfr-netcenter-aubervilliers,2025-12-27
BPLWdB,mainrz,2025-12-27
B7VkJw,girona-,2025-12-27
GLjM5B,allianz-unterfoehring,2025-12-27
BbYlkw,atos-furth-data-center,2025-12-27
BAQJxB,fort-meade,2025-12-27
GaAoLG,paterna-,2025-12-27
RjJaJR,grameenphone-data-center,2025-12-27
BPbjyG,equinix-mu4,2025-12-27
qGL14w,equinix-mu3,2025-12-27
BELoVw,tierpoint-jax,2025-12-27
bBX3Vw,equinix-mu1,2025-12-27
RvYjyB,eco-data-centre,2025-12-27
GLjKQB,nuremberg-rz2,2025-12-27
GrvmlG,sato-technologies-mining-center-one,2025-12-27
kGalvR,noris-network-nbg3,2025-12-27
RYMXeR,h5-virginia-data-center,2025-12-27
RpZpmw,adobe-or1,2025-12-27
BPLXkB,edificio-nodo,2025-12-27
QBbjeB,noris-network-nbg4,2025-12-27
dGZz9G,noris-network-muc5,2025-12-27
GkWr7G,marratxi,2025-12-27
R0XkgR,noris-network-hof1,2025-12-27
BXZXPG,por02,2025-12-27
GlWePR,stack-infrastructure-por03,2025-12-27
GlX7zG,hsbc-sygdc,2025-12-27
RxY44G,databank-mci3,2025-12-27
BALPaw,business-connexion-midrand-ndc1,2025-12-27
GyY9bG,cogent-communications-austin,2025-12-27
BgJp0w,dr-1,2025-12-27
R0ZApw,tierpoint-lenexa,2025-12-27
VwMZrB,africa-data-centres-jhb1-midrand-data-centre-86,2025-12-27
RpZ9mw,sartera,2025-12-27
RQ3X5w,databank-mci2,2025-12-27
GD9kpw,mtn-business-centurion-data-center,2025-12-27
GykQJB,icolo-io-mba1,2025-12-27
GnqPVR,bru1,2025-12-27
RxY5vG,exa-edge-data-centre-vienna,2025-12-27
RN86nw,omni-data-center-batam-data-center,2025-12-27
BbArew,siebenhirten-data-centre,2025-12-27
wMA6Vw,toplita-infinite-chain,2025-12-27
w5AvZw,standort-1190,2025-12-27
GyY2EG,eindhoven-campus,2025-12-27
RKvVeB,mel1-at,2025-12-27
GrvYoG,datanovax-pioneer-park,2025-12-27
gB7MPG,teraco-isando-campus---jb1,2025-12-27
woWqbw,aws-pathfinder-plaza,2025-12-27
weJEDB,stadtwerke-feldkirch,2025-12-27
G6a6bR,nebius-mäntsälä,2025-12-27
BPLEyB,menkisys-networks,2025-12-27
G6b8nG,itility-belle-vue-manchester,2025-12-27
BgVPzw,bredell-campus---jb4,2025-12-27
wVqExG,aws-platform-plaza,2025-12-27
RpZKrw,stadtwerke-klagenfurt,2025-12-27
G6E93R,isando-campus---jb5,2025-12-27
R4k63B,bautzen-data-center,2025-12-27
Gz3DEw,auxerre,2025-12-27
BELqLw,a1-arsenal,2025-12-27
GkWXXG,5c-cmh01,2025-12-27
BXZDJG,bastia,2025-12-27
BgJaWw,lucknow-edge,2025-12-27
BqvNdR,dcml,2025-12-27
GZZE9G,zoco,2025-12-27
GaAEvG,dr-2,2025-12-27
RN8Enw,atacenter1,2025-12-27
G6adbR,st-jean-d'angély,2025-12-27
RxYDvG,salzburg-digital-park-xiv,2025-12-27
B7Vdrw,l'isle-d'espagnac,2025-12-27
R0ZdWw,ajaccio,2025-12-27
GlW5nR,patna-dc1,2025-12-27
BAQd6B,aws---luzerne-county,2025-12-27
BgJarw,az02---sophia-antipolis,2025-12-27
woWLgw,it-and-data-centre-urfahr,2025-12-27
BJvO5B,comclark-data-center,2025-12-27
woWxgw,data-centre-eindhoven-2,2025-12-27
GDLxDG,san-fernando-city-data-center,2025-12-27
GrZg7G,ikoyi-data-centre,2025-12-27
B7VPvw,ca31,2025-12-27
G33oAG,cebu-city-data-center,2025-12-27
Gn4XVB,airtel-lekki,2025-12-27
GrvKoG,l'arbre,2025-12-27
GLvQ5B,iad145,2025-12-27
B7VAvw,copt-maries-tech-park,2025-12-27
GZ1aoR,gaia-data-center,2025-12-27
BqvxaR,22945-international-dr,2025-12-27
GDLYDG,brackengate,2025-12-27
GrZrgG,tambore-1-1,2025-12-27
GWZDNR,le-boulou,2025-12-27
ARNJlR,digital-realty-600-west-7th-street,2025-12-27
R8mnWG,cape-film-studios,2025-12-27
RjJbzR,rue-de-suresnes,2025-12-27
RvYKYB,olympia-business-center-site,2025-12-27
BELyrw,sme05,2025-12-27
wMA09w,sme01,2025-12-27
B1388G,sme11,2025-12-27
GdAk8w,sme04,2025-12-27
R0Zrjw,sme03,2025-12-27
Gm6QLw,sme09,2025-12-27
GLv6eB,sme08,2025-12-27
RKvN2B,sme10,2025-12-27
BXZAjG,sme06,2025-12-27
B7V3ew,sme07,2025-12-27
BgJb4w,sme13,2025-12-27
wOvKAG,sme12,2025-12-27
G6aJ4R,sme02,2025-12-27
BAQNyB,sme19,2025-12-27
GDLdbG,sme18,2025-12-27
woWg1w,stuttgart-data-centre,2025-12-27
weJxzB,sme21,2025-12-27
BJvlrB,hamburg-data-centre,2025-12-27
wVqe7G,hanover-data-centre,2025-12-27
R8moZG,sme17,2025-12-27
GlPagG,research-and-development-institute-building,2025-12-27
GlW2zR,sme14,2025-12-27
G3343G,nuremberg-data-centre,2025-12-27
G3pblw,hoang-hoa-tham-(hht)-dc,2025-12-27
RjJyMR,sme15,2025-12-27
Rp7DDB,edgeworks-th-01-chiang-mai,2025-12-27
BqXeyw,vnpt-idc-nam-thang-long,2025-12-27
RYM4aR,600-central-boulevard,2025-12-27
BPb3yG,idc-nguyen-thi-minh-khai,2025-12-27
GkWEDG,155-pineview-drive,2025-12-27
BJg8WR,binh-duong-dc,2025-12-27
R4k9lB,sme24,2025-12-27
GWMj0B,data-center-1,2025-12-27
BPLnlB,sme23,2025-12-27
GaAy6G,contabo-munich,2025-12-27
GWZWNR,sme22,2025-12-27
wVMXQG,true-idc-myanmar,2025-12-27
R0Zejw,exa-stuttgart,2025-12-27
GdAQ8w,nepustil-stuttgart,2025-12-27
BgJN4w,state-dc-telecentras,2025-12-27
BELErw,nepustil-tuebingen,2025-12-27
RYK6Ow,vitro-davao,2025-12-27
GkYp6B,vitro-clark,2025-12-27
RvYn0B,vodafone-munich,2025-12-27
RjJdMR,compass-datacenters-red-oak,2025-12-27
GZZ9dG,loire-river,2025-12-27
G3VxyR,dc-infra-i-glenmarie,2025-12-27
BAQ9yB,stuttgart-böblingen,2025-12-27
RKvQZB,eecgc-dc1,2025-12-27
GW6gbR,aws-dub50-and-dub51,2025-12-27
B13l3G,regensburg-3,2025-12-27
GlXdZG,edgeconnex-edcdub03,2025-12-27
GrXn8B,31173-services-datacenter-helsingborg-prastgatan,2025-12-27
RjxOMw,31173-services-datacenter-malmo-scheelegatan,2025-12-27
G3M1YB,aws-eskilstuna,2025-12-27
GddobG,drt-dub11-and-dub12-(clonshaugh),2025-12-27
RN8Ndw,bl1,2025-12-27
wVAO7G,interxion-a-digital-realty-company-sto3,2025-12-27
wMAMxw,cs-roanoke,2025-12-27
GnqZvR,datencenter-innsbruck,2025-12-27
GZZr8G,south-mountain-campus,2025-12-27
B1pNOw,bahnhof-sparven,2025-12-27
BJv2mB,copernicus-data-center,2025-12-27
weabzw,piteå-f1,2025-12-27
G33rxG,citibank-georgetown-dc,2025-12-27
B7Vnbw,stauferpark-göppingen,2025-12-27
wOv6DG,regensburg-2,2025-12-27
GkWm6G,nue1,2025-12-27
wOvJDG,ipc1,2025-12-27
RKvDZB,standort-hamburg-1,2025-12-27
BbAxjw,dc-tamburini-intred,2025-12-27
BPL38B,ratiokontakt-nuremberg,2025-12-27
R2La6w,it-zentrum,2025-12-27
RYM36R,equadex-pamiers,2025-12-27
B13Y3G,standort-hamburg-2,2025-12-27
RpY2DG,ember-edc1,2025-12-27
RQ3o1w,gaborone-data-center,2025-12-27
GlWzYR,ipc4,2025-12-27
RjJ7nR,ipc5,2025-12-27
woWOxw,castres---data-centre-saphir,2025-12-27
mG3WAG,ecodatacenter-falun-campus,2025-12-27
R8m2DG,ilsan-data-centre-2,2025-12-27
B13exG,baden-cloud®,2025-12-27
BgJ2mw,greentec-campus,2025-12-27
B7QV8G,gävle,2025-12-27
Gmx5rR,reventin-vaugris,2025-12-27
GD9yDw,teracom-stockholm,2025-12-27
BA7AMG,h1-systems-boden,2025-12-27
wMAnxw,valbo,2025-12-27
wOvjkG,datis-mannheim,2025-12-27
GlW6YR,datacenter-bodensee,2025-12-27
BAQMeB,trusted-network-munich,2025-12-27
R0Zkgw,server-hotel-2,2025-12-27
RjJMQR,ham5,2025-12-27
R2Lybw,hyperscale-data-inc-hyperscale-data-michigan-,2025-12-27
wVqJXG,omega-1-,2025-12-27
GrvL4G,ham6,2025-12-27
GaDbmR,comarch-krakow-sse2,2025-12-27
w5W4qR,t-mobile-wroclaw,2025-12-27
GmXOmR,bangalore-idc-,2025-12-27
woQ4lR,gdansk-iqpl,2025-12-27
wMAJrw,182-northpointe,2025-12-27
GdA07w,bancadati,2025-12-27
BqvrER,melano-data-centre,2025-12-27
Gm6O9w,bellinzona-pellandini,2025-12-27
BX4QDB,ams3,2025-12-27
qB1j8R,digital-realty-ams17,2025-12-27
4RKWzR,data-center-oude-meer,2025-12-27
Grv84G,hohrütifeld,2025-12-27
Rx9mLG,estt-e-style-telecom-data-center,2025-12-27
R8mXZG,compass-datacenters-hoffman-estates,2025-12-27
GaZ12w,euclyde-dc6-paris-46,2025-12-27
GlWm7R,-choller-data-center,2025-12-27
BqW9dG,stt-pune-idc5,2025-12-27
Rjxkyw,edcdub04,2025-12-27
GZZ6gG,matsuzakidai-building,2025-12-27
RQ3d1w,hoa-khanh-general-station-data-center,2025-12-27
BgJXmw,datacenter-winterthur,2025-12-27
GDLgpG,datarock,2025-12-27
RKlj5G,lapa,2025-12-27
RKvn4B,gib-dc-8142,2025-12-27
GdA2Ow,edcams09,2025-12-27
G3M46B,nimbvs,2025-12-27
woWmlw,skybox-datacenters-austin-data-center-2,2025-12-27
RNeYlB,sberbank-karaganda,2025-12-27
weJ6LB,tatara-data-centre-campus,2025-12-27
RvY6MB,crane-clean-energy-center,2025-12-27
w9qkQw,next-generation-data-center,2025-12-27
BXZ1MG,my02-expansion,2025-12-27
BALvyw,atos-vienna-north,2025-12-27
RpZrDw,stt-chennai-dc4-,2025-12-27
BgJVxw,edgeconnex-edcphx11,2025-12-27
GZZAnG,california-dc-,2025-12-27
BgAmQG,ec71-bali,2025-12-27
RpZMrw,gold-,2025-12-27
G6a9gR,cologix-col5,2025-12-27
B7V0Jw,mil-ii,2025-12-27
R4JxAw,oskemen,2025-12-27
woW7xw,6201-frost-place,2025-12-27
weXJAG,ndc-bali,2025-12-27
R8mYpG,sakai-data-centre,2025-12-27
RpgJVB,zhubei,2025-12-27
BbAJKw,saemangeum-data-centre-cluster,2025-12-27
B1XNMw,hyperscale-data-center-2-and-3,2025-12-27
G6QanR,neucentrix-candi,2025-12-27
RvP3yw,aws-quail-ridge-lane,2025-12-27
R0Zqnw,project-eagle,2025-12-27
GddgLG,mxp1-vantage,2025-12-27
G6EOmR,adelaide-03-adl03,2025-12-27
BqW56G,digital-realty-pdx11,2025-12-27
R4kDLB,fra1-mainz,2025-12-27
G3VPkR,at-north-fin02,2025-12-27
qB1P3w,keppel-data-centres-dc-dublin-1,2025-12-27
GyZYyw,bali-jimbaran-1,2025-12-27
RN8OZw,amazon-web-services-loisdale-road,2025-12-27
PGyAWG,talex-poznan,2025-12-27
RQ3anw,campo-bom,2025-12-27
RxW54B,techcenter-linz-winterhafen,2025-12-27
Vw567B,talex-wroclaw,2025-12-27
GZoyWw,sdc-2-neterra,2025-12-27
Gz3jow,s3-dc,2025-12-27
RQyk5R,wels-data-center,2025-12-27
Gn44QB,nemox-innsbruck,2025-12-27
GnqlKR,the-carmel-church-data-hub,2025-12-27
weNrNB,microsoft-espoo,2025-12-27
EG6gPw,fleischmarkt,2025-12-27
GDLb4G,vehaa-data-center,2025-12-27
GDoaYR,200-technology-drive,2025-12-27
BJvKzB,mahipalpur,2025-12-27
R0XEMR,nxdata-nxdata-2,2025-12-27
w9q9kw,boulevard-du-larvotto,2025-12-27
G6Q84R,hosting-data-center-cluj-napoca,2025-12-27
GyYM1G,milan-4-microsoft,2025-12-27
GlPlgG,mxp-campus,2025-12-27
BX4NMB,towngas-telecom-tgt-jinan-data-centre-1,2025-12-27
RQZgpG,chiba-new-town-building,2025-12-27
BPv9bG,rouse-hill,2025-12-27
RN87lw,mty-i-2,2025-12-27
wOLloB,pune-pimpri-waghere-dc-(pnq-06),2025-12-27
GDodYR,bdx-hkg8,2025-12-27
RjWlEG,mu1-esr,2025-12-27
RjJKmR,microsoftqueretaro1,2025-12-27
Gn4yQB,lohja_hyperco,2025-12-27
4RKOVR,cyrusone-quincy,2025-12-27
BPLykB,t5-grayslake,2025-12-27
RjmYMB,spo1-1,2025-12-27
GWpb3w,gz4,2025-12-27
RYqPdR,qts-fayetteville,2025-12-27
RpqzAG,bsb1,2025-12-27
RxYJoG,edgeconnex-johor,2025-12-27
BE8Yrw,hosting-data-center-cluj-napoca-2,2025-12-27
BgJAxw,1354-boot-road,2025-12-27
weaVgw,global-switch-amsterdam-east,2025-12-27
G33VYG,stack-infrastructure-phx02-campus,2025-12-27
R0WPAB,blr-1,2025-12-27
R8mDZG,csl-suvannabhumi,2025-12-27
RjWyEG,3400-horizon-drive-king-of-prussia--pennsylvania,2025-12-27
RKl5eG,facebook-esbjerg,2025-12-27
BEWyXG,dqe-communications-pittsburgh,2025-12-27
BX6AWG,dqe-communications-butler,2025-12-27
RxPrLR,pit1,2025-12-27
GlWD7R,chindata-cn23,2025-12-27
w9E4Ew,urbacon-dc3,2025-12-27
wOv3ZG,la-muela,2025-12-27
GWp50w,astana---zhyrentaeva-st-,2025-12-27
BALexw,stellium-datacenters-stellium-3,2025-12-27
GaAQKG,amazon-web-services-northeast-creek-technology-campus,2025-12-27
Bb0kLG,uttar-pradesh-data-center,2025-12-27
R4kqAB,uruguaygoogle,2025-12-27
GdAXPw,diode-ventures-harper-road-technology-park,2025-12-27
GmxgVR,gateway-research-park-,2025-12-27
lR8OMB,dataplace-rotterdam,2025-12-27
pGDQYw,rotterdam-,2025-12-27
RjJDQR,yondr-toronto-tor1x0,2025-12-27
GrZLrG,iif-osaka-toyonaka-data-center,2025-12-27
GzYoMR,sba-edge---west-chicago,2025-12-27
RjW5JG,hcmc1-data-center,2025-12-27
GWpgvw,stack-infrastructure-chi01b,2025-12-27
B1XA4w,ecocenter-2,2025-12-27
R2L96w,bengaluru-4,2025-12-27
zwOWZw,data-center-rotterdam-waalhaven,2025-12-27
BX6ZdG,nva04,2025-12-27
RQL6DB,verizon-southlake-city-noc,2025-12-27
Bqv3ER,sp12-sgrutb12,2025-12-27
RjJEeR,microsoft-castroville-campus,2025-12-27
B135MG,cosmo-park-kada,2025-12-27
wOmjdR,cppib-pacific-sunny-data-centre,2025-12-27
BblqLG,soria,2025-12-27
GLvl5B,jp1,2025-12-27
R2ZoMR,sabic-bergen-op-zoom,2025-12-27
BA38eG,allentown,2025-12-27
BgVn6w,silverfalcon-data-center,2025-12-27
RKapzw,pittsburgh-north-shore,2025-12-27
GDoJ4R,aws-pdx80,2025-12-27
GyYz9G,tk7,2025-12-27
BqXN0w,lg-cns-busan-global-cloud-data-centre,2025-12-27
RKlMPG,igis-asset-management-hanam-data-centre,2025-12-27
Grv2oG,odisha-dc,2025-12-27
B1XoQw,mwh01-1-and-1-2,2025-12-27
R8m3pG,itpb-data-centre,2025-12-27
Gz3PMw,google-thurrock,2025-12-27
RNQ08B,virgin-media-metroplex,2025-12-27
GWZq3R,kolkata-campus,2025-12-27
BX40NB,equinix-hk4,2025-12-27
BqWvaG,falcon,2025-12-27
RQLE1B,montana-opticom-bozeman-data-centre,2025-12-27
Bg0y4R,komplit-data-centre,2025-12-27
RjmayB,data-center-herne,2025-12-27
weNp9B,astana-abaya-st-,2025-12-27
BA7MMG,takatsu-data-center-iij,2025-12-27
BPLobB,prologis-loudoun-county,2025-12-27
G33E3G,central-lake-dc-,2025-12-27
RKZzeB,stt-pune-idc8,2025-12-27
GlPbeG,unisecure-conshohocken,2025-12-27
GDLypG,2-elm-street,2025-12-27
RNeblB,tsuen-wan-west-data-centre-park,2025-12-27
woW1Kw,powai,2025-12-27
Bqv61R,lagos-3,2025-12-27
RKv2PB,22760-pacific-boulevard,2025-12-27
RY6r6G,gigacampus-one,2025-12-27
BJVQzB,hk6,2025-12-27
wOvQrG,claro-peru,2025-12-27
RvYN0B,bucheon-peach-data-centre,2025-12-27
RjWZnG,bethlehem-(bet),2025-12-27
RYqZ6R,lincoln-silicon-heartland,2025-12-27
wOvMgG,hongo-industrial-park,2025-12-27
weXDLG,far-eastone-neihu-ankang-idc,2025-12-27
R8VAZw,fortis-data-centre,2025-12-27
RKvyPB,bluestar-data-centre,2025-12-27
wV6KQw,longmen-cloud-computing-centre-project,2025-12-27
BELeyw,dc-berlin,2025-12-27
GDr9bB,shanghai-baoshan-discovery-data-centre-project,2025-12-27
GD9q4w,cogent-communications-grenoble,2025-12-27
wOv4QG,naedong-data-centre,2025-12-27
BELZVw,pidc-cyberjaya,2025-12-27
BJvXeB,site-3-(kulai),2025-12-27
BEWzLG,aws-pdx138,2025-12-27
BgJLOw,sttgdc-eec,2025-12-27
GD945w,ark-data-centres-alliance-park,2025-12-27
GWZ4DR,clermont-ferrand-i,2025-12-27
Rp74rB,compass-datacenters-15-fenmar-dr,2025-12-27
BJLpzG,bj3,2025-12-27
w9ZzEB,undheim,2025-12-27
BPbYVG,rentelecom-lisbon,2025-12-27
G33PWG,hyderabad-2-nxtra,2025-12-27
Grvr8G,penta-infra-ams01,2025-12-27
Rp78mB,juinagar,2025-12-27
BPL7nB,saunderton-campus,2025-12-27
BJgqoR,altice-portugal-lisbon,2025-12-27
RxPavR,stt-bengaluru-dc4,2025-12-27
wOvEnG,0-rocky-creek-,2025-12-27
GrV3gG,9905-godwin-drive,2025-12-27
B1A8MB,vodacom-dmo,2025-12-27
RKvL3B,inzai-data-centre-(tokyo-east-1),2025-12-27
B1XPxw,quântico-data-center,2025-12-27
RN8Y8w,mwh02-1,2025-12-27
Rp7VrB,bogota-2,2025-12-27
BEW9LG,vantage-cwl-2,2025-12-27
R0ZpMw,stream-data-centers-san-antonio-iii-vii,2025-12-27
BJv3oB,cyrusone-chi3-(aurora-3),2025-12-27
GkWOMG,amazon-web-services-mesa-1,2025-12-27
Bqv5lR,taipei-binjiang-idc,2025-12-27
wMADxw,supporting-data-center-project-of-shanghai-songjiang-science-and-technology-innovation-park-of-the-people's-insurance-group-of-china,2025-12-27
Bg0bKR,cpt01,2025-12-27
wMA7nw,fortaleza-nap-2,2025-12-27
RvYMNB,osaka-data-centre,2025-12-27
RjPy8w,cpt03,2025-12-27
Gm6avw,nxtra-lagos,2025-12-27
GneooR,shanghai-atrium-and-shanghai-electric-minhang-hybrid-cloud-park-project,2025-12-27
RYqEOR,boston-north,2025-12-27
wVVobw,amazon-santa-clara-2,2025-12-27
RNeZYB,verizon-quincy,2025-12-27
B1X4Vw,verizon-dorchester-175-adams-st,2025-12-27
w9Zg0B,google-dietzenbach,2025-12-27
GZ1j9R,sila,2025-12-27
BAQgxB,bdx-cgk3a,2025-12-27
GDLebG,csl-tellus-1,2025-12-27
wOvakG,edgeconnex-cyberjaya,2025-12-27
Gk3nXG,rabale---tower-6,2025-12-27
BAQEeB,brightseat-tech-park,2025-12-27
Rv4zAw,amazon-web-services-amazon-germanna-highway,2025-12-27
Gz3Ejw,727-s-grand-avenue,2025-12-27
B1p2Ow,verizon-sterling-data-center,2025-12-27
Gdr8rB,google-beauharnois,2025-12-27
BALNxw,jastel-jastel-data-center,2025-12-27
BPbX4G,bangrak-cat-telecom-tower,2025-12-27
RvYoqB,energy-and-innovation-park,2025-12-27
R8V54w,telehouse-bangkok,2025-12-27
GlX8rG,inet-idc1,2025-12-27
GdAVDw,dc-blox-atlanta-east,2025-12-27
wMAeqw,cyrusone-manor,2025-12-27
BA3MQG,hz1,2025-12-27
B1XJMw,edgeconnex-edcdet02,2025-12-27
B7Venw,databank-red-oak-campus-(dfw-9-16),2025-12-27
BJv9WB,microsoft-dsm-14-3655-s-e-soteria-ave,2025-12-27
wMmlVw,rostelecom-murmansk,2025-12-27
Rv4erw,rosenergatom-innopolis,2025-12-27
BPvWKG,bj9,2025-12-27
woWrew,epoch-digital-johor,2025-12-27
RYMgaR,gic-goyang-data-centre,2025-12-27
w9qr8w,dc-m1,2025-12-27
GamJvG,tcc-amata-data-center,2025-12-27
RKZX2B,main-data-center-bangkok,2025-12-27
w5Wk0R,tot-laemchabang-idc,2025-12-27
woWplw,mrs6,2025-12-27
GWpvbw,stack-infrastructure-dfw01c,2025-12-27
RxZraw,idc1,2025-12-27
GWZl5R,amazon-web-services-14237-and-14209-dumfries-road,2025-12-27
R0WKnB,s4,2025-12-27
BJverB,milan-fiera-data-campus,2025-12-27
GaAxYG,mel71---ferris-road,2025-12-27
w9EM8w,mil03a,2025-12-27
G3MMxB,clark-data-centre,2025-12-27
w9qEew,ashburn-va8,2025-12-27
GloArR,coudray-montceaux,2025-12-27
wMryrB,parc-de-l’alba-dc,2025-12-27
Gm6p5w,gdh-dammam-data-centre,2025-12-27
Bbl9WG,edgeconnex-edcdub05,2025-12-27
gwelDG,gds-cd1,2025-12-27
Gm5ODG,cd2,2025-12-27
GWZQ0R,amazon-web-services-8401-and-8501-vulcan-lane,2025-12-27
wMA1Zw,aws-ridgetop-circle,2025-12-27
GDLDnG,sforpf02,2025-12-27
GnqpoR,microsoft-pebble-run,2025-12-27
Gk3KMG,baoding-01-data-centre,2025-12-27
w5zKYB,lf3,2025-12-27
RxYOXG,bukhara,2025-12-27
GnqDoR,syd67,2025-12-27
wodmxB,edgeconnex-jkt02,2025-12-27
pGDv5B,gds-holdings-sh1,2025-12-27
GZ1yvR,lf1,2025-12-27
BgJeQw,6295-edsall-road,2025-12-27
RN8b8w,ada-rio-de-janeiro,2025-12-27
RpZ2mw,alcobendas,2025-12-27
wOL3rB,ec63-khon-kaen,2025-12-27
QBbyWw,cologix-col2,2025-12-27
GZq5WR,taoyuan-lunping-idc,2025-12-27
GrvYlG,dc-sp04,2025-12-27
B13M4G,edcfra01,2025-12-27
G33ykG,aep-new-albany-2,2025-12-27
G6E3NR,microsoft-douglasville,2025-12-27
RKvbeB,bdx-taiwan-data-centre,2025-12-27
8RvyyB,col3-s,2025-12-27
GaZjYw,brussels-campus,2025-12-27
R4o2gB,huiyun-jianyang-internet-data-centre,2025-12-27
Gn4XkB,meta-kansas-city,2025-12-27
mGr3gw,cc-in2p3-computer-centre,2025-12-27
woQ71R,data-processing-centre,2025-12-27
GaDKYR,addix-dc2,2025-12-27
RvAMNB,akquinet-norderstedt-data-center,2025-12-27
R8mq9G,rfz,2025-12-27
w5zzvB,archamps,2025-12-27
RKl53G,san-jose-2-,2025-12-27
B7mxvG,cern-meyrin-data-centre,2025-12-27
BEWe3G,ned-data-centers-alpha,2025-12-27
Gz9K7R,equinix-hh1,2025-12-27
GaDL9R,centeris-data-centers-south-hill-sh2,2025-12-27
GWpP1w,thorney-business-park-(eastern-plot),2025-12-27
BbAO0w,amazon-web-services-cosner-tech-campus,2025-12-27
w5zdqB,mnz01-balls-ford-road-data-center,2025-12-27
wodNgB,kix01-campus,2025-12-27
RjPKzw,3data-m8,2025-12-27
RQ3x6w,rabale---tower-10,2025-12-27
G3MAyB,telecom-house-kigali,2025-12-27
RpqpVG,bj19,2025-12-27
Gnq5QR,chemin-du-littoral,2025-12-27
R0ZOMw,tennant-street,2025-12-27
BPJ6KG,pittsburgh---im-critical,2025-12-27
wMmzxw,frankfurt---bischofsheim,2025-12-27
RKlzZG,cosmosquare-campus,2025-12-27
Gy5K1G,am-mittelfelde-29,2025-12-27
R2rP4R,murihiku-southland,2025-12-27
w5A4gw,inzai-data-centre-campus,2025-12-27
RYMjOR,rabale---tower-11,2025-12-27
w9LrKG,3data-nr26,2025-12-27
G6aNnR,airtrunk-osk1,2025-12-27
GD9Mew,akado-telecom-voskhod,2025-12-27
GrZD1G,3data-n10,2025-12-27
BA7q6G,la107,2025-12-27
Gn43VB,bogota-1,2025-12-27
GrZ41G,beidou-space-time-(shanghai)-big-data,2025-12-27
RpZD5w,sttgdc-johor,2025-12-27
woW6gw,tokyo-east-2,2025-12-27
R0ZZpw,anan-tzora-data-center,2025-12-27
GlPZ7G,zee-datacenter,2025-12-27
GnqogR,nal01b,2025-12-27
RQ3J1w,supporting-data-center-of-zhangjiang-online-new-economy-industrial-park,2025-12-27
Gz3yEw,fr16x,2025-12-27
GyYxWG,jeddah-3-al-fayha'a,2025-12-27
RxZxdw,chiba-new-town-cable-tv-rurban-net,2025-12-27
GWZANR,data-center-algiers,2025-12-27
Gz3bMw,va-7,2025-12-27
BA7ZaG,lf12,2025-12-27
wOvQdG,aligned-phx-04,2025-12-27
BJvbrB,sg6,2025-12-27
RKvdeB,iron-mountain-va-campus---future-expansion,2025-12-27
Gz3AVw,pittsylvania-county,2025-12-27
BA7gPG,queensway-park,2025-12-27
BAQXeB,quang-trung-software-park-data-center,2025-12-27
RvY8MB,qro-campus,2025-12-27
GkYNqB,kincora,2025-12-27
GyY3WG,project-rhodes,2025-12-27
w5zD3B,changping-idc,2025-12-27
R2LbLw,paulinia,2025-12-27
Gz4ApB,pdg-lf1,2025-12-27
GDLaeG,calatayud,2025-12-27
wVqNOG,tokyo-west-1,2025-12-27
Gm6Xjw,kfar-yona-campus,2025-12-27
GW6mmR,selectel-data-center-dubrovka-2,2025-12-27
Gz3oDw,an-khanh-data-center,2025-12-27
BEWbjG,gsa-next01,2025-12-27
BPveyG,drw01-,2025-12-27
BJLAZG,vitro-santa-rosa,2025-12-27
Gm59jG,frankfurt-v,2025-12-27
G6am4R,khazna-dxb9,2025-12-27
wOm3QR,osll4,2025-12-27
GLvXAB,boon-lay,2025-12-27
GnXNkB,muc6,2025-12-27
B7mlbG,telia-moscow,2025-12-27
GyZEZw,caishikou-idc,2025-12-27
GlWkgR,qts-datacenters-white-oak-technology-park-2,2025-12-27
RpqP3G,three-sevens-data-center,2025-12-27
wV6VOw,jeju-data-centre,2025-12-27
Rp7jDB,kepstar-dc1,2025-12-27
RYMObR,ytl-cyberjaya,2025-12-27
wOLLPB,selectel-yurlovsky,2025-12-27
GD9N1w,cyrusone-santa-clara,2025-12-27
BPLa4B,cad-padre-hurtado,2025-12-27
wMA9nw,kosmosdal-campus,2025-12-27
R4kj8B,sds-or-yehuda,2025-12-27
GagkYB,mactan-data-center,2025-12-27
BqWxEG,tz1,2025-12-27
BELKdw,shanghai-jintong-optical-data-centre,2025-12-27
wVM4xG,l9,2025-12-27
w9LQ2G,dc-1-and-dc-5,2025-12-27
BE8vrw,uarnet-data-center,2025-12-27
BAQqQB,10920-balls-ford-road,2025-12-27
w5Xr8G,lumen-technologies-ty6:-tokyo,2025-12-27
RjJrER,svy06-,2025-12-27
BAQ0aB,equinix-akzo-nobel-dc,2025-12-27
RjJoJR,nep-real-estate-industrial-park,2025-12-27
Gmx7JR,databank-atl4,2025-12-27
GrV6XG,bucheon-ai-data-centre,2025-12-27
GLvVbB,hino-data-centre-campus,2025-12-27
BPv7lG,tech-ru-ostapovskiy,2025-12-27
wOmxDR,nagoya,2025-12-27
GnooOw,olleros,2025-12-27
R8Jv9w,ec32-penang,2025-12-27
RN85Yw,silverbrook-project,2025-12-27
GkWA5G,minato-data-centre-campus,2025-12-27
GaAz2G,tama-centre-building-2,2025-12-27
GZZ36G,amazon-web-services-carter's-store-tech-campus,2025-12-27
wod11B,evocative-dal2,2025-12-27
w9qVgw,mambulao-green-data-center,2025-12-27
wOvdPG,sao-paulo-8,2025-12-27
GDr2YB,lf11,2025-12-27
B13d4G,aws-pickaway-county,2025-12-27
BgJjzw,sjl7-,2025-12-27
BqvyvR,edgemexicocity,2025-12-27
w53y3R,idc-vietnam-thanh-tri,2025-12-27
wOmekR,higashi-shinjuku-data-center,2025-12-27
GDL7eG,ne-edge-waterford,2025-12-27
wMAYrw,frankfurt-vii,2025-12-27
lR88ZR,nantes-1,2025-12-27
GLjDNB,angers,2025-12-27
RN8d0w,bangkok-2,2025-12-27
BXZVDG,k2-datacentres-skudai,2025-12-27
B13p6G,t5@chicago-iii,2025-12-27
BbAojw,bk1,2025-12-27
Bqlrlw,ovh-hill--1,2025-12-27
wVqoOG,borlänge,2025-12-27
GLv7bB,ezditek-jed-01,2025-12-27
RYqxAR,rabale---tower-7,2025-12-27
BX6PVG,microsoft-north-range-business-park,2025-12-27
GD9Qnw,stellium-datacenters-stellium-2,2025-12-27
Gm6Lmw,angeles-,2025-12-27
Gk3dWG,mas101,2025-12-27
RjJANR,ezditek-ruh-01-pnu,2025-12-27
B1X3Ow,the-core-campus-las-vegas-14,2025-12-27
RKZg4B,ebay-slc-campus,2025-12-27
B1pOVw,zero-one-zero-one,2025-12-27
GWp91w,energynet-data-center,2025-12-27
RYMW6R,av--brasil,2025-12-27
GyY7OG,amazon-web-services-mattameade-data-center-campus,2025-12-27
BELxrw,herndon-data-centre-campus,2025-12-27
RjJ9nR,edged-energy-kansas-city,2025-12-27
RYM0bR,lim2peru,2025-12-27
GlXLZG,gds-holdings-sh17,2025-12-27
GnebkR,sxb1,2025-12-27
weJ26B,powerhouse-charlotte,2025-12-27
GlWjzR,edgeconnex-edcdub06,2025-12-27
RKvxVB,ambattur-,2025-12-27
Rpg3mB,steele-2,2025-12-27
woWE5w,north-muangthong-(expansion),2025-12-27
B13g8G,galicia,2025-12-27
wodJlB,ldo1,2025-12-27
GrVp5G,flexential-louisville-east,2025-12-27
B13a4G,tierpoint-sioux-falls---west,2025-12-27
weXpNG,digital-metalla,2025-12-27
Rv4JYw,datapro-moscow-vi,2025-12-27
GzZrVG,bang-bua-thong-data-center,2025-12-27
GkWvxG,cph03,2025-12-27
R4ojlB,technogorod-data-centre,2025-12-27
GlWqnR,fbi-grey-wolf,2025-12-27
RQ3VJw,sttgdc-cyberjaya-dc-2,2025-12-27
RxYloG,chonburi-1,2025-12-27
BJvJ5B,prime-phoenix,2025-12-27
PBPo4w,cyrusone-san-antonio-i,2025-12-27
weJo4B,ath1-data4,2025-12-27
w9E9pw,fiechtner-dr-fargo,2025-12-27
Gz30pw,aligned-neo-01,2025-12-27
woW5Kw,itoshima-data-centre-campus,2025-12-27
RQLbnB,cáceres,2025-12-27
R2nn6R,the-digital-warehouse,2025-12-27
Gmx89R,google-groningen,2025-12-27
RNevZB,34-st--martin-drive,2025-12-27
RpZ1dw,bkk2-stt-gdc,2025-12-27
GdJlDB,osl03-campus,2025-12-27
G3VqXR,adgar-data-center-premium,2025-12-27
RKZY2B,dub-11-and-dub-12,2025-12-27
wodOKB,riyadh,2025-12-27
RNe9nB,frankfurt-1,2025-12-27
Rv4Zqw,ber01,2025-12-27
BqvovR,val-de-reuil-edf,2025-12-27
GDLqnG,ankara-alibaba,2025-12-27
BqWy7G,her1-drt,2025-12-27
G33JXG,digital-halo-jhb1,2025-12-27
GzYP7R,skybox-datacenters-powercampus-austin,2025-12-27
G3VlXR,bell-canada-enterprises-eon-square-bedford,2025-12-27
BPL08B,active-infrastructure-spring-valley-technology-park,2025-12-27
G6brgG,orange-val-de-reuil-1,2025-12-27
BJvPeB,osaka-east-1,2025-12-27
w9ZbeB,saudi-arabia-6,2025-12-27
wOvxdG,ml10,2025-12-27
wMA89w,chonburi-tech-park,2025-12-27
B1Xa3w,flexential-salt-lake-city-downtown,2025-12-27
BbAjaw,mil1-cyrusone,2025-12-27
BX6nWG,ditp-infracrowd-green-data-center,2025-12-27
BgJzWw,fra-ii-data-centre,2025-12-27
wVVV9w,lille-1,2025-12-27
RYqLmR,taraz,2025-12-27
RQ3kew,rj02,2025-12-27
GLozqR,stt-pune-idc4,2025-12-27
w53Q8R,southern-power-grid-digital-industry-base-project,2025-12-27
GagomB,waltham,2025-12-27
R8Jz9w,pdx90-aws-boardman,2025-12-27
GdA84w,par2goodman,2025-12-27
R8J2Vw,andromeda,2025-12-27
R8mdvG,form8tion-data-centers-lagrange,2025-12-27
woWA1w,killala-technology-and-environmental-center,2025-12-27
PBP5nR,digital-realty-105-cabot-street,2025-12-27
RjWoMG,gz5,2025-12-27
R4Zy5w,moscow-v,2025-12-27
gwepVG,equinix-bo2,2025-12-27
R4J5gw,supernode,2025-12-27
BXZ0NG,edcbog11,2025-12-27
RxWbKB,evocative-bos1,2025-12-27
R8Jv3w,equinix-astra-jk1,2025-12-27
Gn4xOB,valorc3-oklahoma-city,2025-12-27
GdYVLw,expedient-boston,2025-12-27
RKZmqB,pdx62-aws-lewis-and-clark-dr,2025-12-27
BgAPxG,eugene-data-center,2025-12-27
woWjew,powerhouse-data-centers-reno,2025-12-27
BAQYOB,bogota1-1,2025-12-27
RKZA5B,ec62-phuket,2025-12-27
RKaAzw,markley-group-lowell,2025-12-27
RvPNqw,navisite-andover,2025-12-27
Rx9q1G,hexagon-building-campus,2025-12-27
GrvVrG,mass-general-brigham-data-centre,2025-12-27
wMLVrG,nebula,2025-12-27
GrZW5G,a-sionlla,2025-12-27
GrXD5B,turkcell-ankara,2025-12-27
RpY8VG,th-ivancice,2025-12-27
BAQpyB,edcist01-edgeconnex,2025-12-27
w5A0gw,mil06,2025-12-27
G33xWG,skygard-1,2025-12-27
R0Z3Kw,microsoft-becker,2025-12-27
GkWN5G,y-edc-data-centre,2025-12-27
GDrzeB,taipower-changhua-cloud-data-center,2025-12-27
GZoW8w,iga-havalimanı-işletmesi-iga-it,2025-12-27
Gnq7KR,global-switch-london-south,2025-12-27
R8QMMG,ngn-star-of-bosphorus,2025-12-27
VwMO4R,equinix-il2,2025-12-27
BJv0oB,ashburn-data-center-campus,2025-12-27
BELP6w,infinaxis-cyberjaya-2,2025-12-27
BPLOlB,ayrade-data-center,2025-12-27
GlXrPG,stack-zur02,2025-12-27
wMPgxG,koc-sistem-çamlica,2025-12-27
G3VeyR,langyuan-360-data-centre,2025-12-27
RjP6mw,sumare-4,2025-12-27
R4kW8B,site-2-(pulai),2025-12-27
wVM19G,yapı-kredi-gebze-banking-base,2025-12-27
Gyka9B,radore-metrocity,2025-12-27
wV64bw,techvault-facility,2025-12-27
Grve8G,fra-06-,2025-12-27
wVq87G,5c-data-centers-phx01,2025-12-27
GkWoqG,aws-portage,2025-12-27
R0ZEjw,amazon-web-services-aws-chantilly,2025-12-27
BPJk4G,mumbai-chandivali-dc-park-,2025-12-27
BqWLlG,airoli,2025-12-27
wMAPqw,aws-cyberjaya,2025-12-27
GyPdLR,cologix-mtl9-s,2025-12-27
Gm6z5w,high-tech-center,2025-12-27
R2LPQw,fr10x,2025-12-27
GrvygG,mumbai-dc,2025-12-27
weJWLB,11-nest,2025-12-27
GaAb6G,data-center-oran,2025-12-27
R8V9pw,bahnhof-elementica,2025-12-27
BA3bxG,srt-second-data-center,2025-12-27
Gm6dVw,kitakyushu-data-centre,2025-12-27
RKvy2B,microsoft-saint-augustin-de-desmaures,2025-12-27
Gn4pOB,bcn1-,2025-12-27
BE9JXB,safedx-dc-prague,2025-12-27
GlX5ZG,gds-holdings-hk-2,2025-12-27
RvYXyB,google-port-of-the-dalles-data-center,2025-12-27
RNe5LB,global-ip-plano,2025-12-27
BJLP8G,baoding-02-data-centre,2025-12-27
R8mjVG,ahmedabad-edge-(gift-city),2025-12-27
RxPvdR,qro-i-3,2025-12-27
G3pjYw,north-sydney-data-centre,2025-12-27
GnoPyw,scsk-netxdc-tokyo-center-3-(st3),2025-12-27
GlPpnG,the-foundry-havering-,2025-12-27
RN9YoB,talavera-road,2025-12-27
w5Ak7w,proyecto-ebro,2025-12-27
BAQYMB,edged-des-moines,2025-12-27
2Rpd5R,equinix-sy2,2025-12-27
GLvNeB,hyderabad-thimmapur,2025-12-27
BbAZ0w,queretaro2-2,2025-12-27
G6EXdR,kecheng-cloud-big-data-center,2025-12-27
GrvN8G,futuregreen-district,2025-12-27
GzYLZR,chennai-----,2025-12-27
GdJ5PB,wenjiang-cloud-computing-data-center,2025-12-27
GZZZgG,tk1-japan,2025-12-27
GDLn5G,gds-holdings-site-3,2025-12-27
w9q1pw,scl03,2025-12-27
GzYpMR,10-forsyth-st-nw,2025-12-27
RKve2B,nexstar-720-n-rohlwing-rd,2025-12-27
GWZKDR,hh4,2025-12-27
w5Ap7w,pdg-jh2,2025-12-27
R4JjLw,qv1,2025-12-27
BEWZLG,canberra-technical-facility,2025-12-27
wMA54w,ceuta,2025-12-27
RY633G,google-aabenraa,2025-12-27
R0WrnB,yco-cloud-campus-one,2025-12-27
GrV7lG,osborne-park,2025-12-27
G6Qq3R,farciennes,2025-12-27
G6EqdR,bentley,2025-12-27
B727Zw,metta-dc-id02,2025-12-27
B13dOG,sao-paulo-7,2025-12-27
BqvDvR,stream-data-centers-south-dallas-campus,2025-12-27
wod0eB,petropavl,2025-12-27
RjxQnw,vakıfbank-umraniye---istanbul,2025-12-27
R8Vp3w,tianjin-binhai-high-tech-internet-data-center,2025-12-27
R2L3Mw,ntt-gdc-johor,2025-12-27
R4kp5B,nairobi-2-campus,2025-12-27
RpZodw,prospect-center,2025-12-27
RKZrDB,microsoft-hillcrest-data-center,2025-12-27
GkY87B,silicon-valley-data-center-campus,2025-12-27
B1p5xw,ziraat-bankası-esenyurt,2025-12-27
wodAlB,telus-laird-data-centre,2025-12-27
RvYLYB,queretaro3,2025-12-27
RpZPrw,mxp2,2025-12-27
B72gbw,redmond-ridge-1-,2025-12-27
wOLpQB,fuchu-campus-and-apollo-1and2,2025-12-27
B1XQQw,esr-higashikurume-data-centre,2025-12-27
BqWZdG,madrid-one,2025-12-27
DBAzmR,h5-data-centers-h5-quincy,2025-12-27
RjWkQG,phoenixnap-phx02,2025-12-27
RKvgPB,caloocan-,2025-12-27
BJv8mB,kch1,2025-12-27
Gm6MDw,marsden-park-campus-(mp1-6),2025-12-27
wOLgkB,franklin-pud-colocation,2025-12-27
BJrp5B,aws-13600-eds-drive,2025-12-27
GWM7vB,w408-data-center,2025-12-27
RKvMqB,dhaka-data-centre-datavolt,2025-12-27
Gz3W7w,nt-khlong-toei,2025-12-27
w9xm8G,colocation-northwest-bellevue,2025-12-27
weJVzB,algeria-data-center,2025-12-27
BgJMxw,digital-hyperspace-johor,2025-12-27
GZZm6G,prime-data-centers-dfw01-02,2025-12-27
B7V7Lw,microsoft-new-albany-2,2025-12-27
RYqVdR,dhaka-dc-park-,2025-12-27
dGWMbB,edgeconnex-edcsea01,2025-12-27
GLvWeB,microsoft-new-albany,2025-12-27
R8mWPG,nxdata-3,2025-12-27
woWvxw,chalon-sur-saône,2025-12-27
Gk30MG,almaty---chaykovskovo-st-,2025-12-27
RjJK8R,zitnjak-databox,2025-12-27
BA3paG,bestline-communications-austin,2025-12-27
Gn4MQB,fra-03,2025-12-27
RpqL3G,powerhouse-arcola,2025-12-27
B7V8vw,nchc-cloud-data-centre,2025-12-27
RjJneR,bhubaneswar-edge,2025-12-27
B72aLw,edgeconnex-por03,2025-12-27
R2Lv4w,sttgdc-kuala-lumpur-1,2025-12-27
RN8D0w,datar-hamburg,2025-12-27
GLPLoG,cogent-communications-dijon,2025-12-27
RpZVAw,etw1,2025-12-27
wMLaWG,sbg3-and-sbg4,2025-12-27
wOQxoR,khazna-sharjah,2025-12-27
GyP1VR,cbr01,2025-12-27
GLvkNB,sp9-sgrutb09,2025-12-27
R2LlMw,tashkent,2025-12-27
RQLo9B,novva-data-centers-colorado-springs,2025-12-27
R0ZMgw,panchkula-,2025-12-27
BPbpyG,ovh-rbx6,2025-12-27
wVV07w,stk-data-processing-centre,2025-12-27
BAQeyB,flexential-portland-hillsboro-5,2025-12-27
BJLLmG,rbx8,2025-12-27
GWZgmR,riordan-street,2025-12-27
GlWZVR,pune-hindjewadi-(viva-highways)-,2025-12-27
BAy7OB,alienor-net-le-bouscat,2025-12-27
wMroZB,gemmy-development-industrial-building,2025-12-27
RxP8XR,berlin---ragow,2025-12-27
R8m74G,es-one,2025-12-27
wodPgB,321-337-e--21st-street,2025-12-27
R2Lpew,central-ernee,2025-12-27
w9EeKw,cpt2,2025-12-27
wV6DKw,switch-datacenters-ams5,2025-12-27
qBJzWB,h5-data-centers-h5-seattle,2025-12-27
w9E88w,milan-compass,2025-12-27
R4kKPB,sagamihara,2025-12-27
wOmrPR,information-feiyu-public-service-data-centre,2025-12-27
B132xG,copt-parkstone-tech-park,2025-12-27
Gz34Aw,cloud-hq-chaska,2025-12-27
R4J0Pw,4120--scioto-darby-rd-(hilliard-iii),2025-12-27
B7VlPw,ntt-gdc-cyberjaya,2025-12-27
B13E8G,otopeni-microsoft,2025-12-27
RQLYpB,pavlodarskaya-oblast,2025-12-27
R2nVQR,nttotemachi,2025-12-27
Glo4eR,pdg-ty1,2025-12-27
GZZ5vG,old-potomac-church-campus,2025-12-27
G6a3mR,qingpu-yunhu-data-centre,2025-12-27
GDoNpR,perkins-tacoma,2025-12-27
G6a4PR,syd59-aws,2025-12-27
R0m1pG,ath07-microsoft,2025-12-27
RQLm1B,quincy,2025-12-27
RjJgzR,eth-zurich-hrz,2025-12-27
BXZgDG,sel02,2025-12-27
DR478B,digital-realty-dfw25,2025-12-27
4RK55w,digital-realty-dfw29,2025-12-27
RN9ALB,gds-holdings-hk-4,2025-12-27
GrVngG,tele-asia-fanling-data-centre,2025-12-27
BqvzlR,cushman-and-wakefield-175-boychuk-drive,2025-12-27
GlPmrG,pearl-river-investment-big-data-center-project,2025-12-27
GDLvzG,shiroi-data-centre,2025-12-27
R0ZjKw,215-county-avenue,2025-12-27
RpZddw,th1-empyrion,2025-12-27
RYM56R,ascent-stl1,2025-12-27
GmxajR,ec72-denpasar,2025-12-27
B131OG,constantine-data-center,2025-12-27
BJvamB,my06-expansion,2025-12-27
QwVxxR,gds-holdings-gds-shenzhen-3,2025-12-27
GaDz2R,hh2andr1,2025-12-27
w53nZR,mumbai-dc9,2025-12-27
lR873B,digital-realty-aus11,2025-12-27
GdAn7w,servecentric-dc,2025-12-27
G6a0gR,milan-3-microsoft,2025-12-27
w53bqR,kr1-gangnam-data-centre,2025-12-27
GaAkrG,wellington-road,2025-12-27
GZ10dR,infobox-data-centre,2025-12-27
G6ExxR,nexcess-us-midwest---southfield,2025-12-27
GrZqXG,sumare-5,2025-12-27
wMALqw,t-data-centar,2025-12-27
RxYLXG,vantage-data-centers-westlake,2025-12-27
RKar2w,sabey-data-centers-intergate-columbia,2025-12-27
B13ryG,mccredie-road,2025-12-27
Gm5EJG,nb02,2025-12-27
RjJ3yR,culpeper-campus-data-center-(iad5),2025-12-27
RKvPqB,laverton-campus-(la1-and-la2),2025-12-27
GrvE4G,mis-dammam-3,2025-12-27
GnqegR,gdh-kizad,2025-12-27
B13pyG,hanau-campus,2025-12-27
RN89ow,zag2,2025-12-27
R0mvnG,mid-michigan,2025-12-27
BXZdWG,wilton-international-park,2025-12-27
weJrVB,par1goodman,2025-12-27
BEWEjG,nb2,2025-12-27
BPLJdB,zelendata,2025-12-27
R2Lrxw,dc-orion,2025-12-27
B13xxG,mis-riyadh-1,2025-12-27
wodleB,ussignal-southfield,2025-12-27
w53WZR,la-doua,2025-12-27
BgArWG,edcams07,2025-12-27
GagYXB,chandivali-campus---mumbai-10,2025-12-27
R8m1DG,one-power-(bkk3),2025-12-27
BPJN8G,lumen-technologies-220-gardner-street,2025-12-27
GnqdaR,flexential-denver-parker,2025-12-27
BqvbyR,qts-new-albany-2,2025-12-27
GZZL8G,gig-campus,2025-12-27
R2n24R,neidc-nuzlah-center3,2025-12-27
RQZ7DG,it-service-kach-nu,2025-12-27
GWpNmw,centurylink-3944-e-silvestri-lane,2025-12-27
BqvqaR,yondr-jakarta,2025-12-27
GaA9rG,digital-sterling,2025-12-27
GrZm4G,coresite--ny2-and-ny3,2025-12-27
RpZMLw,cn24,2025-12-27
R8JmWw,lumen-technologies-4270-e-sahara-ave,2025-12-27
wOvYgG,lovenich-data-center-,2025-12-27
GLvdqB,green-challenge-36,2025-12-27
Rpq6dG,kaia-dc-2,2025-12-27
wV6Mxw,bddc-jbt2,2025-12-27
wOLNkB,benfica-datacenter,2025-12-27
GDoLDR,lumen-technologies-4187-e-sahara-ave,2025-12-27
GdAErw,edgeconnex-atl-stonewall,2025-12-27
R8VqWw,yangpyeongdong-data-centre-and-project-ditto,2025-12-27
GlPgPG,dci-indonesia-h2-campus,2025-12-27
GkY1xB,noida-sector-80,2025-12-27
w53ZqR,guangdong-hong-kong-macao-greater-bay-area-huizhou-data-center,2025-12-27
B13k4G,cad-huechuraba,2025-12-27
RpYjLG,dub-30,2025-12-27
RjJ2eR,mobily-melgha-1,2025-12-27
weJL3B,texas-a-and-m-rellis-innovation-and-tech-campus,2025-12-27
PGyZEw,edgeconnex-las01,2025-12-27
RY6EbG,itech-tower-3-1,2025-12-27
Rpq35G,wolfsburg-nordkopf-tower,2025-12-27
RvP1Nw,kolkata-data-centre-campus-,2025-12-27
BbYeaw,nt1,2025-12-27
GzYAjR,mobily-sulay-data-centre,2025-12-27
GrvaXG,microsoft-project-ruthenium,2025-12-27
GLolZR,bom1-10,2025-12-27
RpZPLw,mrs5,2025-12-27
GyZmWw,nodex-data-centre,2025-12-27
GDLEDG,dc3---caen,2025-12-27
BJL98G,melgha-2,2025-12-27
R8m5PG,microsoft-rome,2025-12-27
GlW8PR,google-eagle-mountain,2025-12-27
PGy0VR,equinix-de2,2025-12-27
w5AE7w,mobily-riyadh,2025-12-27
Grvq1G,den02_atn,2025-12-27
wMAqVw,novva-tahoe-reno,2025-12-27
Rv4Law,amata-si-racha-chonburi,2025-12-27
B7VDQw,edcbog01,2025-12-27
BA3jyG,saudi-aramco-corporate-data-center,2025-12-27
Gk3rDG,saudi-central-bank-kafd-dc,2025-12-27
GyYOEG,simah-dc,2025-12-27
Rp79qB,sdaia-nic-riyadh-data-centre,2025-12-27
B13mOG,meta-aiken,2025-12-27
G6aadR,afula-data-center,2025-12-27
BX4LVB,evocative-ewr1,2025-12-27
RN8pdw,wave-house-data-centre,2025-12-27
Gm6Yjw,microsoft-eggborough,2025-12-27
Bg0OmR,fiberhub-las1,2025-12-27
RxZjew,dammam-data-center,2025-12-27
Gnq1yR,ak1-new-zealand,2025-12-27
GmxDLR,yasref-yanbu-data-centre,2025-12-27
Gz3xDw,aligned-elk-grove-village,2025-12-27
BXppaB,hostdime-orlando-eatonville,2025-12-27
wMr3qB,vantage-yul03,2025-12-27
GyP9WR,zain-riyadh-dc,2025-12-27
Gm6q9w,stc-riyadh,2025-12-27
B7VqQw,magny-les-hameaux,2025-12-27
RjWQyG,amazon-web-services-pdx245,2025-12-27
GWpr5w,yangpyeongdong-2,2025-12-27
R8maDG,core-campus,2025-12-27
RN9NLB,neom-data-centre,2025-12-27
Gm6bJw,skybox-datacenters-powercampus-dallas,2025-12-27
B7QYJG,olaya-data-center,2025-12-27
RvPW0w,sago-hq-data-centre,2025-12-27
w5zaEB,stc-al-balad,2025-12-27
GyZpJw,stc-jeddah,2025-12-27
Gz3K7w,airtrunk-syd2-(apollo-place),2025-12-27
BAQMPB,acc11-,2025-12-27
GDLq5G,fannie-mae-data-center,2025-12-27
GDPypG,cyxtera-szx10,2025-12-27
R2Z4eR,google-henderson-nevada,2025-12-27
R2rKgR,kappa,2025-12-27
GdY57w,zenlayer-wnz1,2025-12-27
RxZ6ew,melbourne-(mel11),2025-12-27
R8mrMG,dc6opcore,2025-12-27
RvYQAB,cyrusone-london-vi,2025-12-27
R2rj4R,consolidated-communications-manchester,2025-12-27
BXp4jB,chief-telecom-ly2,2025-12-27
BPvrdG,saudi-arabia-4,2025-12-27
RvYxOB,peterson-companies-culpeper-technology-campus,2025-12-27
BbAVWw,athens-1-edgenex,2025-12-27
Gn4EvB,rbx10,2025-12-27
weJMNB,atnorth-fin04,2025-12-27
GzYd7R,idms---balt01,2025-12-27
BqvQ0R,19508-freedom-trail-road,2025-12-27
GLvAZB,lew-green-data-center,2025-12-27
GnqJaR,edgeconnex-bukit-jalil,2025-12-27
R8mpDG,new-albany-3-(babbitt),2025-12-27
R4k3LB,bdc-my07,2025-12-27
GDL65G,meco,2025-12-27
BX6lNG,santa-cruz,2025-12-27
RQLdJB,consolidated-communications-laconia,2025-12-27
R8LJpR,stream-data-centers-goodyear-campus,2025-12-27
RpYbqG,fujitsu-oslo,2025-12-27
BXZjPG,petit-landau,2025-12-27
w5zj8B,navi-mumbai,2025-12-27
w5zqaB,bangalore-2,2025-12-27
BPb6dG,ibk-hanam-data-centre,2025-12-27
zwO5gR,digital-realty-phx10,2025-12-27
wOvNPG,pune-hindjewadi-(global-infotech)-,2025-12-27
G336lG,databank-iad4,2025-12-27
wV6E9w,chennai-01-capitaland,2025-12-27
G3MX6B,external-and-global-centre,2025-12-27
BAQoQB,hong-kong,2025-12-27
RYMkNR,cyrusone-cin4,2025-12-27
R8mPvG,national-support-center-social-security-administration,2025-12-27
w9q7Ew,cin97-(blue-ash),2025-12-27
RQZOpG,zambia-national-data-centre-3,2025-12-27
RjWqmG,bt1,2025-12-27
GdA9rw,as02,2025-12-27
GL265B,cloudhq-eng1-and-eng2,2025-12-27
GnqMgR,ishikari-renewable-energy-data-centre-no--1,2025-12-27
B13NVG,rj3,2025-12-27
G6EemR,adl1-,2025-12-27
weJb3B,dc-blox-charleston-north,2025-12-27
BJrQNB,verizon-beltsville,2025-12-27
Grv64G,pohang-data-centre-campus,2025-12-27
BXZp1G,metroedge-imd1,2025-12-27
BbAe0w,stt-gdc-jakarta-2,2025-12-27
RpZb5w,aws-dublin-(oh),2025-12-27
BqvX0R,medone-dimona-campus,2025-12-27
GLvYNB,amazon-web-services-new-albany-iii-(beech-and-miller),2025-12-27
R8V64w,akl02,2025-12-27
GyYjWG,hk-5,2025-12-27
weJDNB,equinix-jh2,2025-12-27
GWZr0R,national-data-processing-centre-warsaw,2025-12-27
R8JkPw,wai1,2025-12-27
BXZ2JG,damac-data-centres--king-hussein-business-park,2025-12-27
GnXYkB,dus-1---6,2025-12-27
RYMDmR,amazon-web-services-mesa-2,2025-12-27
RpZzdw,global-telecom-cyberjaya,2025-12-27
RYyr4R,americatel-peru,2025-12-27
BqWk1G,apple-waukee,2025-12-27
GLv0oB,edgequeretaro,2025-12-27
B13zQG,meta-davenport,2025-12-27
GDLKnG,ta-realty-sycolin-road-campus,2025-12-27
RvYEYB,amazon-web-services-summit-crossing-tech-campus,2025-12-27
Gm6ymw,manassas-properties,2025-12-27
Gn4mkB,digital-realty-garland-campus,2025-12-27
GddOrG,tiscali-italia-cagliari-campus,2025-12-27
4RK03G,t5-at-ireland,2025-12-27
R8LNMR,kt-daegu-idc,2025-12-27
Bqv1dR,syd86,2025-12-27
GDLk4G,rs-1-beenet,2025-12-27
BgJK4w,vantage-dub-13,2025-12-27
dGZALR,ebrc-rce-betzdorf,2025-12-27
BblxLG,amazon-web-services-amazon-willard-road,2025-12-27
wMmY5w,silverdale-campus-one-(sd1-and-sd1a),2025-12-27
BAQ46B,omniva-kuwait-data-centre,2025-12-27
B7QZZG,ce03,2025-12-27
BE876w,aligned-chicago-(ord-01-and-ord-02),2025-12-27
GZZVdG,cheonan-cdc,2025-12-27
yGlj7B,dc-1-1,2025-12-27
Gn4JKB,gasan-data-centre,2025-12-27
GLjE4B,prime-1231-comstock-(sjc03)--,2025-12-27
wVqQQG,meta-jeffersonville,2025-12-27
RQnz9G,regal-orion-shinsei-1,2025-12-27
RxZ0ew,dhaka-dc-2,2025-12-27
GyZ61w,takanini,2025-12-27
Gnq2QR,mannai-cloud-datcenter,2025-12-27
woQmKR,gtr-tel-aviv-is-one,2025-12-27
Rp7rAB,tuscarora-land-bay-3,2025-12-27
GzYzoR,greater-bay-area-data-centre-base,2025-12-27
GrvpoG,vantage-data-centres-kul14,2025-12-27
BbAAWw,whenuapai,2025-12-27
Gm6lVw,nt-ngamwongwan,2025-12-27
RQL75B,woods-road,2025-12-27
GdAK7w,keppel-data-centre-tokyo-2,2025-12-27
RpZoVw,edgeconnex-cbd,2025-12-27
GZqy6R,sscllp01,2025-12-27
GkW2XG,sfmc-jeddah-data-centre,2025-12-27
BPL1lB,nva03,2025-12-27
R8J0vw,as01,2025-12-27
qB1vMR,ny1,2025-12-27
RQnE6G,mega-idc-(tseung-kwan-o),2025-12-27
wMAjZw,vantage-data-centers-stacks-rd,2025-12-27
B7QLvG,data-centre-gateway,2025-12-27
GkpKxw,tsuen-wan-west-(hkg5)-data-centre,2025-12-27
wOmmDR,tecnopolo-tiburtino,2025-12-27
GdA3bw,microsoft-van-meter,2025-12-27
RYqXaR,cogent-communications-west-jackson,2025-12-27
GWZebR,equinix-db8,2025-12-27
lR8p4R,compass-loudoun-county-campus,2025-12-27
RvPzaw,nextdc-s5,2025-12-27
wMrEWB,k2-jkt1,2025-12-27
GdJpLB,google-winschoten,2025-12-27
w5zLqB,melbourne-cbd,2025-12-27
GzYmER,stt-pune-idc6,2025-12-27
RN8Z0w,aws-bukit-jalil,2025-12-27
GnqLQR,amazon-web-services-mid-county-industrial-park,2025-12-27
BblZkG,mae-nam-khu-pluak-daeng-rayong,2025-12-27
RNnpdR,zenlayer-ctu1,2025-12-27
pGDO4R,cyrusone-chi1,2025-12-27
RjW1JG,fral1,2025-12-27
R0ZxDw,auckland-01,2025-12-27
GaALXG,bonshaw-data-centre,2025-12-27
Gm6jJw,artificial-intelligence-computing-center-(aidc),2025-12-27
wOvvQG,arcene,2025-12-27
RxYEXG,aws-manekin-plaza,2025-12-27
R4k1XB,nantesbtblue,2025-12-27
BbYb0w,dub-40,2025-12-27
Gz3Mdw,dairy-flat-spark,2025-12-27
Gamq9G,5g-melbourne-data-centre,2025-12-27
R8J3vw,aws-south-east-calgary,2025-12-27
wOvyAG,microsoft-l'ancienne-lorette,2025-12-27
R0a6KG,k2-dublin-6-citywest,2025-12-27
GnqlnR,deok-i-dong-data-centre,2025-12-27
BAQW6B,manchester-,2025-12-27
RQZm9G,micron21-kilsyth,2025-12-27
RQL89B,ty14x,2025-12-27
GlokzR,data-centre-netiran,2025-12-27
GWpLDw,stack-esr-icn01,2025-12-27
RpqYqG,houyou-financial-cloud-data-center,2025-12-27
RjJZeR,patna-edge-ctrls,2025-12-27
wV6YQw,akkol,2025-12-27
RjP1zw,r1,2025-12-27
GZ1roR,wangjing-idc,2025-12-27
G33WYG,aws-pdx194,2025-12-27
weJZ6B,ec81,2025-12-27
BXZNMG,la-cayena,2025-12-27
BbAEew,21300-coach-gibbs-drive,2025-12-27
wVqrOG,caserta-data-for-med,2025-12-27
GLvgQB,pln-batam-data-centre,2025-12-27
RKZnqB,pa14,2025-12-27
wOvbkG,mis-riyadh-2,2025-12-27
BELDVw,dc-qr03,2025-12-27
RjJlMR,green-data-center-berlin,2025-12-27
GrvAgG,benrath-data-center,2025-12-27
Gm6Jjw,avant-milwaukee,2025-12-27
RvPYYw,microsoft-denmark-east-gadstrup,2025-12-27
w9qQKw,via-milano-intred,2025-12-27
wodjXB,tnw-kamloops,2025-12-27
RKZP3B,hyderabad-2-,2025-12-27
GkW9NG,ytl-cbd,2025-12-27
RKvY3B,cwl-4,2025-12-27
BAQkaB,ls2x,2025-12-27
BALZAw,ntt-global-data-centers-tokyo-no--12,2025-12-27
w533aR,gasan-iwill-data-centre,2025-12-27
GZZJ9G,copper-ridge-data-centre-campus,2025-12-27
GlP0rG,sp6-sgrutb06-07,2025-12-27
RxYY4G,pomezia,2025-12-27
Bb0neG,villebon-i-and-ii,2025-12-27
weJq4B,cyrusone-dfw7,2025-12-27
wMAp4w,cypher,2025-12-27
RpZXVw,iron-mountain-manassas,2025-12-27
Bb0gaG,stt-kolkata-dc2-,2025-12-27
BEL5jw,aligned-pataskala,2025-12-27
BgJO0w,tract-project-tripletail,2025-12-27
RxY0ZG,edged-energy-dfw01,2025-12-27
GnqEVR,ber02-,2025-12-27
BA7D6G,rucloud-moscow,2025-12-27
BXZaWG,dcii-surabaya,2025-12-27
B1364G,douglas-waldrop,2025-12-27
RNe26B,jeddah,2025-12-27
GLoPqR,guwahati-edge,2025-12-27
GlPvzG,gabia-gwacheon-data-centre,2025-12-27
GkWQWG,carretera-nacional,2025-12-27
R4Jblw,kt-goyang-data-centre,2025-12-27
RvDzOw,digital-deer-park-1---mel10,2025-12-27
GW6VZR,lg-uplus-nonhyeon-centre,2025-12-27
BXZJPG,cbts-houston,2025-12-27
BEoYoG,equinix-me2,2025-12-27
wVq1bG,meta-project-cosmo,2025-12-27
GDrynB,makarewa,2025-12-27
GrVzXG,digital-deer-park-2---mel11,2025-12-27
Rp7qLB,lg-uplus-sangam-centre,2025-12-27
GDL2nG,bucharest-2-portland-trust,2025-12-27
wOLYQB,aws-ezell-drive-campus,2025-12-27
GWZ0DR,shima-(himla-pradesh)-data-centre,2025-12-27
GkWW7G,45925-horseshoe-drive,2025-12-27
RQ3pDw,zdata-johor,2025-12-27
R0Zo5w,dc22-,2025-12-27
RxYzLG,aligned-dal3,2025-12-27
wodXbB,bupyeong-global-idc-centre,2025-12-27
GDoEeR,mel60---delivery-drive,2025-12-27
GZomLw,shinsegae-data-centre,2025-12-27
mG31kB,equinix-me1,2025-12-27
GdJ4OB,hyehwa-branch,2025-12-27
GZZ8gG,shinyoung-ansan-data-centre,2025-12-27
BqXxMw,ibm-kyobo-data-centre,2025-12-27
GDP7bG,ntt-global-data-centers-ch1-and-ch2,2025-12-27
Glo7nR,cdg1,2025-12-27
GLvEqB,vie13-16,2025-12-27
GagO2B,fin01,2025-12-27
GaAXLG,cbi-head-quarter-data-center,2025-12-27
RvYmAB,k-cloud-park,2025-12-27
GZov6w,noble-park,2025-12-27
GyYgOG,prime-data-centers-garland-campus,2025-12-27
B1AWMB,koscom-yeouido-data-centre,2025-12-27
w9qaew,meta-montgomery,2025-12-27
Bg0lKR,digital-seoul-2-(icn11),2025-12-27
GDLyYG,niagara-falls,2025-12-27
weJOzB,edgeconnex-edcchi03,2025-12-27
BblQ0G,datapro-moscow-v,2025-12-27
Gy5oyG,sk-broadband-seocho-centre,2025-12-27
GnqykR,damac-jakarta,2025-12-27
R4ZVgw,seocho-centre-2,2025-12-27
GkY5MB,songdo-u-itc,2025-12-27
GmxmDR,in2net-network-data-center,2025-12-27
Gz3YAw,hakuba-data-centre,2025-12-27
G6apPR,sdc-capital-partners-belmont-innovation-campus,2025-12-27
G6a7NR,tract-hanover-county,2025-12-27
B7m6ZG,mapletree-tm-(hksar)-hong-kong,2025-12-27
GnqzvR,sdk1,2025-12-27
BgJvzw,google-lincoln-agate,2025-12-27
GrX0lB,nh-bank-integrated-it-centre-branch,2025-12-27
B1AaVB,dc1,2025-12-27
wV6xxw,mumbai-dc6,2025-12-27
RxY7ZG,sbogzb01,2025-12-27
yGlagw,digital-realty-2200-busse-road,2025-12-27
GkYlMB,blacktown,2025-12-27
R2LOMw,china-telecom-giic,2025-12-27
BXZYWG,st-louis-park-public-schools,2025-12-27
RjxyJw,mg-saemaul-geumgo-integrated-it-centre,2025-12-27
BPLgyB,center3-rawabi,2025-12-27
BPL4nB,khazna-dammam,2025-12-27
GWp45w,data-centre-yemen,2025-12-27
R8V0Dw,acer-longtan-edc,2025-12-27
BbYZaw,lg-uplus-anyang-centre,2025-12-27
w9LV7G,duzon-bizon-d-cloud-centre,2025-12-27
wVqO9G,dc-bg03,2025-12-27
w9E10w,almaty---koktem,2025-12-27
woWNXw,amazon-web-services-pdx260,2025-12-27
GnoQyw,samsung-sds-suwon-ict-centre,2025-12-27
wVM8pG,hyundai-auto-ever-paju,2025-12-27
Gz3nEw,norwich-,2025-12-27
GnqVKR,penta-ham01,2025-12-27
wVq3bG,avacon-data-center,2025-12-27
GlWXgR,santa-catalina,2025-12-27
wVMlVG,korea-development-bank-it-centre,2025-12-27
G3Y5WB,kt-yeouido-idc,2025-12-27
GlJm7B,kt-bundang-idc,2025-12-27
Gm6rmw,ams19,2025-12-27
w9x6pG,hostway-bundang-centre,2025-12-27
weJyAB,dra01,2025-12-27
R4k85B,former-mercure-hotel,2025-12-27
R2ngQR,westhost-data-centre,2025-12-27
R4ZnLw,dreammark1-guro-idc,2025-12-27
BPbDdG,seocho-centre-1,2025-12-27
R0ZQQw,switch-louis-henna-boulevard,2025-12-27
B13oyG,13490-university-blvd-and-5941-wellington-road,2025-12-27
w5Ao0w,south-ernee,2025-12-27
GyPaZR,solaseado-data-centre-campus,2025-12-27
RjJOER,chandivali-campus---mumbai-11-,2025-12-27
wMmE9w,mapo,2025-12-27
BJv6WB,prologis---sterling,2025-12-27
R2Z3xR,kb-integrated-it-centre,2025-12-27
w5AJvw,shanghai-lingang-international-cloud-data-centre-park,2025-12-27
wOvXQG,undisclosed-daly-group-dpk-hillside,2025-12-27
BPLKVB,san-romedio-trento,2025-12-27
RpYMpG,samsung-sds-gwacheon-ict-centre,2025-12-27
Gnq6nR,taal-grand-falls,2025-12-27
BA3vAG,ec41-clark,2025-12-27
BA76aG,kt-integrated-media-centre,2025-12-27
GDre4B,rostelecom-new-moscow,2025-12-27
RvYe0B,busan-(choryang)-centre,2025-12-27
RKvbPB,milan-5and6,2025-12-27
RYq34R,fibertown-bryan-data-center,2025-12-27
R8Qd3G,samsung-sds-sangam-it-centre,2025-12-27
BbAXWw,keyser-road-data-center,2025-12-27
Gkpvqw,sk-telecom-busan-data-centre,2025-12-27
BbAaKw,daedeok-data-centre,2025-12-27
BPJ9lG,hpc-ai-data-centre,2025-12-27
GD9Znw,pohang-university-of-science-and-technology-data-centre,2025-12-27
GkWa6G,madhya-pradesh,2025-12-27
R8m9DG,ne-edge---killingly,2025-12-27
RvDLNw,lg-uplus-busan-centre-(amido),2025-12-27
w9q4gw,digital-realty-2425-2553-edgington-street-ord22,2025-12-27
B1QZxB,digital-edge-pus1,2025-12-27
RKZaeB,oneasia-busan-data-centre,2025-12-27
R4onAB,pohang-smart-data-centre,2025-12-27
wOmqZR,dc2,2025-12-27
w9Z1eB,bissen,2025-12-27
w9ZV0B,posco-gwangyang-smart-data-centre,2025-12-27
RKljqG,busan-proximity-dc,2025-12-27
B72LJw,john-marshall-commons-tech-park,2025-12-27
GagprB,urbacon-dc6,2025-12-27
G3VJ3R,oracle-gwangyang-data-centre,2025-12-27
GWZamR,san2-2,2025-12-27
GrVk1G,svcpjd01,2025-12-27
GZZgoG,izmir-vodafone,2025-12-27
GZ1ZvR,meeza-mv4-mv5,2025-12-27
RYMnaR,va1-campus,2025-12-27
GlWNVR,naitel-adh-dc,2025-12-27
wMAZ9w,center3-al-mursalat,2025-12-27
RYKKOw,p-1-b-data-center-,2025-12-27
RpZQLw,zbraslav-cra,2025-12-27
RN9onB,hyderabad-,2025-12-27
Rx94dG,stuttgart-1,2025-12-27
RjJYnR,rz-ii,2025-12-27
GD9a5w,qdc-1-3,2025-12-27
GyZQWw,senjunakaicho,2025-12-27
R8VJMw,edgeconnex-petah-tikva,2025-12-27
R8mrDG,rowan-digital-infrastructure-percheron,2025-12-27
RKZpVB,keihanna-data-center,2025-12-27
Rpqp5G,lf14,2025-12-27
G6a2mR,trade-centre-rai,2025-12-27
GLvvAB,1547-critical-systems-realty-chicago-(chil1),2025-12-27
BAQlOB,aws-al-janadriyah,2025-12-27
Gdr6qB,cologix-mtl8-s,2025-12-27
BgJmOw,switch-the-keep-2-0---atlanta-north,2025-12-27
BEW1rG,ntt-gainesville-campus,2025-12-27
BELWYw,morocco-1,2025-12-27
Bg0a6R,abx-1,2025-12-27
R8VjWw,chongming-district-wisdom-island-big-data-cloud-computing-center,2025-12-27
GnqgaR,killala-data-hub-,2025-12-27
GneYOR,the-hive-data-center,2025-12-27
R2n14R,energy-city-qatar-data-hub,2025-12-27
wMAkrw,ada-sao-paulo,2025-12-27
RjJDnR,105-nortech-pkwy,2025-12-27
R4k4VB,data-center-vingroup,2025-12-27
RN8rZw,judd-ventures-llc-sunhill-project,2025-12-27
GZN1oG,towngas-telecom-tgt-harbin-data-centre,2025-12-27
G6Qo4R,google-yunlin,2025-12-27
BXp0jB,sds-modi'in,2025-12-27
RKZL2B,the-pyramid-campus---grand-rapids-3,2025-12-27
wOvOQG,sds-shoham-data-center,2025-12-27
GWZX5R,exsim-hyperscale-data-centre,2025-12-27
GrXQoB,mv1-and-mv3,2025-12-27
R4kVPB,bataan-data-center,2025-12-27
RYqgNR,urbacon-dc5,2025-12-27
GLj6oB,zhezkazgan,2025-12-27
GlWxgR,titan-4,2025-12-27
GrZV4G,herzliya,2025-12-27
B1AVxB,isr1,2025-12-27
GlWqPR,sds-petah-tikva,2025-12-27
BJrOzB,vie06,2025-12-27
BgJz0w,sds-beit-yehoshua,2025-12-27
Gn4rnB,ec52-hanoi,2025-12-27
R8JVWw,jukjeon-cdc,2025-12-27
GWM0NB,tech-ru-yaroslavskiy,2025-12-27
GnoZVw,qdc-4,2025-12-27
RxZoXw,rjr-data-center,2025-12-27
R2roDR,qro-i-2,2025-12-27
4RKnDB,hamala-data-centre,2025-12-27
Bg0AmR,tamares-herzliya,2025-12-27
GDolzR,lhr21,2025-12-27
GW6yDR,smals-anderlecht,2025-12-27
DR4xXR,equinix-ho1,2025-12-27
BbAMaw,hino-data-centre,2025-12-27
GDojDR,fra-02,2025-12-27
RNeP0B,aws-zallaq-data-centre,2025-12-27
RYy6bR,towngas-telecom-tgt-dalian-data-centre,2025-12-27
Gne6oR,okb-data-centre,2025-12-27
RKvJVB,ntt-jkt2a,2025-12-27
RYKjbw,data-centre-infonas,2025-12-27
BX4AdB,mdc-campus,2025-12-27
GDrLpB,skien,2025-12-27
GaZ3vw,chennai-campus-02,2025-12-27
BgJrQw,google-cedar-rapids,2025-12-27
BPJZpG,beard-campus-one-(be1-3),2025-12-27
R0WpAB,doha-2,2025-12-27
GyPq9R,aws-old-corpus-christi-hwy,2025-12-27
RN8X6w,sforpf01,2025-12-27
B72yew,quantum-switch-doha,2025-12-27
RjW6QG,aligned-hillsboro-dc-campus,2025-12-27
BgAQxG,örträsk,2025-12-27
RKv44B,copt-southpoint,2025-12-27
RYKM4w,tbn-data-center,2025-12-27
BAL9mw,qdc-5,2025-12-27
GDL5YG,iron-mountain-va-6,2025-12-27
B1pzMw,vivacom-haydushka-polyana---west,2025-12-27
w9ZmkB,data-centre-qu,2025-12-27
B7QgPG,vivacom-iztok,2025-12-27
BE8Eow,chn-1,2025-12-27
w5zlEB,qnb-data-centre,2025-12-27
R2rNDR,vfx-lisbon-project,2025-12-27
yGl1xw,viva-bahrain-viva-bahrain,2025-12-27
GZ1Q3R,maincubes-fra03,2025-12-27
RKl9zG,jebel-akhdar,2025-12-27
GkYjMB,google-erlensee,2025-12-27
weNO3B,lightedge-austin-1,2025-12-27
R0mbpG,sn1,2025-12-27
w9q32w,sfmc-riyadh-data-centre,2025-12-27
wOv8PG,t5-atl-iv,2025-12-27
GaAN3G,al-bandar-data-centre,2025-12-27
RvYvNB,mxp1-hscale,2025-12-27
GDLWoG,queretaro1-1,2025-12-27
RjJrQR,fronius-usa-data-centre,2025-12-27
RNem8B,qts-datacenters-phoenix-2,2025-12-27
Rp7kdB,pa12x,2025-12-27
R0ZNDw,newport,2025-12-27
RvPbAw,bashley-road,2025-12-27
GkWDDG,zain-manama-tower-data-centre,2025-12-27
BXNvDG,sirma-group-daticum,2025-12-27
RKZ4DB,3data-p29-mitino,2025-12-27
RKlP2G,kemps-creek,2025-12-27
B13KQG,green-energy-partners-surry-green-energy-center,2025-12-27
R8Vapw,iif-shinagawa-data-center,2025-12-27
wMm7Zw,o2xygen-ochakovo,2025-12-27
GloW7R,alx-cls,2025-12-27
wOQ6QR,shanghai-science-and-technology-network-communication-xuhui,2025-12-27
woX5eB,varna-data-center-varna,2025-12-27
Glo3nR,chennai--idc,2025-12-27
R8VdVw,databank-orangeburg,2025-12-27
R4JYLw,data-centre-mtn,2025-12-27
BgA54G,data-foundry-houston-2,2025-12-27
GlXvrG,telepoint-sofia-east,2025-12-27
GkpWMw,fornix-data-center-(hcmc),2025-12-27
RYq9bR,icloud-china-(guian)-data-centre,2025-12-27
wMAxZw,ai-city,2025-12-27
RjJnzR,pune-pimpri-waghere-dc-(pnq-04)-,2025-12-27
GlW7eR,msft-site-1-(ncip),2025-12-27
RYMZ3R,qts-salt-lake-city-1,2025-12-27
GkWVXG,ssclhb01,2025-12-27
B1323G,san-jose-1-,2025-12-27
B725Pw,newton,2025-12-27
Bg0MmR,daikanyama-data-center,2025-12-27
GDrqYB,nizwa,2025-12-27
B7V4ew,ooredoo-qalhat-landing-station,2025-12-27
Gm6Zgw,45121-and-45181-global-plaza,2025-12-27
RjPVEw,boushar-2,2025-12-27
GrZxKG,boushar-1,2025-12-27
GddZrG,hong-kong-fo-tan-data-center,2025-12-27
GrV55G,switch-the-rock,2025-12-27
BA3yxG,meta-kuna,2025-12-27
R4JNAw,mumbai-powai-dc-park-,2025-12-27
GrVZ1G,ridgeway-distribution-centre,2025-12-27
R8VP4w,sohar,2025-12-27
B72jPw,sohar-2,2025-12-27
Nwoobw,gds-holdings-gds-shenzhen-2,2025-12-27
BPJE8G,qts-datacenters-denver-data-center-campus,2025-12-27
G3VVAR,yoshikawa,2025-12-27
RjWvEG,t5@atlanta,2025-12-27
GlWAzR,qts-datacenters-york-county,2025-12-27
w5AA0w,edged-chicago-(aurora),2025-12-27
RK8b5G,ark-data-centres-longcross-park,2025-12-27
R8mnZG,ruh-02-ksu,2025-12-27
BAQayB,potomac-technology-park,2025-12-27
GamYLG,byblos-tower-b1-data-center,2025-12-27
Gz4gMB,omantel-tower,2025-12-27
R0meQG,abuja-data-center,2025-12-27
GlWKzR,auh8,2025-12-27
GDoXeR,microsoft-tpe03,2025-12-27
BXplPB,data-centre-cirrus,2025-12-27
Gm695w,backweston-laboratory-campus,2025-12-27
B7QbnG,hq-data-centre,2025-12-27
GyY19G,chandavelley-,2025-12-27
Bb0QaG,ec101,2025-12-27
BgJoWw,jn1,2025-12-27
BblpKG,data-centre-faraso,2025-12-27
w9ZYgB,miremad,2025-12-27
BqZp7R,hq-data-centre-creditlibanais,2025-12-27
weJvLB,hemel-hempstead,2025-12-27
R8mgPG,khazna-dxb4,2025-12-27
Gkp9Ww,hedno-athens,2025-12-27
w9LYEG,national-hellenic-research-foundation-athens,2025-12-27
BqZz0R,duqm,2025-12-27
R2nODR,chennai-che-1-and-che-2,2025-12-27
BPJAkG,data-centre-syriatel,2025-12-27
GrZy8G,sahand-data-center,2025-12-27
wMAa9w,aws-negeri-sembilan,2025-12-27
wOv5ZG,k2-eec,2025-12-27
RQLK5B,ecaussinnes,2025-12-27
B13r6G,ml9,2025-12-27
GrvDgG,powerhouse-95,2025-12-27
RxP0dR,almaty-1,2025-12-27
BA3vOG,kassø,2025-12-27
wVVeow,sl3x,2025-12-27
GZqbvR,trg-houston-one,2025-12-27
GnqnaR,bertina-data-centre,2025-12-27
R8mbZG,str001,2025-12-27
Gamn6G,adp-data-centre,2025-12-27
BPvm8G,data-centre-mellat,2025-12-27
BPv4lG,azadegan,2025-12-27
BEWxXG,1hub-data-center,2025-12-27
RQn9JG,sparkle-koropi,2025-12-27
GWMKNB,data-centre-arya,2025-12-27
Bb03LG,eis-data-centre,2025-12-27
GkY9DB,data-centre-atena,2025-12-27
woQopR,fanava-data-center,2025-12-27
GzZEAG,meta-los-lunas,2025-12-27
weNv3B,sunlife-financial-waterloo-data-center,2025-12-27
B1XqQw,powai-,2025-12-27
GDLz1G,massenheim-data-center,2025-12-27
BbY3jw,storedata-data-center,2025-12-27
R4oWlB,milad-tower,2025-12-27
wMAlzw,nap-of-virginia-beach,2025-12-27
RxZaLw,tehran-cloud,2025-12-27
Gm6Erw,campus-griswold-site-1,2025-12-27
wOv0gG,kitakyushu-no--2-centre,2025-12-27
wVqp9G,ld14,2025-12-27
w9ZoKB,data-centre-kakohost,2025-12-27
BELrYw,province-group---powhattan-county,2025-12-27
RYMmeR,nx01,2025-12-27
RKvo5B,taipei-(tw1),2025-12-27
wVMabG,aims-bukit-jalil,2025-12-27
RKlxZG,data-centre-samapardaz,2025-12-27
R8mQ3G,cloudhq-mount-prospect-technology-center,2025-12-27
R2n86R,national-information-network-(nin),2025-12-27
GWZ1NR,pars-online-tehran-data-centre,2025-12-27
Gn4KoB,gaw-capital-saigon-hi-tech-park,2025-12-27
Gne3oR,negah-roshan-pars-nrp-network,2025-12-27
R4olAB,seven-hills,2025-12-27
RjJgMR,csl-sing-khorn,2025-12-27
wOvdnG,dc-qr04,2025-12-27
wMmMqw,microsoft-cyberjaya,2025-12-27
GaDZYR,towngas-telecom-tgt-dongguan-data-centre,2025-12-27
Grv95G,wise-county-industrial-development-authorityelam-farm---abandoned-mine-land-economic-revitilazation,2025-12-27
G331WG,vantage-data-centers-az3,2025-12-27
RvYzMB,quezon-data-center,2025-12-27
Gm5YLG,tabriz-mizban,2025-12-27
GrZ78G,data-center-pars,2025-12-27
w53o7R,prime-data-centers-elk-grove-village,2025-12-27
wOv7nG,edcfra02,2025-12-27
R0W3jB,tabriz,2025-12-27
Rv4Q0w,data-centre-homatel,2025-12-27
GmxerR,stt-pune-idc7,2025-12-27
R0ZPMw,evolution-dc-bangkok-data-center,2025-12-27
GWZ3ER,osl01_polar,2025-12-27
RxPjaR,inzai-5,2025-12-27
BblMxG,park-royal-(lhr11-and-lhr12),2025-12-27
Bqv0ER,american-tower-data-center-highway-90,2025-12-27
BJLxmG,data-centre-sindad,2025-12-27
RN9W0B,ipm,2025-12-27
RN886w,microsoft-malaga-washington,2025-12-27
GrvDXG,hunter-trust,2025-12-27
BgJxrw,puertollano,2025-12-27
GZ1x8R,data-centre-hostiran,2025-12-27
RpqnDG,dpc-technology-center-rostov-on-don,2025-12-27
B7238w,sonezaki-data-centre,2025-12-27
RjP1Mw,mnogobayt-skydc,2025-12-27
GnqnOR,md5,2025-12-27
GdAlOw,incheon-data-centre-campus,2025-12-27
wVVx9w,imam-ali-irib,2025-12-27
RpYyVG,waltham-cross,2025-12-27
BA36eG,rbx9,2025-12-27
GyZb9w,tehran,2025-12-27
RpqVdG,data-centre-shabdiz,2025-12-27
w9Z98B,aws-giic,2025-12-27
B1Xyyw,thang-long-2,2025-12-27
BJvzZB,benton-township-(undisclosed-operator),2025-12-27
RN8Adw,yangtze-river-delta-(shanghai)-5g-ecological-valley,2025-12-27
GWMWDB,neidc-azizeya-exchange,2025-12-27
GZ1gdR,data-centre-mashhad,2025-12-27
GyPV1R,dxb3-khazna,2025-12-27
Rp70DB,ainet-laurel,2025-12-27
RjJjJR,softbank-sakai-data-centre,2025-12-27
GdJmDB,farmanday-mdc2,2025-12-27
R4kxVB,atnorth-den01,2025-12-27
w5z88B,amman-data-centre,2025-12-27
BPLepB,google-dorchester-county,2025-12-27
BJgnmR,selectel-data-center-berzarina,2025-12-27
GDrYoB,data-centre-earthlink,2025-12-27
woWzpw,hobsonville-campus-two,2025-12-27
GDrazB,hyd01,2025-12-27
Bg0x6R,data-centre-link,2025-12-27
w5zr7B,west-call-data-centre,2025-12-27
RjJVeR,frankfurt-vi,2025-12-27
RKl2qG,baghdad-airport,2025-12-27
weNaDB,digital-edge-sel2,2025-12-27
B1318G,microsoft-donnacona,2025-12-27
GrZMXG,data-centre-masarat,2025-12-27
RjW3eG,selina-ict-data-centre,2025-12-27
BAQbAB,sinet-data-center,2025-12-27
w5znvB,edcbru01,2025-12-27
GZZxoG,london-12-slough,2025-12-27
RjPbmw,data-centre-fastiraq,2025-12-27
GrVXoG,roazhon,2025-12-27
RYqDeR,42139-reeds-farm-lane,2025-12-27
GyPbER,mumbai-dc8,2025-12-27
BAQDAB,grevenbroich-data-center,2025-12-27
BE8M6w,baghdad-digital-campus-building-dc1,2025-12-27
BA74QG,baghdad,2025-12-27
BALPPw,moscow-three-and-four,2025-12-27
R0maWG,taichung-dadu-idc,2025-12-27
GDrkbB,mts-dorozhniy,2025-12-27
G6bpNG,idc-frontier-nihombashi,2025-12-27
BXpeDB,erbil-data-center,2025-12-27
GLjWoB,db7x,2025-12-27
B1AmeB,mosul,2025-12-27
RpqQ3G,data-centre-greyhound,2025-12-27
BgJ4zw,s7,2025-12-27
BA3mOG,qscale-q02-campus,2025-12-27
RxYdLG,vit-data-center,2025-12-27
B7QJbG,new-taipei-banchang-idc,2025-12-27
BgJpWw,chania-ii-sparkle,2025-12-27
R2Lxbw,sdc-umatilla-sabey,2025-12-27
R4kLoB,sp6-6,2025-12-27
RQ30jw,new-tashkent,2025-12-27
GkWLxG,government-data-and-cloud-computing-center-(p1),2025-12-27
RjPpew,data-centre-nbk,2025-12-27
BXpVJB,kuwait-kalaam,2025-12-27
B1A94B,integrated-security-project-(isp)-data-center,2025-12-27
Gn4ryB,sap-padborg,2025-12-27
GWp1vw,lightedge-austin-2,2025-12-27
wOLpnB,msft-giic,2025-12-27
GkW05G,scl04,2025-12-27
RvY3rB,bowers-data-center,2025-12-27
GLjgqB,kuwait-hq-data-center,2025-12-27
BAQ3MB,court-lane-,2025-12-27
R2L0xw,mil04stack,2025-12-27
RjWDmG,digital-filigree,2025-12-27
RKvV3B,microsoft-st--joe-farm,2025-12-27
Gne5nR,dahiyat-al-rasheed,2025-12-27
mG3oxG,antwerp,2025-12-27
GloxzR,shanghai-pudong-fortune-data-center,2025-12-27
BE8PLw,kuwait,2025-12-27
RjPb8w,hashem,2025-12-27
RxYQ1G,lkk1andlkk2,2025-12-27
wOmNgR,marj-al-hamam,2025-12-27
GWZ9mR,kyoto-data-centre,2025-12-27
w9qm0w,lanceley-place,2025-12-27
RNe8ZB,vernon-(lax-01)-,2025-12-27
GZqx9R,mumbai-dc7,2025-12-27
R0W4WB,rashid-abdulla-dc,2025-12-27
GDrY4B,data-centre-vtel,2025-12-27
RKv05B,aligned-phx-07-(el-mirage-campus),2025-12-27
B1XExw,qts-oostpolder,2025-12-27
Gm5orG,international-turnkey-systems-(its)-data-center,2025-12-27
RN8WLw,cyrusone-dfw6,2025-12-27
GlozZR,al-samoud,2025-12-27
GdrP7B,data-center-tanzania,2025-12-27
RKZvPB,itech-tower-3-2,2025-12-27
Rx9D1G,tyodc-4,2025-12-27
RN97ZB,afde-data-centre,2025-12-27
G6EpbR,telia-tallinn-new,2025-12-27
woWM1w,rio2,2025-12-27
w9qvgw,project-hydroscale,2025-12-27
BXNW1G,meta-stanton-springs-campus-1,2025-12-27
R2ZV4R,sparkle-chania,2025-12-27
BPJY4G,karagandy,2025-12-27
wVq0oG,vint-hill-campus,2025-12-27
GdAAPw,par3,2025-12-27
Gm5qDG,can01,2025-12-27
RN9jnB,changsha-idc-,2025-12-27
BX67jG,gujarat-campus,2025-12-27
wMrD4B,microsoft-palmetto,2025-12-27
GyPrVR,ironmountain-chi-1,2025-12-27
GWZEbR,edgecore-culpeper,2025-12-27
RKZzPB,microsoft-yt011-data-centre,2025-12-27
RxPoeR,high-point-data-center,2025-12-27
RpZ3rw,berlin1,2025-12-27
R4o4gB,saudi-arabia-5,2025-12-27
wOvnDG,raystock,2025-12-27
R4ZWow,lancom-thessaloniki,2025-12-27
BELn3w,edctlv31,2025-12-27
GDLNDG,kati-chungju-data-centre,2025-12-27
BgJrxw,ml11,2025-12-27
GZZY8G,novva-data-centers-mesa-campus,2025-12-27
GaZnrw,metamorphosis-i,2025-12-27
GykoOB,cop02-hoje-taastrup,2025-12-27
Gagv3B,williston,2025-12-27
BgJgOw,mo2,2025-12-27
GdryPB,google-berlin,2025-12-27
R8mJpG,ctrls-chon-buri,2025-12-27
BgAArG,balkan-gate-crete-lancom,2025-12-27
GDLX5G,19886-ashburn-road,2025-12-27
GnemQR,it-park-data-centre,2025-12-27
BPLDVB,new-kensington--pa,2025-12-27
GrXK7B,nec-kanagawa-data-center,2025-12-27
GDPo1G,stream-data-centers-san-antonio-ii,2025-12-27
RKvAzB,dcblox-atlanta-west,2025-12-27
w5AMEw,fra04,2025-12-27
Rv49Aw,kanagawa-data-centre,2025-12-27
B7VzPw,calm-square-ansan-data-centre,2025-12-27
GlXbnG,DC2,2025-12-27
wOvmdG,kepstar-dc2,2025-12-27
GWZJmR,compass-phx-ii,2025-12-27
Gk31qG,akishima-campus-(tokyo-west-2),2025-12-27
weN0AB,batam-national-data-center,2025-12-27
B1p0ew,microsoft-ams13-ams14,2025-12-27
BgAJrG,the-core-campus-las-vegas-16,2025-12-27
GmxjVR,amazon-bristow,2025-12-27
wMLe4G,synapsecom-scn-2-athens,2025-12-27
wodD5B,virginia,2025-12-27
RQ3Paw,os5x,2025-12-27
GyYbZG,mumbai-dc10,2025-12-27
GnqPkR,sbogzb02,2025-12-27
w9EvEw,firstlight-bedford,2025-12-27
GLjoZB,microsoft-hoffman-estatesandchi05,2025-12-27
RQ3y6w,evolution-data-center,2025-12-27
RQnVDG,eu-north-riga-lv-dc2,2025-12-27
GWpoZw,vihti,2025-12-27
B1X0Ow,project-coleman,2025-12-27
Gn40nB,ainet-beltsville,2025-12-27
RN8MZw,mt-wellington,2025-12-27
BgANOG,firstlight-portsmouth,2025-12-27
GmxbjR,cmc-telecom-hoa-lac-data-center,2025-12-27
BX60PG,lim2,2025-12-27
BAQdmB,jk-land-holdings-greenlin-park,2025-12-27
wMrM4B,dynamic-internet-data-center,2025-12-27
wOmlrR,fra-01,2025-12-27
GmxpvR,barka,2025-12-27
R2rxDR,kaznic-semey,2025-12-27
R4oPLB,chengdu-qingbaijiang-big-data-eco-industrial-park,2025-12-27
Gm68Lw,stream-data-centers-chicago-iii,2025-12-27
weNW3B,prime-data-centers-denmark,2025-12-27
Gag3rB,firstlight-manchester,2025-12-27
R2LA6w,iron-mountain-azp-3,2025-12-27
BqvLaR,osk1,2025-12-27
R4Z7lw,levira-tv-tower-data-center,2025-12-27
BXZz1G,mil02data4,2025-12-27
GykAZB,hkcolo-sino-favour-centre,2025-12-27
GWML5B,kalberg,2025-12-27
BA3eaG,microsoft-yto-40,2025-12-27
B7VM8w,tochigi-data-centre-campus,2025-12-27
G3VMAR,suncheon-data-centre,2025-12-27
wOLAZB,firstlight-lebanon,2025-12-27
RYKJaw,ukrtelecom-data-center,2025-12-27
G6ag1R,datacenter-frankfurt,2025-12-27
RQLW6B,eu-north-riga-lv-dc1,2025-12-27
R4kX5B,qts-datacenters-phoenix-3,2025-12-27
G33alG,aws-madison-county,2025-12-27
GkWYqG,drt-ams11,2025-12-27
R2ZvQR,versija-vernet-dc,2025-12-27
GlWjVR,flughafen-zurich-data-centre,2025-12-27
GDLr1G,pure-auh01,2025-12-27
wVVNbw,datacenter-3-(bielefeld),2025-12-27
GWZV3R,it-and-data-centre-linz-1-,2025-12-27
BgJJ0w,lon-3,2025-12-27
G33qyG,ipdc-expansion,2025-12-27
RjW4eG,d2,2025-12-27
BX6Q1G,dulles-28-technology-park,2025-12-27
wMrvnB,vantage-ashburn-(va3)-data-center-campus,2025-12-27
VwMrVB,edge-connex-hou01,2025-12-27
BbnbxB,banco-nacional-centro-de-datos,2025-12-27
Bg0LWR,rom1-drt,2025-12-27
RjWmJG,meta-temple,2025-12-27
BqWMaG,cogent-columbus,2025-12-27
GlWn7R,tung-chung-data-centre,2025-12-27
BJrANB,cw01,2025-12-27
wMAyZw,airtrunk-hkg2,2025-12-27
BXZLVG,microsoft-pataskala,2025-12-27
R0ZW5w,skybox-chicago-i,2025-12-27
BAQPAB,rs-2-beenet,2025-12-27
BAQZxB,bucharest-3-portland-trust,2025-12-27
GyPQER,levira-betooni-1,2025-12-27
GzYEZR,netrality-data-centers-houston-1301-fannin,2025-12-27
R4kdPB,dc7-tet,2025-12-27
BAQ8mB,gds-holdings-site-4,2025-12-27
Gz3Zdw,medone-ramla-campus,2025-12-27
BEL3Xw,microsoft-jigginstown,2025-12-27
wV6Pbw,camro-data-centre-campus-,2025-12-27
GnqQVR,coresite-de3,2025-12-27
B7mveG,lvrtc-riga-radio-and-television-tower,2025-12-27
RjJVJR,ned-data-centers-omega,2025-12-27
BELlXw,digital-edge-johor,2025-12-27
GlWdVR,data-center-rome,2025-12-27
BPLrKB,tpt-data-center,2025-12-27
R2bDMR,greenergy-data-center-baltics,2025-12-27
wOLznB,stt-pune-idc10,2025-12-27
wOL8DB,kgi1,2025-12-27
Gm6nLw,dbt-data-jug-and-harrison,2025-12-27
wOvPrG,nva08,2025-12-27
G6QLbR,noida-3-,2025-12-27
RYq6AR,frankfurt-west-ii,2025-12-27
BPJ8dG,kirkkonummi,2025-12-27
BEW0YG,tech-park-at-brambleton,2025-12-27
GrjAXG,ashburn-2,2025-12-27
GlXnVG,par11--digital-park,2025-12-27
GaAVmG,university-of-dallas-uofd-data-center,2025-12-27
BAQ7MB,ntt-gdc-bangkok-3,2025-12-27
GLo5bR,me3,2025-12-27
GmXjLR,nano-it-data-centre,2025-12-27
Gn4lgB,bom10,2025-12-27
R0aQjG,tet-kleistu,2025-12-27
GagzmB,sscllp02,2025-12-27
R2LDQw,jc3,2025-12-27
BqZrMR,alibaba-western-cloud-computing-center,2025-12-27
GyY0yG,ktp-(starhill),2025-12-27
GZZP6G,niagara-falls-ai-data-center,2025-12-27
woW4bw,hut-8-vega,2025-12-27
wOvOnG,fra-i-data-centre-,2025-12-27
RNQJ0B,alphahost-lv-riga,2025-12-27
B7m7eG,astrec-data-center,2025-12-27
BgV2Ww,bj1,2025-12-27
B1X38w,microsoft-denmark-east-taastrup,2025-12-27
GLPneG,tet-dattum,2025-12-27
Gdd68G,tet-brivibas,2025-12-27
mGr4rB,belgium-dc,2025-12-27
BA3KQG,kolkata-campus-,2025-12-27
BgJEWw,equinix-kl2,2025-12-27
GlWgrR,nextdc-bangkok,2025-12-27
GdAPOw,dc-3-and-dc-4-polcom,2025-12-27
GzYrpR,datacomm-jababeka-data-center,2025-12-27
B13K4G,microsoft-fairwater,2025-12-27
GkY6DB,hostingovye-telesistemy-data-centre,2025-12-27
RQZd6G,zhongtu-idc,2025-12-27
BgAkmG,tcc-datacenter,2025-12-27
w5Ayqw,athena-2,2025-12-27
BJrz5B,new-zealand-1,2025-12-27
BXN9jG,tet-perses,2025-12-27
B1pv8w,retn-deglava-dc,2025-12-27
GZZa8G,hamura-building-1,2025-12-27
RK8N3G,china-telecom-huma-data-center,2025-12-27
wodqpB,qts-atlanta-dc2,2025-12-27
RxPzaR,edgeconnex-den02,2025-12-27
GdAWPw,logos-gerbang-nusajaya,2025-12-27
G33NPG,evobits-it-campus,2025-12-27
R2rLMR,quito,2025-12-27
Grv4XG,vantage-tx11,2025-12-27
GZZzLG,sv12x,2025-12-27
GlXy7G,equinix-pa10,2025-12-27
wMr6xB,ec10-nowra,2025-12-27
BgA3KG,one-market-center,2025-12-27
RvPAOw,les-ulis-i-and-ii,2025-12-27
w9qXEw,sp7,2025-12-27
RQZQeG,kolkata,2025-12-27
GW6jZR,toukei-daiichi-data-center,2025-12-27
BEWjVG,dci-indonesia-jk6,2025-12-27
RjWONG,serverfarm-atl1,2025-12-27
R8mMVG,hansen-farm-road,2025-12-27
BE9l3B,netxdc-tokyo-center-4-(st4),2025-12-27
RjxYew,g11,2025-12-27
GnqayR,minoh-campus,2025-12-27
wV6vxw,kaunas-ktu,2025-12-27
wVVXKw,raisteniskes,2025-12-27
GrZA1G,actis-pyeongchon-data-centre,2025-12-27
BX6yDG,d-project-koto,2025-12-27
RKvKZB,kuala-lumpur-(elimina-1-and-2),2025-12-27
wVqnpG,rabale---tower-9,2025-12-27
RpZOmw,microsoft-lyh03-08,2025-12-27
GnqdvR,salford,2025-12-27
RYML4R,google-indiana-project-zodiac,2025-12-27
w5AZvw,kyutaromachi-data-centre,2025-12-27
BELQyw,undisclosed-hampton-meadows-technology-park,2025-12-27
w5An3w,mumbai-dc11,2025-12-27
RjxXMw,hostline-dc1,2025-12-27
R4JXXw,mil08,2025-12-27
RK852G,vilnius-rackray,2025-12-27
BqWedG,santiago-3,2025-12-27
RvP0rw,kazakhtelekom-aktau,2025-12-27
RKvx5B,aws-razor5,2025-12-27
R8m5vG,global-technical-realty-london-gb-two,2025-12-27
BJvmzB,google-kansas-city,2025-12-27
B7QWLG,ge-pucc-002,2025-12-27
BALmyw,zirmunai,2025-12-27
GagKvB,rabale---tower-8,2025-12-27
GkW6NG,dc-bg02,2025-12-27
woQnlR,s2,2025-12-27
GLogzR,aws-pdx146,2025-12-27
RKaL3w,at-tokyo-dc3,2025-12-27
RKZ7qB,digital-realty-dfw-26,2025-12-27
GWM3ZB,saudi-arabia-3,2025-12-27
RpZqAw,virtus-london-14,2025-12-27
RjWL8G,amazon-web-services-aws-nokesville-rd,2025-12-27
GrvoKG,svy05,2025-12-27
woWYbw,badgerys-creek-campus,2025-12-27
RQ3W9w,ntt-global-data-centers-ch4,2025-12-27
BEWkoG,ainet-cybernap,2025-12-27
G6bv4G,cloudhosting-berzaunes-iela-1-riga,2025-12-27
R8Vyvw,tencent-chongqing-cloud-data-centre-,2025-12-27
G3VgWR,skybox-datacenters-legacy-campus,2025-12-27
RpZ4Aw,dahlgren-west,2025-12-27
RKZv2B,microsoft-denmark-east-lille-skensved,2025-12-27
GWZm1R,aws-county-road-172,2025-12-27
Gn4byB,beanfield-metroconnect-dc2,2025-12-27
XRjQNB,1400-east-devon-avenue,2025-12-27
B133QG,central-computing-facility-(ccf),2025-12-27
gB7gbB,netcetera-the-dataport,2025-12-27
weN19B,pune---darumbare-dc-park,2025-12-27
RxZ74w,troll-mountain-data-center,2025-12-27
RKZNzB,ridgeland,2025-12-27
G33vPG,databank-lithia-springs-campus,2025-12-27
G3V0AR,garden-drive,2025-12-27
BgAnWG,stt-pune-idc9,2025-12-27
w5zN0B,leroen-datapartner-bergen,2025-12-27
BA79OG,hyd04,2025-12-27
w5AV0w,colostore,2025-12-27
BJgNrR,telia-oslo,2025-12-27
wVqvoG,cyrusone-yorkville,2025-12-27
RvY5YB,my03-expansion,2025-12-27
G6avNR,docklands,2025-12-27
Gmx4LR,switch-the-pyramid-campus-grand-rapids-2,2025-12-27
Rp73qB,cldc-hyd01,2025-12-27
B7VvLw,sttgdc-cavite-2,2025-12-27
Bb0NrG,infinaxis-cyberjaya-1,2025-12-27
wOLaoB,databridge-sites:-silver-spring-data-center,2025-12-27
gB79nG,stt-pune-idc1,2025-12-27
GLoJbR,vantage-montreal-iii-(qc6),2025-12-27
GlPj7G,saint-triphon-data-centre,2025-12-27
GkYeWB,corso-svizzera-185-enter,2025-12-27
BgVg4w,lumen-technologies-oslo,2025-12-27
R2LQgw,ntt-global-data-centers-ch3,2025-12-27
R8VlVw,lcy20,2025-12-27
GDLJpG,amazon-web-services-lake-anna-tech-campus,2025-12-27
RjJXER,ml8x,2025-12-27
RpZ5qw,vicalvaro,2025-12-27
Gn49KB,windward-alpharetta-data-center,2025-12-27
RN9b6B,terrahost-dc2-the-bunker,2025-12-27
BAQ6mB,seville,2025-12-27
wVq7xG,center3-jeddah203,2025-12-27
BJr7mB,rowan-green-data-temple-green-data-campus,2025-12-27
BAQjxB,sbogzm01,2025-12-27
RKZZPB,gds-hk-3,2025-12-27
B7VEnw,frankfurt-5,2025-12-27
R8mv4G,vantage-atlanta,2025-12-27
VwMD4G,osl01,2025-12-27
BblNaG,baku-deltatelecom,2025-12-27
w5A27w,microsoft-charny,2025-12-27
BA74AG,cloud9-data-center,2025-12-27
RjP4Mw,lisbon-2,2025-12-27
G330YG,bergheim-data-center,2025-12-27
BJrZeB,datacenter-ltd,2025-12-27
GD90Dw,nashik-1-,2025-12-27
RpqyqG,plusinfo-ru-nakhimovsky-data-centre,2025-12-27
GW6kNR,data-centre-tallinn,2025-12-27
RKZrzB,verizon-atlanta-dc-2-,2025-12-27
weJPgB,sv18,2025-12-27
GyYDbG,ansan-global-cloud-centre,2025-12-27
GyZo1w,yevlakh-reserve-data-center,2025-12-27
B1A3xB,kaliasem,2025-12-27
RpYJLG,basefarm-osl5,2025-12-27
RNnoYR,baltimore---tierpoint-data-center,2025-12-27
GrV25G,1000-coit-road,2025-12-27
weN3gB,dammam,2025-12-27
Rp7JDB,xecunet-frederick,2025-12-27
wVqXpG,new-clark-city,2025-12-27
wVqzVG,microsoft-langley,2025-12-27
w9q0ew,saitama,2025-12-27
GDoO4R,ec33-johor,2025-12-27
ARNAYB,osl02,2025-12-27
GnonQw,basefarm-osl3,2025-12-27
BELzYw,mil-i,2025-12-27
R2L5Dw,sitel-pop-1,2025-12-27
G6oLNw,owings-mills-data-center,2025-12-27
GmxlgR,thane-,2025-12-27
GaZKrw,kddi-telehouse-tokyo-shibuya-data-centre,2025-12-27
GkWJ0G,fra-05-,2025-12-27
G6aObR,mad02,2025-12-27
weNZLB,lumen-1-aerojet-way,2025-12-27
RpqQDG,azin-telecom-data-processing-centre,2025-12-27
B1Xvyw,mel12,2025-12-27
w5AK0w,ansan-sihwa-global-idc,2025-12-27
Rp7LVB,vie01-and-vie02,2025-12-27
R8Jkvw,mum3,2025-12-27
GrVogG,7340-executive-way,2025-12-27
wOLkgB,100-s-charles-street,2025-12-27
GWpyNw,telkom-indonesia-kiie-data-centre,2025-12-27
R8mevG,vantage-data-centres-kul2,2025-12-27
R0W8KB,romford-south,2025-12-27
BXZZPG,nextdc-kl1,2025-12-27
w9q22w,ssclcr02,2025-12-27
R4kb3B,sbogzt01,2025-12-27
GrVq5G,colombus,2025-12-27
RjJWyR,aunalytics-south-bend,2025-12-27
Gk3y6G,ind2,2025-12-27
R0Zlpw,cbts---indianapolis--in,2025-12-27
RjJ58R,m4,2025-12-27
R2L74w,10977-guilford-road,2025-12-27
RKZV2B,cisco-systems-rcdn9,2025-12-27
RNQjdB,digital-parks-africa-lusaka-datacentre,2025-12-27
GneDnR,dpc-technology-center-nizhny-novgorod,2025-12-27
Grj1rG,data-center-bochum,2025-12-27
weXqzG,tech-ru-nagatinskaya,2025-12-27
woXgKB,mitsubishi-corporation-research-institute-dcs,2025-12-27
GlWbYR,selwyn-campus,2025-12-27
B7QO8G,flexential-dallas-plano,2025-12-27
BgAMrG,green-data-center-frankfurt,2025-12-27
GWZ7bR,center3-junadreah,2025-12-27
GneWvR,microsoft-tpe05,2025-12-27
RvY1aB,nva06,2025-12-27
R8m0pG,fra3,2025-12-27
RvY7gB,ny3,2025-12-27
w9LNkG,verizon-brussels-data-center,2025-12-27
RN9xdB,taipei-aiguo-idc,2025-12-27
RKlDVG,torrehierro,2025-12-27
wOQ4rR,hsbc-hsbc-building-tseung-kwan-o,2025-12-27
BqZN6R,datacenter-hasselt,2025-12-27
BPbgnG,macquarie-data-centres-ic1-sydney-cbd-data-centre,2025-12-27
R4J78w,urbacon-montreal,2025-12-27
GrXKrB,homebush,2025-12-27
wOmpAR,sun-fhc-data-center,2025-12-27
GDLD5G,cyrusone-london-vii,2025-12-27
GnqQQR,tract-buckeye-tech-corridor,2025-12-27
BAQr6B,epldt-12th-data-center,2025-12-27
bBXZdG,digital-erskine-park-1---syd10,2025-12-27
qGLYQw,equinix-da4,2025-12-27
Gddm4G,gds-holdings-ks6,2025-12-27
RjPNMw,nekstremum-data-centre,2025-12-27
G6EDnR,sl01,2025-12-27
R8QdpG,north-ryde,2025-12-27
GloJzR,green-data-center,2025-12-27
R8maMG,dataprana-la-marque,2025-12-27
GdA18w,exa-infrastructure-halifax-cable-landing-station,2025-12-27
RNQroB,gds-holdings-ks3,2025-12-27
G339xG,kildare-innovation-campus-kic,2025-12-27
qBJ3eR,dc-burcht,2025-12-27
RxYNoG,cambodia-national-data-center,2025-12-27
RYqQ3R,corespace-dallas,2025-12-27
BJvENB,stt-chennai-dc7-(siruseri-campus),2025-12-27
BqXVdw,verizon-milan,2025-12-27
wOmeDR,flexential-dallas-richardson,2025-12-27
RjWAeG,aws-varennes-yul55,2025-12-27
wMLj5G,gds-holdings-ks2,2025-12-27
G6bWgG,gds-holdings-ks4,2025-12-27
R0ap5G,gds-holdings-ks5,2025-12-27
Rx9LeG,gds-holdings-ks1,2025-12-27
R2Lzew,ansan-green-energy-data-centre,2025-12-27
RKZAqB,microsoft-sat15,2025-12-27
weJm9B,amazon-web-services-7151-and-7350-century-park-drive,2025-12-27
GmxWLR,cisco-systems-allen,2025-12-27
BbA20w,softlayer-dal07,2025-12-27
BqvMMR,microsoft-heath,2025-12-27
GLv1ZB,cn22,2025-12-27
wV6X7w,gyeonggi-integrated-data-centre,2025-12-27
qR0xAR,equinix-da2,2025-12-27
B7QjJG,butere-data-center,2025-12-27
BJrb8B,lumen-technologies-san-antonio-2,2025-12-27
Gddl4G,meta-fort-worth,2025-12-27
R2Lexw,google-north-weald-airfield,2025-12-27
GlWNnR,vnpt-cần-thơ,2025-12-27
BX6DaG,sb2,2025-12-27
G33QyG,hk10,2025-12-27
B72dbw,in1,2025-12-27
G6bN3G,orange-evere-1,2025-12-27
R8mKMG,penzance-chantilly-premier,2025-12-27
BEWqdG,sb1-gap,2025-12-27
RvPgaw,nocix-201-east-16th-ave--,2025-12-27
Gaga9B,joe's-datacenter,2025-12-27
RvA7MB,sao-paulo-3,2025-12-27
w53EYR,lumen-technologies-lubbock-1,2025-12-27
G3MdkB,databank-dfw5,2025-12-27
BgAozG,stream-dfw-v,2025-12-27
w9EjKw,microsoft-westover-hills-campus,2025-12-27
XRjrmR,equinix-da6,2025-12-27
wOQnQR,google-midlothian-texas,2025-12-27
BgqAxG,stream-data-centers-houston-i-the-woodlands,2025-12-27
R0mdgG,fort-wayne0,2025-12-27
Gk3q6G,microsoft-texas-research-park,2025-12-27
woQxkR,databank-dfw6,2025-12-27
GWM81B,databank-dfw2,2025-12-27
R8JnMw,data-center-angonap-luanda,2025-12-27
Bb0A0G,tojnet,2025-12-27
RN9dlB,zamengoe-data-denter,2025-12-27
GyPJyR,lumen-technologies-houston-3,2025-12-27
G6QJxR,orange-douala,2025-12-27
GamW9G,evoque-cyxtera-da2,2025-12-27
RjWbQG,paratus-dc1,2025-12-27
weNnDB,stack-dfw01b,2025-12-27
GrVM4G,paratus-dc2,2025-12-27
wOv1AG,aboutbit-indiana,2025-12-27
G6E7PR,provision-data-services-live-oak-street,2025-12-27
wodvbB,stack-dfw01a,2025-12-27
wMAr5w,egypt-2,2025-12-27
BA77eG,abidjan-data-center,2025-12-27
GdAr4w,egypt-6,2025-12-27
BELXLw,cairo-1-data-center-,2025-12-27
RpZkLw,abidjan-datacenter,2025-12-27
GnqkQR,orange-grand-bassam,2025-12-27
B72A8w,ao1,2025-12-27
GlX6VG,bangalore-internet-data-centre-3,2025-12-27
wVV8Qw,et1,2025-12-27
B1Ay4B,jiangnan-big-data-industrial-park,2025-12-27
BPv14G,civ1,2025-12-27
R2rlbR,djibouti-city-2,2025-12-27
BqW8MG,uniserve-vancouver,2025-12-27
R8JdDw,uvic-enterprise-data-centre,2025-12-27
wMrxrB,eth1,2025-12-27
B7Q9eG,cogent-communications-anaheim,2025-12-27
G6aEgR,egypt-4,2025-12-27
R0Zm5w,egypt-5,2025-12-27
weXx4G,faisal-bank-data-center,2025-12-27
GDroeB,accra-data-center,2025-12-27
PBPpbB,gpx-global-cairo-1,2025-12-27
BA3YmG,sao-paulo-6,2025-12-27
RN8eow,egypt-3,2025-12-27
Gkpo0w,6th-of-october,2025-12-27
GrZv4G,nac-data-centre,2025-12-27
BXp8dB,maadi-data-center,2025-12-27
GnqmnR,eiserfeld-data-center,2025-12-27
w9L08G,appolonia-data-center,2025-12-27
B7QqvG,new-cairo,2025-12-27
RjPJQw,ramses-exchange,2025-12-27
B7Q3QG,uralsk,2025-12-27
RYyVOR,lba1,2025-12-27
RpZ8Dw,paderbonn-data-center,2025-12-27
GWMpEB,kaase-data-center,2025-12-27
bBXKaw,onix-accra-1,2025-12-27
Gz43pB,egypt-cyber-center,2025-12-27
RxYPeG,egypt-1,2025-12-27
RYyjaR,dus1,2025-12-27
RpYnmG,ntt-global-data-centers-rhine-ruhr-1,2025-12-27
Gm5NLG,cgn01,2025-12-27
Gz4x7B,data-center-losheim-,2025-12-27
GrZ0gG,acc1,2025-12-27
woQd5R,legon-data-center,2025-12-27
Rpq7dG,premier-towers-,2025-12-27
8RvqMB,edgeconnex-edcric01,2025-12-27
R4Z0Xw,sakaman-data-center,2025-12-27
BPbzpG,paix-acc-1,2025-12-27
w5z1qB,cologne-data-center,2025-12-27
Bqlmaw,seeconnect-konstanz,2025-12-27
B7V2Jw,morocco-3,2025-12-27
wMLErG,daisy-group-manchester-serverbank,2025-12-27
BgJ14w,casablanca-2,2025-12-27
GLPWAG,dus001,2025-12-27
GaD36R,dus2,2025-12-27
RYqJeR,dus3,2025-12-27
qGL84G,equinix-du1,2025-12-27
lR8zVw,dusseldorf-1,2025-12-27
RKldDG,hortolândia-4,2025-12-27
G3YlyB,dusseldorf,2025-12-27
Gz45DB,dus01,2025-12-27
GdrLbB,diamniadio-data-center-2,2025-12-27
ARNW6G,surfplanet-surfplanet-data-center,2025-12-27
BXZ61G,morocco-2,2025-12-27
EG6Knw,datacenter-tunisia,2025-12-27
R4Zaow,nouaceur---sapino,2025-12-27
wOm4ZR,beijing-branch-data-center,2025-12-27
GaZk6w,inwi-rabat-technopolis,2025-12-27
BbYn6w,sidi-maarouf,2025-12-27
RQZXnG,yizhuang-boxing-data-center,2025-12-27
BPJbyG,benguerir-data-center,2025-12-27
Vw5EYw,dc-i,2025-12-27
GD9bYw,dc-ii,2025-12-27
jBEXdw,etix-datacenter,2025-12-27
BEW5VG,diamniadio-data-center-1,2025-12-27
jBEe3B,tunisiaeo-datacenter,2025-12-27
BJvrZB,mpm1,2025-12-27
BXpzaB,consolidated-communications-citrus-heights,2025-12-27
B13MOG,tmp-data-center,2025-12-27
nR2EbB,medasys-maroc-datacenter-temara,2025-12-27
wMm0nw,data-lusaka-data-center,2025-12-27
w5zp8B,national-data-centre-1,2025-12-27
R8mxWG,onix-dakar-1,2025-12-27
RYqyAR,oadc-mogadishu,2025-12-27
RxZldw,paratus-zambia-data-center,2025-12-27
woQMeR,ug1,2025-12-27
weXY9G,mz1,2025-12-27
Gk3pXG,rufisque-data-center,2025-12-27
GkpVNw,cec-tokyo-no-1-data-center,2025-12-27
R8JLPw,carrianna-kwai-chung-data-center,2025-12-27
GDrWDB,digital-west-san-luis-obispo,2025-12-27
jBE0Yw,iron-mountain-sin-1,2025-12-27
R4Z83w,stt-singapore-3-(defu),2025-12-27
DR4lVR,keppel-data-centres-singapore-3,2025-12-27
wOQErR,ntt-communications-corporation-singapore-serangoon,2025-12-27
mGr9KR,equinix-sg2,2025-12-27
XRjAJB,stt-singapore-2-(defu),2025-12-27
GlWMZR,k2-karawang,2025-12-27
RjxENw,singtel-dc-west,2025-12-27
GddDqG,equinix-sg5,2025-12-27
rGkl5w,keppel-data-centres-singapore-4,2025-12-27
BALjAw,bdx-hkg2,2025-12-27
wMrLVB,inzai-4,2025-12-27
GaZXXw,sin11-(loyang),2025-12-27
woWJ1w,loyang,2025-12-27
Gne7VR,fuling-cloud-computing-big-data-center,2025-12-27
wOm0AR,comlink-data-centre,2025-12-27
2GdAOw,sin12-(loyang-2),2025-12-27
Gnoxkw,stt-singapore-6-(loyang),2025-12-27
RpqAmG,china-mobile-east-data-center,2025-12-27
R2rObR,aws-loyang,2025-12-27
w53jYR,aws-jurong,2025-12-27
GlXEgG,mapletree-industrial-sunview-1,2025-12-27
B72NQw,alibaba-nantong-data-centre-campus,2025-12-27
Gkx05w,sng-3,2025-12-27
G33X3G,sg1,2025-12-27
GagV3B,pulse-dc,2025-12-27
wMrl5B,interactive-brisbane,2025-12-27
RxPKaR,adc-mitchell,2025-12-27
Bb0exG,ec20-gold-coast,2025-12-27
GyPl1R,360-st-pauls-terrace-sanity-dc1,2025-12-27
GlP2eG,tierpoint-archer-data-center,2025-12-27
Bg0Y4R,ntl1-newcastle,2025-12-27
bBX0PB,cologix-jax2,2025-12-27
RN9J6B,newcastle-data-centres,2025-12-27
Rp7PdB,valero-energy-data-center,2025-12-27
GDoZpR,hattiesburg,2025-12-27
RNe06B,wellington-exchange,2025-12-27
Bg0jxR,ic4,2025-12-27
B1Ae6B,alibaba-zhongdu-grassland-data-center,2025-12-27
RKl1VG,alibaba-zhangbei-miaotan-data-center,2025-12-27
BgVpKw,oneas1a-chai-wan-–-e-trade-plaza,2025-12-27
wMLXnG,kwai-chung-(hkg3)-data-center,2025-12-27
GLPEbG,telstra-hong-kong-cloud-space-1,2025-12-27
GnoEyw,pccw-solutions-mcx-5-sheung-wan,2025-12-27
wOQ4gR,oneas1a-kowloon-bay-–-legan-centre,2025-12-27
w9En7w,acure-dc1,2025-12-27
RpYY5G,hong-kong-cloud-space-2-(hkcs2),2025-12-27
GyPYOR,tyo7,2025-12-27
BbYPLw,agricultural-bank-of-china-shanghai-dc,2025-12-27
BPLM4B,goodman-tsukuba-city-business-park,2025-12-27
RvADAB,towngas-telecom-tgt-hong-kong-data-centre-1,2025-12-27
GnebVR,shangding-data-center,2025-12-27
GrZd5G,telehouse-beijing-bda,2025-12-27
GloeeR,northern-data-center,2025-12-27
BJLX8G,jiuxianqiao-cloud-computing-center,2025-12-27
BXNr1G,bank-of-shanghai-data-processing-center,2025-12-27
GDobnR,back-office-service-center,2025-12-27
RxZDKw,data-center-(haidian),2025-12-27
w5Wd3R,allinfnt-finance-and-technology-development-golden-bridge-data-center,2025-12-27
R2ZdLR,allinfnt-finance-and-technology-development-tangzhen-data-center,2025-12-27
BJr5zB,data-center-blue-cross-blue-shield,2025-12-27
GZonow,bank-of-east-asia-(bea)-shanghai-dc,2025-12-27
Gyk8ZB,china-life-insurance-group-china-life-insurance-data-center,2025-12-27
w9Z2EB,dongzhimen-cloud-computing-center,2025-12-27
R2ZlxR,china-merchants-bank-shanghai-dc,2025-12-27
B1X56w,canadian-web-hosting-dc3,2025-12-27
BPbnkG,shanghai-ground-communication-network-republic-data-center,2025-12-27
G3MPYB,beijing-yinke-building,2025-12-27
wMm64w,shunyi-data-center,2025-12-27
GyZr1w,huailai-ruibei-cloud-data-center,2025-12-27
GzZoVG,shanghai-huayu-electronic-engineering-financial-ak-cloud-base,2025-12-27
GZ1eLR,tianjin-high-tech-cloud-data-center,2025-12-27
Bg0VzR,shanghai-city-land-lingang-intelligent-technology-innovation-industrial-park-project,2025-12-27
Bg04QR,tencent-tianjin-binhai-data-centre,2025-12-27
RKl8ZG,shanghai-new-generation-urban-computing-and-data-intelligence-base-internet-data-center-project,2025-12-27
BgV40w,tencent-shanghai-qingpu-data-center,2025-12-27
BqXj7w,shanghai-youfu-computer-network-co---ltd-lingang-big-data-platform,2025-12-27
GD9Y1w,shanghai-youfu-computer-network-co---ltd-national-dc-(guoding-data-center),2025-12-27
RY683G,shanghai-athub-baoshan-data-center,2025-12-27
wMmXrw,yizhuang-tongji-data-center,2025-12-27
R4Z9Lw,shanghai-ground-communication-network-jiading-data-center,2025-12-27
RxZ3ew,wanda-cloud-computing-data-center,2025-12-27
wOLvPB,the-core-campus-las-vegas-15,2025-12-27
GDoxpR,microsoft-nevada,2025-12-27
R2nY4R,beijing-guomen-computer-room,2025-12-27
GrvnKG,karakida-2-project,2025-12-27
R2npbR,lenovo-corporate-research-and-development-center,2025-12-27
RjWJzG,the-core-campus-las-vegas-5,2025-12-27
Grv77G,singapore-9,2025-12-27
RN9X8B,maqiao-data-center,2025-12-27
R0adKG,21vianet-group-baoshan-jiyun,2025-12-27
Gm5D9G,b28,2025-12-27
BblerG,pavlodar,2025-12-27
B72Jrw,dc2ankr,2025-12-27
PGydLR,vnet-bj06,2025-12-27
B13jQG,vantage-osaka-2,2025-12-27
BgAXKG,ipc2-data-center,2025-12-27
BX6xJG,dc1ankr,2025-12-27
wod8eB,1400-cross-beam-dr-charlotte,2025-12-27
Gno2gw,maiden-north-carolina,2025-12-27
GmxvJR,raleigh-data-center-celito,2025-12-27
GDov5R,sao-paulo-5,2025-12-27
BELJow,bog2,2025-12-27
w9EY2w,lenoir-north-carolina,2025-12-27
GzZ0jG,infomaniak-satigny,2025-12-27
R4k5AB,dc-iii,2025-12-27
BEox3G,mb2-,2025-12-27
GamVXG,stt-vng-ho-chi-minh-1,2025-12-27
wOmadR,inj-building,2025-12-27
Gm5pDG,epfl-cct,2025-12-27
RjP9yw,data-centre-infomaniak,2025-12-27
ARNgYG,equinix-gv2,2025-12-27
Bgq6mG,nlighten-geneva-data-center,2025-12-27
RQ355w,fuchu-campus-phase-iii-and-apollo-3,2025-12-27
B1A26B,ma-building,2025-12-27
RN8mZw,infomaniak-carouge,2025-12-27
Vw5bEB,equinix-gv1,2025-12-27
B1pxOw,alpine-dc-lausanne,2025-12-27
GLPY5G,gigaplex,2025-12-27
B72nLw,213-n-harrington-st,2025-12-27
B1Xk8w,cisco-raleigh,2025-12-27
BX6mVG,301-s-elm-st,2025-12-27
Gn4gnB,research-triangle-park,2025-12-27
RjW4JG,731-e-trade-street,2025-12-27
GmxJrR,marble-north-carolina,2025-12-27
RvPprw,asheville,2025-12-27
Rjxezw,swisscenter-wtc-lausanne,2025-12-27
RQnejG,dxc-technology-petaling-jaya,2025-12-27
BgV3rw,swisscom-geneva-montbrillant,2025-12-27
6w9lkG,gen01,2025-12-27
GzY27R,greensboro-dynamic-quest,2025-12-27
Rp7ADB,durham-dell,2025-12-27
2GdyPw,cologix-tor2-3,2025-12-27
EG6a3R,osaka-2-(kix11),2025-12-27
weNzLB,flexential-raleigh,2025-12-27
GzYvER,9626-david-taylor-dr,2025-12-27
RxPQvR,9014-research-dr-charlotte,2025-12-27
BA31AG,rtp-lenovo,2025-12-27
BA39aG,raleigh-data-center-lightedge,2025-12-27
Rp7vmB,4021-rose-lake-dr,2025-12-27
wearLw,dgn-teknoloji-bursa,2025-12-27
GLoAQR,microsoft-boyd-farms,2025-12-27
BqWmEG,prioritycolo-tor2,2025-12-27
R0aP5G,facebook-forest-city,2025-12-27
GlW07R,microsoft-stover,2025-12-27
RKZQDB,rosman,2025-12-27
Rp755B,rtp,2025-12-27
RYqbmR,rtp-data-center,2025-12-27
GdreLB,datachambers-winston-salem,2025-12-27
RKZkqB,charlotte-tiaa,2025-12-27
GLo7qR,sao-paulo-4,2025-12-27
B1Xr4w,clt1,2025-12-27
RvD1Mw,datahouse-ru-copper-foil,2025-12-27
RpYrdG,dc77-data-center-slavyansky,2025-12-27
Gz4WjB,dataplanet-data-center,2025-12-27
GWpKbw,raleigh---rtp,2025-12-27
B1Xo4w,raleigh,2025-12-27
GWpJ1w,teranet-mississauga,2025-12-27
RKZoeB,charlotte---center-park,2025-12-27
Gn4akB,charlotte---north-myers,2025-12-27
RQL9eB,8921-research-dr-charlotte,2025-12-27
RNeeZB,aflow-ml1,2025-12-27
GDog4R,chirisa-technology-parks-ctp-campus,2025-12-27
RjmWyB,indiana-data-center,2025-12-27
RN8a6w,ori-net,2025-12-27
BqW2yG,durham-nc,2025-12-27
RYqAOR,indy-telcom-center,2025-12-27
R8J4Dw,evansville,2025-12-27
R2rd6R,indianapolis-data-center-expedient,2025-12-27
GyP89R,lumen-technologies-indianapolis,2025-12-27
Gdr9NB,lumen-technologies-south-bend-1,2025-12-27
w53dvR,indiana-data-centre,2025-12-27
R4Jd5w,ind1,2025-12-27
2GdrrB,edgeconnex-edcmem01,2025-12-27
BPJK8G,fort-wayne,2025-12-27
weNkLB,eastgate-,2025-12-27
GDoxeR,data-centre---wintek,2025-12-27
BJrXrB,solis-idc,2025-12-27
RNnA0R,edgeconnex-edcams03,2025-12-27
wOQMDR,mcn-telecom-data-center,2025-12-27
wOvkZG,os4x,2025-12-27
GaAp6G,jeju-cloud-data-centre,2025-12-27
wOLmnB,hyundai-auto-ever-gwangju-data-centre,2025-12-27
RQL11B,us-signal-indianapolis,2025-12-27
RpZmLw,csl-kean-nakorn,2025-12-27
GD9mYw,ntt-global-data-centers-tokyo-no--4,2025-12-27
Gnq8QR,csl-cmbp,2025-12-27
G3Ml3B,osaka-4-(kix13),2025-12-27
qB1Lew,equinix-sy3,2025-12-27
RKlK5G,pdg-jc2,2025-12-27
RpZJ5w,kominfo-east-kalimantan,2025-12-27
BqZ20R,akashi-data-center,2025-12-27
BJL0rG,osaka-3-(kix12),2025-12-27
BJvQ8B,kominfo-labuan-bojo,2025-12-27
RKvW2B,primacom-data-centre,2025-12-27
XRjDmw,equinix-sy4,2025-12-27
GnedgR,shinsaibashi-data-centre,2025-12-27
BELNdw,tanjung-karang,2025-12-27
BALYaw,bsnl-idc-1,2025-12-27
BE9PdB,trustinfo-data-center,2025-12-27
weJgAB,neucentrix-palembang,2025-12-27
BE9MYB,gds-holdings-sh4,2025-12-27
pGD4oG,equinix-sy6,2025-12-27
GDropB,indokeppel-data-centre-1-(ikdc1),2025-12-27
GWZPER,neucentrix-balikpapan,2025-12-27
wVqPXG,neutcentrlx-pontianak,2025-12-27
R0m0WG,syd56,2025-12-27
RKlJ4G,shinsaibashi-data-center,2025-12-27
B1AYyB,shinmachi-no--2-building,2025-12-27
RvDOyw,syd51,2025-12-27
B1p93w,imaqliq-data-center,2025-12-27
B1QA6B,nextdc-s1,2025-12-27
Gk3l5G,1111-systems-1800-data-center-and-workplace-recovery-center,2025-12-27
GyZVOw,sy10x,2025-12-27
GyYZ1G,syd53,2025-12-27
B72rew,nagpur-,2025-12-27
RQLapB,syd55and57,2025-12-27
GlJoZB,nextdc-s2,2025-12-27
RKlD5G,kitahorie-building,2025-12-27
RQ3jjw,aws-nokes-boulevard,2025-12-27
RN8v6w,kent-road,2025-12-27
BEWL3G,the-core-campus-las-vegas-4---nap4,2025-12-27
GrvPgG,ph1,2025-12-27
RjJzyR,stt-vng-ho-chi-minh-2,2025-12-27
GlozgR,nakatsu-building,2025-12-27
wOmJrR,shin-esaka-building,2025-12-27
wOm6rR,kagoya-dc+,2025-12-27
4RKzeB,h5-data-centers-albuquerque,2025-12-27
wMLzzG,idea-1,2025-12-27
Rv48Aw,digital-horsley-park-esr,2025-12-27
B7mdZG,syd02,2025-12-27
R8V3Dw,osadc-2,2025-12-27
GdJNbB,osaka,2025-12-27
DR4JPw,iomart-dc4--leicester,2025-12-27
RQZo6G,osaka-central-data-center,2025-12-27
B1AlyB,kobe-data-center-ntt,2025-12-27
WRQ95R,stt-delhi-dc3,2025-12-27
GlPPVG,hyd11,2025-12-27
RQLgnB,centrilogic-mississauga-ontario-north,2025-12-27
RjPjEw,the-core-campus-las-vegas-11,2025-12-27
wOvaDG,amazon-web-services-new-albany-ii-(newton),2025-12-27
mG3kxG,centersquare-abq1,2025-12-27
wVAqVG,the-core-campus-las-vegas-7,2025-12-27
GnoJVw,prescient-data-centres-coleraine,2025-12-27
pGD5zw,digital-realty-dfw14,2025-12-27
wOmdoR,hortolândia-6,2025-12-27
dGWmDB,digital-realty-350-east-cermak-road,2025-12-27
B7ov8B,coresite-ch1,2025-12-27
weaeLw,selectel-data-center-dubrovka-1,2025-12-27
gwee4w,digital-realty-600-780-south-federal-street,2025-12-27
BbloLG,kitahama-data-center,2025-12-27
GrZd4G,dojima-data-center,2025-12-27
RKlJZG,takatsu-data-center,2025-12-27
GyZvEw,airoli-(mum2),2025-12-27
weN5zB,per01-and-per02,2025-12-27
GLjxbB,senri-center,2025-12-27
Gz41ZB,osaka-suita,2025-12-27
BqZy1R,telepark-dojima-building-4,2025-12-27
pGDKDR,6-degrees-studley,2025-12-27
weamAw,teletsentr-data-center-ttc-ostankino,2025-12-27
RYK0aw,os3,2025-12-27
wOmzDR,netxdc-mita-sanda-center-2-(sh2),2025-12-27
GdJkqB,aktau,2025-12-27
BA7YeG,osaka-no-2-data-center-(tis-osadc-4),2025-12-27
Vw5N8B,pune-data-centre,2025-12-27
GLjNoB,ic3-super-west,2025-12-27
Bg0NQR,kansai-no-2-data-center-,2025-12-27
G3Mm3B,telepark-dojima-building-1,2025-12-27
w9qnQw,guwahati-,2025-12-27
GDrjeB,osaka-data-center,2025-12-27
Gz4KDB,telepark-dojima-building-3,2025-12-27
GammKG,manila-idc,2025-12-27
3Rx6aw,equinix-ca1,2025-12-27
B1XLew,hume-campus-one-(hu3),2025-12-27
GyZ01w,eight-mile-plains,2025-12-27
wV63Vw,bne,2025-12-27
kGa23w,bne1,2025-12-27
RKZKDB,hume-campus-one-(hu2),2025-12-27
woWPXw,bedburg-data-center,2025-12-27
Bg0nzR,netxdc-mita-sanda-center-1-(sh1),2025-12-27
RjWO8G,abx1-albury,2025-12-27
Gmx9vR,hume-campus-one-(hu1),2025-12-27
GLj0eB,telepark-dojima-building-2,2025-12-27
GDrveB,osadc-3,2025-12-27
w9Erew,brisbane,2025-12-27
RxYpvG,converge-ict-solutions-paranaque,2025-12-27
qB1M3B,centersquare-yyz1,2025-12-27
RvPaAw,mariveles-data-center,2025-12-27
nR26QR,athena-data-centres-athena-data-centre,2025-12-27
R4J1gw,polaris-data-centre,2025-12-27
GDLADG,mn2,2025-12-27
wMPnxG,mn1,2025-12-27
Rv45rw,philippines-carrier-hotel-data-centre,2025-12-27
GyZk9w,dataone-asia-dc,2025-12-27
Gam2XG,techglobal-data-center,2025-12-27
GdJO4B,secure-data-centre-darwin,2025-12-27
Gm5QVG,kyzylorda,2025-12-27
GyZJLw,eastern-data-hub,2025-12-27
GyPmbR,bibra-lake,2025-12-27
RN9mlB,miaas-cloud-data-centre,2025-12-27
GkYb5B,wga1-wagga-wagga,2025-12-27
BPJjpG,rogers-markham-dc1,2025-12-27
Bbl2rG,pasig-complex,2025-12-27
Gz31Aw,ariake-data-centre,2025-12-27
pGDAew,hkcolo-cloud-computing-complex-(telehouse-ccc),2025-12-27
R2nqMR,ec8-traralgon,2025-12-27
wOm9AR,globalconnect-taastrup-iii,2025-12-27
RNejoB,ec11-brisbane,2025-12-27
B7oQZB,sunevision-iadvantage-jumbo,2025-12-27
GyYVLG,le-creusot,2025-12-27
BqWb0G,nextdc-sc1,2025-12-27
GkW1MG,dugny-campus,2025-12-27
RvDeyw,google-hamina,2025-12-27
GlPknG,honolulu,2025-12-27
BgAeWG,data-center-hmsa,2025-12-27
BE8gyw,madhurawada---visakhapatnam-dc,2025-12-27
RxP24R,mtp-data-center,2025-12-27
RjPdNw,shin-sonezaki-data-center,2025-12-27
BA3lxG,uh-it-center-,2025-12-27
JGmpvR,rj1,2025-12-27
RKlA3G,stt-navi-mumbai-dc2-,2025-12-27
GkYvMB,sairam-data-centre,2025-12-27
B1AvQB,stt-navi-mumbai-dc1,2025-12-27
BX6KaG,gujarat-data-center-yotta,2025-12-27
R2nALR,moscow,2025-12-27
wOLPnB,data-center-b208,2025-12-27
GWMV1B,sp5x,2025-12-27
GlPnxG,aligned-iad-03,2025-12-27
BJg9oR,mx2,2025-12-27
RpZEqw,sgp2,2025-12-27
pGDJoB,sp3,2025-12-27
zwOaoR,rj2,2025-12-27
GkpaXw,chennai---orragadam-data-center-park,2025-12-27
RQy41R,sumare-2,2025-12-27
YBgAWG,pulsant-edinburgh-south-gyle,2025-12-27
BE9QoB,hong-kong-exchange-and-clearing-hkex-next-generation-data-center,2025-12-27
RYK5mw,pal-data-centre,2025-12-27
RQZn1G,gateaway-business-park,2025-12-27
bBX1PR,mumbai-dc3-stt,2025-12-27
YBgWOB,equinix-zh4,2025-12-27
XRjKyG,green-datacenter-ag-campus-zurich-west,2025-12-27
kGaV3w,colobern-north,2025-12-27
mGrV1G,ntt-global-data-centers-zurich-1,2025-12-27
QBbdrG,kddi-telehouse-telehouse-shanghai-jinqiao,2025-12-27
R4Z68w,shanghai-dingxiang-data-center,2025-12-27
bGzjdG,cyxtera-hnd1,2025-12-27
WRQ75w,cologix-mtl3,2025-12-27
4RKbZB,cologix-mtl12,2025-12-27
wMmQzw,huizhou-data-centre,2025-12-27
gweqgw,estruxture-mtl-1,2025-12-27
gB7DnR,cologix-lak1,2025-12-27
RxWzLB,dbp-data-center,2025-12-27
BPvb8G,vitro-makati-2,2025-12-27
DBAQ6B,syd1e,2025-12-27
QBb2xB,basis-bay-dc-infra-i---cyberjaya,2025-12-27
RpYdrG,sparkle-seggiano-cassina,2025-12-27
RjxxEw,ntt-global-data-centers-tokyo-no--5,2025-12-27
gB7jPw,equinix-ty5,2025-12-27
Nwo3kw,equinix-ty2,2025-12-27
GrXp7B,oni-telecom-matinha,2025-12-27
WRQ49B,equinix-ty9,2025-12-27
RvDmqw,kddi-telehouse-oyama-data-centre,2025-12-27
2RpmdG,colt-dcs-inzai-1,2025-12-27
qGLv5B,mcc-mitaka-(hnd10-and-hnd11),2025-12-27
GZox3w,at-tokyo-dc2,2025-12-27
RvD9Ow,seeweb-milan,2025-12-27
GykbJB,nomura-research-institute-tokyo-daiichi-data-center,2025-12-27
RNQxYB,idc-frontier-ariake,2025-12-27
wVMvKG,ntt-global-data-centers-saitama-no--1,2025-12-27
GZokdw,ericsson-kirkkonummi,2025-12-27
woXZ1B,globalconnect-ip-only-espoo,2025-12-27
6w9mew,hetzner-online-datacenter-park-helsinki,2025-12-27
BPb5lG,oulun-datacenter-oulu-ii,2025-12-27
GkpQDw,telia-nebula,2025-12-27
Bbn1LB,salt-lake-city-data-center-,2025-12-27
WRQW6w,digital-realty-toronto-yyz10,2025-12-27
GykEEB,chennai-1,2025-12-27
2Gd3PR,stt-mumbai-dc2,2025-12-27
jBEDyw,stt-mumbai-dc1,2025-12-27
GD9kYw,mum1,2025-12-27
qGLVAB,stt-bengaluru-dc2,2025-12-27
GmX0rR,noida-i,2025-12-27
qR03pB,stt-delhi-dc2,2025-12-27
R4Z4Pw,pun1,2025-12-27
R8QaWG,noida-1,2025-12-27
RK81eG,noida-ii,2025-12-27
wOQKQR,wipro-idc,2025-12-27
2RpmVG,mumbai-2---airoli,2025-12-27
JGmYgG,stt-chennai-dc1,2025-12-27
YBqQ7B,stt-bengaluru-dc1,2025-12-27
NwoD5B,mumbai-1---vashi,2025-12-27
RYKxOw,spacelink-data-center,2025-12-27
w9LoEG,equinix-ty11,2025-12-27
GD9JDw,nos-sistemas-imopolis-i,2025-12-27
BALA6w,nos-sistemas-imopolis-ii,2025-12-27
ARNenB,edgeconnex-edcmsp01,2025-12-27
BEWgoG,enovum-data-centers-mtl1,2025-12-27
G3VNyR,cn19,2025-12-27
EG6vxG,sjc15,2025-12-27
RjmlMB,vantage-montreal-i-(qc1),2025-12-27
6w9jKB,2401-and-2403-walsh-avenue-,2025-12-27
Vw51vw,digital-realty-lax11-data-center,2025-12-27
Gno5gw,shanghai-jiading-cloud-computing-centre,2025-12-27
lR8rVw,equinix-sh6,2025-12-27
2RpbDw,digital-realty-720-2nd-street,2025-12-27
R0aepG,oneasia-nantong-data-centre-campus,2025-12-27
BE9EyB,sh05,2025-12-27
8Rv4Ow,edgeconnex-edcsdg01,2025-12-27
GDrVpB,xfernet-los-angeles,2025-12-27
GlJPZB,stream-data-centers-minneapolis-i,2025-12-27
Gz9qER,rackspace-sjc2,2025-12-27
R4ZMLw,google-council-bluffs--iowa-(1),2025-12-27
GrZj8G,chongde-idc,2025-12-27
wMmNxw,taipei-xinyi-idc,2025-12-27
G6QX4R,apple-icloud-china-(guian)-data-center,2025-12-27
BgVymw,aql-leeds-dc5,2025-12-27
R0aMWG,mix-dc1-2-3,2025-12-27
Rx92ZG,asanti-manchester-trafford,2025-12-27
RvD3gw,ans-manoc-4,2025-12-27
WRQZeG,pulsant-newcastle-east,2025-12-27
GykeyB,zen-internet-dc1,2025-12-27
bBXYDR,equinix-sv6,2025-12-27
RNQZ6B,google-jackson-county,2025-12-27
w9EN0w,columbia,2025-12-27
GDr01B,h5-data-centers-nashville,2025-12-27
BgVv0w,montgomery-county-tennessee,2025-12-27
WRQm1R,irvine-(oc2),2025-12-27
woQpKR,cologixsv1,2025-12-27
gweZLB,den2,2025-12-27
R2n06R,hurricane-fremont-2,2025-12-27
QBbleG,edgeconnex-edcsac01,2025-12-27
qR0Nnw,kddi-telehouse-telehouse-los-angeles-center,2025-12-27
RpgnLB,santa-clara-ii-(ca2),2025-12-27
G3MxYB,svy01b,2025-12-27
9RYdmB,equinix-la4,2025-12-27
YBqWdG,edgeconnex-edctal01,2025-12-27
yGl9ew,equinix-sg1,2025-12-27
ARNYVB,equinix-sv5,2025-12-27
DGnnKG,equinix-sv16,2025-12-27
3RxoeB,iron-mountain-azp-1,2025-12-27
RN94oB,the-cofton-centre,2025-12-27
BqZZlR,flexential-deer-valley-data-center,2025-12-27
G6bqnG,master-internet-masterdc-prague,2025-12-27
GykVyB,ttc-teleport-dc1,2025-12-27
bBXnWG,cellnex-telecom-datacenter-gemert,2025-12-27
BALrMw,node4-node4-derby,2025-12-27
wML59G,talktalk-birmingham-data-centre,2025-12-27
w9xbKG,ema1,2025-12-27
PGyYOG,dv1,2025-12-27
RK8e3G,node4-northampton,2025-12-27
Bg0JmR,regional-data-hub,2025-12-27
Bg0YrR,stt-pune-idc3,2025-12-27
GdrENB,shaw-communications-campus-data-centre,2025-12-27
EG6Omw,cologix-van5,2025-12-27
2RpkdB,estruxture-van-2,2025-12-27
R2LVLw,or1-coresite,2025-12-27
PGyV1w,iron-mountain-kcm-1,2025-12-27
DR4WLB,tel-rjukan,2025-12-27
BA7NAG,faria-lima-são-paulo,2025-12-27
GDrd4B,alphaview-barueri,2025-12-27
RpgZAB,at-tokyo-cc2,2025-12-27
GnXqgB,at-tokyo-cc1,2025-12-27
wOQrDR,borsa-istanbul-istanbul,2025-12-27
qR0ZMw,osaka-1-(kix10),2025-12-27
qR0lMR,ice02,2025-12-27
GrXP4B,liray,2025-12-27
qB1ExB,cellnex-telecom-datacenter-lelystad,2025-12-27
woXOlB,san-bernardo,2025-12-27
Gkpj7w,tampere-dc,2025-12-27
w9Zd8B,equinix-da11,2025-12-27
2RpPdR,evoque-cyxtera-dfw1-campus,2025-12-27
rGkXDw,skawina,2025-12-27
BbA1Lw,redhill-data-centre-building-1,2025-12-27
6w9MEw,equinix-wa2,2025-12-27
GWv00R,stekkenbergweg,2025-12-27
YBqEEB,itb2-datacenters-apeldoorn,2025-12-27
R0a1DG,heworth-hall,2025-12-27
9RYp4B,equinix-am3,2025-12-27
XRjEMB,asseco-data-systems-bydgoszcz,2025-12-27
DR4mPG,teledata-uk-delta-house,2025-12-27
GdYZNw,ovh-waw1,2025-12-27
DBAdyw,wcss-data-center,2025-12-27
GLP9bG,microsoft-ams05-ams12,2025-12-27
wVMyoG,vodafone-lisbon,2025-12-27
GW6M1R,atos-barcelona,2025-12-27
wOQgdR,edgeconnex-edcams05,2025-12-27
G3pZ6w,covilha,2025-12-27
GLP3QG,evolink-data-center-sofia-2,2025-12-27
BEo2yG,newtelco-newtelco-ukraine,2025-12-27
GzZydG,cpd-22,2025-12-27
Gkxz5w,torre-real,2025-12-27
B1prew,du-dubai-silicon-oasis,2025-12-27
qBJv5B,gdh-dubai-silicon-oasis-campus,2025-12-27
GL2WeB,osl1-enebakk-bts,2025-12-27
RNQnYB,temuco,2025-12-27
BgVJKw,datatrust,2025-12-27
zwODPB,teknotel-telekom-istanbul,2025-12-27
Gno7ow,sparkle-yenibosna,2025-12-27
BPb4bG,lancom-athens,2025-12-27
EG6n3G,ice01,2025-12-27
BgVL4w,kao-northolt,2025-12-27
bBXLNB,digital-realty-phx15,2025-12-27
BA3ZyG,cst-hq-data-center,2025-12-27
wOQ9kR,av--huérfanos,2025-12-27
wMLP4G,santiago,2025-12-27
w9ZX7B,3065-gold-camp-drive,2025-12-27
RpqrLG,united-finance-data-centre,2025-12-27
RpZ6Aw,gtr-campus-reichold,2025-12-27
DGn9OR,equinix-os1,2025-12-27
RYM7AR,neidc-dammam052,2025-12-27
BAy1PB,desarrolladora-de-zonas-francas-zf-towers-dcl38,2025-12-27
wVAJ9G,cyrusone-london-iv-84,2025-12-27
Gk3DWG,urbacon-dc4,2025-12-27
WRQJJG,digiplex-denmark-copenhagen-cop01,2025-12-27
GlJrzB,vantage-data-centers-quincy-campus,2025-12-27
wean3w,isc-isc-comunicaciones-data-center,2025-12-27
Bgq8rG,aix-fra-1,2025-12-27
YBgvOw,equinix-ba1,2025-12-27
RYK7Nw,csp01,2025-12-27
PGyq9G,sfo3,2025-12-27
GD95bw,junet-data-centre,2025-12-27
R4oOgB,infracom-goteborg,2025-12-27
VwMeWw,stt-kolkata-dc1-,2025-12-27
